InvoiceNo,StockCode,Description,Quantity,InvoiceDate,UnitPrice,CustomerID,Country,Revenue,OrderYear,OrderMonthNumber,OrderMonthName,OrderDayName
581587,22631,CIRCUS PARADE LUNCH BOX,12,2011-12-09 12:50:00,1.95,12680,France,23.4,2011,12,December,Friday
581587,22556,PLASTERS IN TIN CIRCUS PARADE,12,2011-12-09 12:50:00,1.65,12680,France,19.799999999999997,2011,12,December,Friday
581587,22555,PLASTERS IN TIN STRONGMAN,12,2011-12-09 12:50:00,1.65,12680,France,19.799999999999997,2011,12,December,Friday
581587,22728,ALARM CLOCK BAKELIKE PINK,4,2011-12-09 12:50:00,3.75,12680,France,15.0,2011,12,December,Friday
581587,22727,ALARM CLOCK BAKELIKE RED,4,2011-12-09 12:50:00,3.75,12680,France,15.0,2011,12,December,Friday
581587,22726,ALARM CLOCK BAKELIKE GREEN,4,2011-12-09 12:50:00,3.75,12680,France,15.0,2011,12,December,Friday
581587,22730,ALARM CLOCK BAKELIKE IVORY,4,2011-12-09 12:50:00,3.75,12680,France,15.0,2011,12,December,Friday
581587,22367,CHILDRENS APRON SPACEBOY DESIGN,8,2011-12-09 12:50:00,1.95,12680,France,15.6,2011,12,December,Friday
581587,22629,SPACEBOY LUNCH BOX,12,2011-12-09 12:50:00,1.95,12680,France,23.4,2011,12,December,Friday
581587,23256,CHILDRENS CUTLERY SPACEBOY,4,2011-12-09 12:50:00,4.15,12680,France,16.6,2011,12,December,Friday
581587,22613,PACK OF 20 SPACEBOY NAPKINS,12,2011-12-09 12:50:00,0.85,12680,France,10.2,2011,12,December,Friday
581587,22899,CHILDREN'S APRON DOLLY GIRL,6,2011-12-09 12:50:00,2.1,12680,France,12.600000000000001,2011,12,December,Friday
581587,23254,CHILDRENS CUTLERY DOLLY GIRL,4,2011-12-09 12:50:00,4.15,12680,France,16.6,2011,12,December,Friday
581587,23255,CHILDRENS CUTLERY CIRCUS PARADE,4,2011-12-09 12:50:00,4.15,12680,France,16.6,2011,12,December,Friday
581587,22138,BAKING SET 9 PIECE RETROSPOT,3,2011-12-09 12:50:00,4.95,12680,France,14.850000000000001,2011,12,December,Friday
581586,22061,LARGE CAKE STAND  HANGING STRAWBERY,8,2011-12-09 12:49:00,2.95,13113,United Kingdom,23.6,2011,12,December,Friday
581586,23275,SET OF 3 HANGING OWLS OLLIE BEAK,24,2011-12-09 12:49:00,1.25,13113,United Kingdom,30.0,2011,12,December,Friday
581586,21217,RED RETROSPOT ROUND CAKE TINS,24,2011-12-09 12:49:00,8.95,13113,United Kingdom,214.79999999999998,2011,12,December,Friday
581586,20685,DOORMAT RED RETROSPOT,10,2011-12-09 12:49:00,7.08,13113,United Kingdom,70.8,2011,12,December,Friday
581585,22481,BLACK TEA TOWEL CLASSIC DESIGN,12,2011-12-09 12:31:00,0.39,15804,United Kingdom,4.68,2011,12,December,Friday
581585,22915,ASSORTED BOTTLE TOP  MAGNETS,24,2011-12-09 12:31:00,0.19,15804,United Kingdom,4.5600000000000005,2011,12,December,Friday
581585,22178,VICTORIAN GLASS HANGING T-LIGHT,12,2011-12-09 12:31:00,1.95,15804,United Kingdom,23.4,2011,12,December,Friday
581585,22460,EMBOSSED GLASS TEALIGHT HOLDER,12,2011-12-09 12:31:00,1.25,15804,United Kingdom,15.0,2011,12,December,Friday
581585,84832,ZINC WILLIE WINKIE  CANDLE STICK,24,2011-12-09 12:31:00,0.85,15804,United Kingdom,20.4,2011,12,December,Friday
581585,23084,RABBIT NIGHT LIGHT,12,2011-12-09 12:31:00,2.08,15804,United Kingdom,24.96,2011,12,December,Friday
581585,84879,ASSORTED COLOUR BIRD ORNAMENT,16,2011-12-09 12:31:00,1.69,15804,United Kingdom,27.04,2011,12,December,Friday
581585,84945,MULTI COLOUR SILVER T-LIGHT HOLDER,24,2011-12-09 12:31:00,0.85,15804,United Kingdom,20.4,2011,12,December,Friday
581585,22113,GREY HEART HOT WATER BOTTLE,4,2011-12-09 12:31:00,4.25,15804,United Kingdom,17.0,2011,12,December,Friday
581585,23356,LOVE HOT WATER BOTTLE,3,2011-12-09 12:31:00,5.95,15804,United Kingdom,17.85,2011,12,December,Friday
581585,22726,ALARM CLOCK BAKELIKE GREEN,8,2011-12-09 12:31:00,3.75,15804,United Kingdom,30.0,2011,12,December,Friday
581585,22727,ALARM CLOCK BAKELIKE RED,4,2011-12-09 12:31:00,3.75,15804,United Kingdom,15.0,2011,12,December,Friday
581585,16016,LARGE CHINESE STYLE SCISSOR,10,2011-12-09 12:31:00,0.85,15804,United Kingdom,8.5,2011,12,December,Friday
581585,21916,SET 12 RETRO WHITE CHALK STICKS,24,2011-12-09 12:31:00,0.42,15804,United Kingdom,10.08,2011,12,December,Friday
581585,84692,BOX OF 24 COCKTAIL PARASOLS,25,2011-12-09 12:31:00,0.42,15804,United Kingdom,10.5,2011,12,December,Friday
581585,84946,ANTIQUE SILVER T-LIGHT GLASS,12,2011-12-09 12:31:00,1.25,15804,United Kingdom,15.0,2011,12,December,Friday
581585,21684,SMALL MEDINA STAMPED METAL BOWL,12,2011-12-09 12:31:00,0.85,15804,United Kingdom,10.2,2011,12,December,Friday
581585,22398,MAGNETS PACK OF 4 SWALLOWS,12,2011-12-09 12:31:00,0.39,15804,United Kingdom,4.68,2011,12,December,Friday
581585,23328,SET 6 SCHOOL MILK BOTTLES IN CRATE,4,2011-12-09 12:31:00,3.75,15804,United Kingdom,15.0,2011,12,December,Friday
581585,23145,ZINC T-LIGHT HOLDER STAR LARGE,12,2011-12-09 12:31:00,0.95,15804,United Kingdom,11.399999999999999,2011,12,December,Friday
581585,22466,FAIRY TALE COTTAGE NIGHT LIGHT,12,2011-12-09 12:31:00,1.95,15804,United Kingdom,23.4,2011,12,December,Friday
581584,20832,RED FLOCK LOVE HEART PHOTO FRAME,72,2011-12-09 12:25:00,0.72,13777,United Kingdom,51.839999999999996,2011,12,December,Friday
581584,85038,6 CHOCOLATE LOVE HEART T-LIGHTS,48,2011-12-09 12:25:00,1.85,13777,United Kingdom,88.80000000000001,2011,12,December,Friday
581583,20725,LUNCH BAG RED RETROSPOT,40,2011-12-09 12:23:00,1.45,13777,United Kingdom,58.0,2011,12,December,Friday
581583,85038,6 CHOCOLATE LOVE HEART T-LIGHTS,36,2011-12-09 12:23:00,1.85,13777,United Kingdom,66.60000000000001,2011,12,December,Friday
581582,23552,BICYCLE PUNCTURE REPAIR KIT,6,2011-12-09 12:21:00,2.08,17581,United Kingdom,12.48,2011,12,December,Friday
581582,23498,CLASSIC BICYCLE CLIPS,12,2011-12-09 12:21:00,1.45,17581,United Kingdom,17.4,2011,12,December,Friday
581581,23562,SET OF 6 RIBBONS PERFECTLY PRETTY,6,2011-12-09 12:20:00,2.89,17581,United Kingdom,17.34,2011,12,December,Friday
581581,23561,SET OF 6 RIBBONS PARTY,6,2011-12-09 12:20:00,2.89,17581,United Kingdom,17.34,2011,12,December,Friday
581581,23681,LUNCH BAG RED VINTAGE DOILY,10,2011-12-09 12:20:00,1.65,17581,United Kingdom,16.5,2011,12,December,Friday
581580,23334,IVORY WICKER HEART SMALL,4,2011-12-09 12:20:00,0.63,12748,United Kingdom,2.52,2011,12,December,Friday
581580,21790,VINTAGE SNAP CARDS,1,2011-12-09 12:20:00,0.85,12748,United Kingdom,0.85,2011,12,December,Friday
581580,84993A,75 GREEN PETIT FOUR CASES,2,2011-12-09 12:20:00,0.42,12748,United Kingdom,0.84,2011,12,December,Friday
581580,22906,12 MESSAGE CARDS WITH ENVELOPES,1,2011-12-09 12:20:00,1.65,12748,United Kingdom,1.65,2011,12,December,Friday
581580,21803,CHRISTMAS TREE STAR DECORATION,2,2011-12-09 12:20:00,0.42,12748,United Kingdom,0.84,2011,12,December,Friday
581580,21809,CHRISTMAS HANGING TREE WITH BELL,2,2011-12-09 12:20:00,0.39,12748,United Kingdom,0.78,2011,12,December,Friday
581580,20974,12 PENCILS SMALL TUBE SKULL,1,2011-12-09 12:20:00,0.65,12748,United Kingdom,0.65,2011,12,December,Friday
581580,23338,EGG FRYING PAN RED,1,2011-12-09 12:20:00,2.08,12748,United Kingdom,2.08,2011,12,December,Friday
581580,85049A,TRADITIONAL CHRISTMAS RIBBONS,1,2011-12-09 12:20:00,1.25,12748,United Kingdom,1.25,2011,12,December,Friday
581580,23126,FELTCRAFT GIRL AMELIE KIT,1,2011-12-09 12:20:00,4.95,12748,United Kingdom,4.95,2011,12,December,Friday
581580,22695,WICKER WREATH SMALL,1,2011-12-09 12:20:00,0.59,12748,United Kingdom,0.59,2011,12,December,Friday
581580,22144,CHRISTMAS CRAFT LITTLE FRIENDS,1,2011-12-09 12:20:00,2.1,12748,United Kingdom,2.1,2011,12,December,Friday
581580,22908,PACK OF 20 NAPKINS RED APPLES,2,2011-12-09 12:20:00,0.85,12748,United Kingdom,1.7,2011,12,December,Friday
581580,22894,TABLECLOTH RED APPLES DESIGN,2,2011-12-09 12:20:00,9.95,12748,United Kingdom,19.9,2011,12,December,Friday
581580,22704,WRAP RED APPLES,25,2011-12-09 12:20:00,0.42,12748,United Kingdom,10.5,2011,12,December,Friday
581580,22721,SET OF 3 CAKE TINS SKETCHBOOK,1,2011-12-09 12:20:00,1.95,12748,United Kingdom,1.95,2011,12,December,Friday
581580,22816,CARD MOTORBIKE SANTA,24,2011-12-09 12:20:00,0.42,12748,United Kingdom,10.08,2011,12,December,Friday
581580,85049E,SCANDINAVIAN REDS RIBBONS,2,2011-12-09 12:20:00,1.25,12748,United Kingdom,2.5,2011,12,December,Friday
581580,22075,6 RIBBONS ELEGANT CHRISTMAS,2,2011-12-09 12:20:00,0.39,12748,United Kingdom,0.78,2011,12,December,Friday
581580,21351,CINAMMON & ORANGE WREATH,1,2011-12-09 12:20:00,6.75,12748,United Kingdom,6.75,2011,12,December,Friday
581580,22698,PINK REGENCY TEACUP AND SAUCER,1,2011-12-09 12:20:00,2.95,12748,United Kingdom,2.95,2011,12,December,Friday
581580,22567,20 DOLLY PEGS RETROSPOT,1,2011-12-09 12:20:00,1.45,12748,United Kingdom,1.45,2011,12,December,Friday
581580,79321,CHILLI LIGHTS,2,2011-12-09 12:20:00,5.75,12748,United Kingdom,11.5,2011,12,December,Friday
581580,37500,TEA TIME TEAPOT IN GIFT BOX,1,2011-12-09 12:20:00,4.95,12748,United Kingdom,4.95,2011,12,December,Friday
581579,22386,JUMBO BAG PINK POLKADOT,10,2011-12-09 12:19:00,1.79,17581,United Kingdom,17.9,2011,12,December,Friday
581579,22411,JUMBO SHOPPER VINTAGE RED PAISLEY,10,2011-12-09 12:19:00,1.79,17581,United Kingdom,17.9,2011,12,December,Friday
581579,21929,JUMBO BAG PINK VINTAGE PAISLEY,10,2011-12-09 12:19:00,1.79,17581,United Kingdom,17.9,2011,12,December,Friday
581579,85099C,JUMBO  BAG BAROQUE BLACK WHITE,10,2011-12-09 12:19:00,1.79,17581,United Kingdom,17.9,2011,12,December,Friday
581579,20713,JUMBO BAG OWLS,10,2011-12-09 12:19:00,1.79,17581,United Kingdom,17.9,2011,12,December,Friday
581579,21931,JUMBO STORAGE BAG SUKI,10,2011-12-09 12:19:00,1.79,17581,United Kingdom,17.9,2011,12,December,Friday
581579,23199,JUMBO BAG APPLES,30,2011-12-09 12:19:00,1.79,17581,United Kingdom,53.7,2011,12,December,Friday
581579,23353,6 GIFT TAGS VINTAGE CHRISTMAS,12,2011-12-09 12:19:00,0.83,17581,United Kingdom,9.959999999999999,2011,12,December,Friday
581579,23350,ROLL WRAP VINTAGE SPOT,25,2011-12-09 12:19:00,1.25,17581,United Kingdom,31.25,2011,12,December,Friday
581579,23319,BOX OF 6 MINI 50'S CRACKERS,12,2011-12-09 12:19:00,2.49,17581,United Kingdom,29.880000000000003,2011,12,December,Friday
581579,23318,BOX OF 6 MINI VINTAGE CRACKERS,12,2011-12-09 12:19:00,2.49,17581,United Kingdom,29.880000000000003,2011,12,December,Friday
581579,22910,PAPER CHAIN KIT VINTAGE CHRISTMAS,12,2011-12-09 12:19:00,2.95,17581,United Kingdom,35.400000000000006,2011,12,December,Friday
581579,22086,PAPER CHAIN KIT 50'S CHRISTMAS,12,2011-12-09 12:19:00,2.95,17581,United Kingdom,35.400000000000006,2011,12,December,Friday
581579,21121,SET/10 RED POLKADOT PARTY CANDLES,24,2011-12-09 12:19:00,1.25,17581,United Kingdom,30.0,2011,12,December,Friday
581579,23489,VINTAGE BELLS GARLAND,6,2011-12-09 12:19:00,2.89,17581,United Kingdom,17.34,2011,12,December,Friday
581579,23570,TRADITIONAL PICK UP STICKS GAME,12,2011-12-09 12:19:00,1.25,17581,United Kingdom,15.0,2011,12,December,Friday
581579,22993,SET OF 4 PANTRY JELLY MOULDS,12,2011-12-09 12:19:00,1.25,17581,United Kingdom,15.0,2011,12,December,Friday
581579,23480,MINI LIGHTS WOODLAND MUSHROOMS,8,2011-12-09 12:19:00,3.75,17581,United Kingdom,30.0,2011,12,December,Friday
581579,23084,RABBIT NIGHT LIGHT,24,2011-12-09 12:19:00,1.79,17581,United Kingdom,42.96,2011,12,December,Friday
581579,22197,POPCORN HOLDER,24,2011-12-09 12:19:00,0.85,17581,United Kingdom,20.4,2011,12,December,Friday
581579,23293,SET OF 12 FAIRY CAKE BAKING CASES,8,2011-12-09 12:19:00,0.83,17581,United Kingdom,6.64,2011,12,December,Friday
581579,23313,VINTAGE CHRISTMAS BUNTING,15,2011-12-09 12:19:00,4.95,17581,United Kingdom,74.25,2011,12,December,Friday
581579,84347,ROTATING SILVER ANGELS T-LIGHT HLDR,24,2011-12-09 12:19:00,2.55,17581,United Kingdom,61.199999999999996,2011,12,December,Friday
581579,22083,PAPER CHAIN KIT RETROSPOT,6,2011-12-09 12:19:00,2.95,17581,United Kingdom,17.700000000000003,2011,12,December,Friday
581579,23376,PACK OF 12 VINTAGE CHRISTMAS TISSUE,24,2011-12-09 12:19:00,0.39,17581,United Kingdom,9.36,2011,12,December,Friday
581579,22941,CHRISTMAS LIGHTS 10 REINDEER,4,2011-12-09 12:19:00,8.5,17581,United Kingdom,34.0,2011,12,December,Friday
581579,23201,JUMBO BAG ALPHABET,20,2011-12-09 12:19:00,1.79,17581,United Kingdom,35.8,2011,12,December,Friday
581579,23343,JUMBO BAG VINTAGE CHRISTMAS,30,2011-12-09 12:19:00,1.79,17581,United Kingdom,53.7,2011,12,December,Friday
581579,23344,JUMBO BAG 50'S CHRISTMAS,20,2011-12-09 12:19:00,1.79,17581,United Kingdom,35.8,2011,12,December,Friday
581579,23581,JUMBO BAG PAISLEY PARK,40,2011-12-09 12:19:00,1.79,17581,United Kingdom,71.6,2011,12,December,Friday
581578,POST,POSTAGE,3,2011-12-09 12:16:00,18.0,12713,Germany,54.0,2011,12,December,Friday
581578,21124,SET/10 BLUE POLKADOT PARTY CANDLES,24,2011-12-09 12:16:00,1.25,12713,Germany,30.0,2011,12,December,Friday
581578,21122,SET/10 PINK POLKADOT PARTY CANDLES,24,2011-12-09 12:16:00,1.25,12713,Germany,30.0,2011,12,December,Friday
581578,21121,SET/10 RED POLKADOT PARTY CANDLES,24,2011-12-09 12:16:00,1.25,12713,Germany,30.0,2011,12,December,Friday
581578,23389,SPACEBOY MINI BACKPACK,4,2011-12-09 12:16:00,4.15,12713,Germany,16.6,2011,12,December,Friday
581578,22556,PLASTERS IN TIN CIRCUS PARADE,12,2011-12-09 12:16:00,1.65,12713,Germany,19.799999999999997,2011,12,December,Friday
581578,22976,CIRCUS PARADE CHILDRENS EGG CUP,12,2011-12-09 12:16:00,1.25,12713,Germany,15.0,2011,12,December,Friday
581578,23255,CHILDRENS CUTLERY CIRCUS PARADE,12,2011-12-09 12:16:00,4.15,12713,Germany,49.800000000000004,2011,12,December,Friday
581578,84997D,CHILDRENS CUTLERY POLKADOT PINK,8,2011-12-09 12:16:00,4.15,12713,Germany,33.2,2011,12,December,Friday
581578,84997B,CHILDRENS CUTLERY RETROSPOT RED,8,2011-12-09 12:16:00,4.15,12713,Germany,33.2,2011,12,December,Friday
581578,84997C,CHILDRENS CUTLERY POLKADOT BLUE,8,2011-12-09 12:16:00,4.15,12713,Germany,33.2,2011,12,December,Friday
581578,22555,PLASTERS IN TIN STRONGMAN,12,2011-12-09 12:16:00,1.65,12713,Germany,19.799999999999997,2011,12,December,Friday
581578,21914,BLUE HARMONICA IN BOX,12,2011-12-09 12:16:00,1.25,12713,Germany,15.0,2011,12,December,Friday
581578,22549,PICTURE DOMINOES,24,2011-12-09 12:16:00,1.45,12713,Germany,34.8,2011,12,December,Friday
581578,21918,SET 12 KIDS COLOUR  CHALK STICKS,24,2011-12-09 12:16:00,0.42,12713,Germany,10.08,2011,12,December,Friday
581578,22992,REVOLVER WOODEN RULER,12,2011-12-09 12:16:00,1.95,12713,Germany,23.4,2011,12,December,Friday
581578,22991,GIRAFFE WOODEN RULER,12,2011-12-09 12:16:00,1.95,12713,Germany,23.4,2011,12,December,Friday
581578,23229,VINTAGE DONKEY TAIL GAME,6,2011-12-09 12:16:00,3.75,12713,Germany,22.5,2011,12,December,Friday
581578,22622,BOX OF VINTAGE ALPHABET BLOCKS,6,2011-12-09 12:16:00,11.95,12713,Germany,71.69999999999999,2011,12,December,Friday
581578,21506,"FANCY FONT BIRTHDAY CARD, ",12,2011-12-09 12:16:00,0.42,12713,Germany,5.04,2011,12,December,Friday
581578,21507,ELEPHANT BIRTHDAY CARD,12,2011-12-09 12:16:00,0.42,12713,Germany,5.04,2011,12,December,Friday
581578,23037,CANDLE HOLDER SILVER MADELINE,12,2011-12-09 12:16:00,1.65,12713,Germany,19.799999999999997,2011,12,December,Friday
581578,23550,WRAP ALPHABET POSTER,25,2011-12-09 12:16:00,0.42,12713,Germany,10.5,2011,12,December,Friday
581578,22711,WRAP CIRCUS PARADE,25,2011-12-09 12:16:00,0.42,12713,Germany,10.5,2011,12,December,Friday
581578,21497,FANCY FONTS BIRTHDAY WRAP,25,2011-12-09 12:16:00,0.42,12713,Germany,10.5,2011,12,December,Friday
581578,22704,WRAP RED APPLES,25,2011-12-09 12:16:00,0.42,12713,Germany,10.5,2011,12,December,Friday
581578,22585,PACK OF 6 BIRDY GIFT TAGS,12,2011-12-09 12:16:00,1.25,12713,Germany,15.0,2011,12,December,Friday
581578,23205,CHARLOTTE BAG VINTAGE ALPHABET,10,2011-12-09 12:16:00,0.85,12713,Germany,8.5,2011,12,December,Friday
581578,23201,JUMBO BAG ALPHABET,10,2011-12-09 12:16:00,2.08,12713,Germany,20.8,2011,12,December,Friday
581578,23515,EMBROIDERED RIBBON REEL DAISY,6,2011-12-09 12:16:00,2.08,12713,Germany,12.48,2011,12,December,Friday
581578,22081,RIBBON REEL FLORA + FAUNA,10,2011-12-09 12:16:00,1.65,12713,Germany,16.5,2011,12,December,Friday
581578,22080,RIBBON REEL POLKADOTS,10,2011-12-09 12:16:00,1.65,12713,Germany,16.5,2011,12,December,Friday
581578,23298,SPOTTY BUNTING,9,2011-12-09 12:16:00,4.95,12713,Germany,44.550000000000004,2011,12,December,Friday
581578,22993,SET OF 4 PANTRY JELLY MOULDS,12,2011-12-09 12:16:00,1.25,12713,Germany,15.0,2011,12,December,Friday
581578,22907,PACK OF 20 NAPKINS PANTRY DESIGN,12,2011-12-09 12:16:00,0.85,12713,Germany,10.2,2011,12,December,Friday
581578,22908,PACK OF 20 NAPKINS RED APPLES,12,2011-12-09 12:16:00,0.85,12713,Germany,10.2,2011,12,December,Friday
581578,23215,JINGLE BELL HEART ANTIQUE SILVER,12,2011-12-09 12:16:00,2.08,12713,Germany,24.96,2011,12,December,Friday
581578,22736,RIBBON REEL MAKING SNOWMEN,10,2011-12-09 12:16:00,1.65,12713,Germany,16.5,2011,12,December,Friday
581574,22326,ROUND SNACK BOXES SET OF4 WOODLAND,6,2011-12-09 12:09:00,2.95,12526,Germany,17.700000000000003,2011,12,December,Friday
581574,22328,ROUND SNACK BOXES SET OF 4 FRUITS,6,2011-12-09 12:09:00,2.95,12526,Germany,17.700000000000003,2011,12,December,Friday
581574,23199,JUMBO BAG APPLES,10,2011-12-09 12:09:00,2.08,12526,Germany,20.8,2011,12,December,Friday
581574,23581,JUMBO BAG PAISLEY PARK,10,2011-12-09 12:09:00,2.08,12526,Germany,20.8,2011,12,December,Friday
581574,23238,SET OF 4 KNICK KNACK TINS LONDON,6,2011-12-09 12:09:00,4.15,12526,Germany,24.900000000000002,2011,12,December,Friday
581574,23237,SET OF 4 KNICK KNACK TINS LEAF,6,2011-12-09 12:09:00,4.15,12526,Germany,24.900000000000002,2011,12,December,Friday
581574,21257,VICTORIAN SEWING BOX MEDIUM,2,2011-12-09 12:09:00,7.95,12526,Germany,15.9,2011,12,December,Friday
581574,21258,VICTORIAN SEWING BOX LARGE,2,2011-12-09 12:09:00,12.75,12526,Germany,25.5,2011,12,December,Friday
581574,23111,PARISIENNE SEWING BOX,2,2011-12-09 12:09:00,12.5,12526,Germany,25.0,2011,12,December,Friday
581574,22077,6 RIBBONS RUSTIC CHARM,12,2011-12-09 12:09:00,1.95,12526,Germany,23.4,2011,12,December,Friday
581574,22074,6 RIBBONS SHIMMERING PINKS,12,2011-12-09 12:09:00,0.39,12526,Germany,4.68,2011,12,December,Friday
581574,22621,TRADITIONAL KNITTING NANCY,12,2011-12-09 12:09:00,1.65,12526,Germany,19.799999999999997,2011,12,December,Friday
581574,POST,POSTAGE,2,2011-12-09 12:09:00,18.0,12526,Germany,36.0,2011,12,December,Friday
581572,23328,SET 6 SCHOOL MILK BOTTLES IN CRATE,48,2011-12-09 12:08:00,3.39,16705,United Kingdom,162.72,2011,12,December,Friday
581572,22627,MINT KITCHEN SCALES,4,2011-12-09 12:08:00,8.5,16705,United Kingdom,34.0,2011,12,December,Friday
581572,22624,IVORY KITCHEN SCALES,4,2011-12-09 12:08:00,8.5,16705,United Kingdom,34.0,2011,12,December,Friday
581572,23245,SET OF 3 REGENCY CAKE TINS,4,2011-12-09 12:08:00,4.95,16705,United Kingdom,19.8,2011,12,December,Friday
581571,23326,HANGING MINI COLOURED BOTTLES,6,2011-12-09 12:00:00,0.63,15311,United Kingdom,3.7800000000000002,2011,12,December,Friday
581571,21313,GLASS HEART T-LIGHT HOLDER,1,2011-12-09 12:00:00,0.85,15311,United Kingdom,0.85,2011,12,December,Friday
581571,48187,DOORMAT NEW ENGLAND,1,2011-12-09 12:00:00,8.25,15311,United Kingdom,8.25,2011,12,December,Friday
581571,23317,BLUE REFECTORY CLOCK,1,2011-12-09 12:00:00,9.95,15311,United Kingdom,9.95,2011,12,December,Friday
581571,23197,SKETCHBOOK MAGNETIC SHOPPING LIST,4,2011-12-09 12:00:00,1.45,15311,United Kingdom,5.8,2011,12,December,Friday
581571,21012,ANTIQUE ALL GLASS CANDLESTICK,2,2011-12-09 12:00:00,2.1,15311,United Kingdom,4.2,2011,12,December,Friday
581571,22227,HANGING HEART MIRROR DECORATION,10,2011-12-09 12:00:00,0.65,15311,United Kingdom,6.5,2011,12,December,Friday
581571,22794,SWEETHEART WIRE MAGAZINE RACK,1,2011-12-09 12:00:00,7.95,15311,United Kingdom,7.95,2011,12,December,Friday
581571,23182,TOILET SIGN OCCUPIED OR VACANT,1,2011-12-09 12:00:00,0.83,15311,United Kingdom,0.83,2011,12,December,Friday
581571,21755,LOVE BUILDING BLOCK WORD,1,2011-12-09 12:00:00,6.25,15311,United Kingdom,6.25,2011,12,December,Friday
581571,85053,FRENCH ENAMEL CANDLEHOLDER,2,2011-12-09 12:00:00,2.1,15311,United Kingdom,4.2,2011,12,December,Friday
581571,23110,PARISIENNE KEY CABINET,2,2011-12-09 12:00:00,5.75,15311,United Kingdom,11.5,2011,12,December,Friday
581571,21169,YOU'RE CONFUSING ME METAL SIGN,1,2011-12-09 12:00:00,1.69,15311,United Kingdom,1.69,2011,12,December,Friday
581571,21258,VICTORIAN SEWING BOX LARGE,8,2011-12-09 12:00:00,10.95,15311,United Kingdom,87.6,2011,12,December,Friday
581571,23168,CLASSIC CAFE SUGAR DISPENSER,36,2011-12-09 12:00:00,1.04,15311,United Kingdom,37.44,2011,12,December,Friday
581571,23167,SMALL CERAMIC TOP STORAGE JAR,96,2011-12-09 12:00:00,0.69,15311,United Kingdom,66.24,2011,12,December,Friday
581571,21314,SMALL GLASS HEART TRINKET POT,48,2011-12-09 12:00:00,1.85,15311,United Kingdom,88.80000000000001,2011,12,December,Friday
581571,21137,BLACK RECORD COVER FRAME,24,2011-12-09 12:00:00,3.39,15311,United Kingdom,81.36,2011,12,December,Friday
581571,44234,ASSORTED CIRCULAR MOBILE,1,2011-12-09 12:00:00,0.21,15311,United Kingdom,0.21,2011,12,December,Friday
581571,84347,ROTATING SILVER ANGELS T-LIGHT HLDR,24,2011-12-09 12:00:00,2.55,15311,United Kingdom,61.199999999999996,2011,12,December,Friday
581570,22141,CHRISTMAS CRAFT TREE TOP ANGEL,6,2011-12-09 11:59:00,2.1,12662,Germany,12.600000000000001,2011,12,December,Friday
581570,22175,PINK OWL SOFT TOY,6,2011-12-09 11:59:00,2.95,12662,Germany,17.700000000000003,2011,12,December,Friday
581570,21481,FAWN BLUE HOT WATER BOTTLE,4,2011-12-09 11:59:00,3.75,12662,Germany,15.0,2011,12,December,Friday
581570,23570,TRADITIONAL PICK UP STICKS GAME,12,2011-12-09 11:59:00,1.25,12662,Germany,15.0,2011,12,December,Friday
581570,22326,ROUND SNACK BOXES SET OF4 WOODLAND,6,2011-12-09 11:59:00,2.95,12662,Germany,17.700000000000003,2011,12,December,Friday
581570,22331,WOODLAND PARTY BAG + STICKER SET,8,2011-12-09 11:59:00,1.65,12662,Germany,13.2,2011,12,December,Friday
581570,22834,HAND WARMER BABUSHKA DESIGN,12,2011-12-09 11:59:00,2.1,12662,Germany,25.200000000000003,2011,12,December,Friday
581570,21914,BLUE HARMONICA IN BOX,12,2011-12-09 11:59:00,1.25,12662,Germany,15.0,2011,12,December,Friday
581570,22139,RETROSPOT TEA SET CERAMIC 11 PC,3,2011-12-09 11:59:00,4.95,12662,Germany,14.850000000000001,2011,12,December,Friday
581570,23077,DOUGHNUT LIP GLOSS,20,2011-12-09 11:59:00,1.25,12662,Germany,25.0,2011,12,December,Friday
581570,20750,RED RETROSPOT MINI CASES,2,2011-12-09 11:59:00,7.95,12662,Germany,15.9,2011,12,December,Friday
581570,22505,MEMO BOARD COTTAGE DESIGN,4,2011-12-09 11:59:00,4.95,12662,Germany,19.8,2011,12,December,Friday
581570,POST,POSTAGE,1,2011-12-09 11:59:00,18.0,12662,Germany,18.0,2011,12,December,Friday
581567,21417,COCKLE SHELL DISH,84,2011-12-09 11:56:00,0.79,16626,United Kingdom,66.36,2011,12,December,Friday
581567,22464,HANGING METAL HEART LANTERN,24,2011-12-09 11:56:00,0.79,16626,United Kingdom,18.96,2011,12,December,Friday
581567,22465,HANGING METAL STAR LANTERN,24,2011-12-09 11:56:00,0.79,16626,United Kingdom,18.96,2011,12,December,Friday
581567,84971S,SMALL HEART FLOWERS HOOK,48,2011-12-09 11:56:00,0.39,16626,United Kingdom,18.72,2011,12,December,Friday
581567,22624,IVORY KITCHEN SCALES,2,2011-12-09 11:56:00,8.5,16626,United Kingdom,17.0,2011,12,December,Friday
581567,22627,MINT KITCHEN SCALES,2,2011-12-09 11:56:00,8.5,16626,United Kingdom,17.0,2011,12,December,Friday
581567,22625,RED KITCHEN SCALES,2,2011-12-09 11:56:00,8.5,16626,United Kingdom,17.0,2011,12,December,Friday
581567,23355,HOT WATER BOTTLE KEEP CALM,4,2011-12-09 11:56:00,4.95,16626,United Kingdom,19.8,2011,12,December,Friday
581567,21326,AGED GLASS SILVER T-LIGHT HOLDER,144,2011-12-09 11:56:00,0.55,16626,United Kingdom,79.2,2011,12,December,Friday
581567,21479,WHITE SKULL HOT WATER BOTTLE,4,2011-12-09 11:56:00,4.25,16626,United Kingdom,17.0,2011,12,December,Friday
581567,23356,LOVE HOT WATER BOTTLE,3,2011-12-09 11:56:00,5.95,16626,United Kingdom,17.85,2011,12,December,Friday
581567,21137,BLACK RECORD COVER FRAME,24,2011-12-09 11:56:00,3.39,16626,United Kingdom,81.36,2011,12,December,Friday
581566,23404,HOME SWEET HOME BLACKBOARD,144,2011-12-09 11:50:00,3.26,18102,United Kingdom,469.43999999999994,2011,12,December,Friday
581538,23193,BUFFALO BILL TREASURE BOOK BOX,6,2011-12-09 11:34:00,2.25,14446,United Kingdom,13.5,2011,12,December,Friday
581538,23194,GYMKHANA TREASURE BOOK BOX,1,2011-12-09 11:34:00,2.25,14446,United Kingdom,2.25,2011,12,December,Friday
581538,23084,RABBIT NIGHT LIGHT,2,2011-12-09 11:34:00,2.08,14446,United Kingdom,4.16,2011,12,December,Friday
581538,22068,BLACK PIRATE TREASURE CHEST,1,2011-12-09 11:34:00,0.39,14446,United Kingdom,0.39,2011,12,December,Friday
581538,22956,36 FOIL HEART CAKE CASES,1,2011-12-09 11:34:00,0.79,14446,United Kingdom,0.79,2011,12,December,Friday
581538,20936,FORKED CACTUS CANDLE,1,2011-12-09 11:34:00,1.25,14446,United Kingdom,1.25,2011,12,December,Friday
581538,23040,PAPER LANTERN 9 POINT SNOW STAR,1,2011-12-09 11:34:00,5.75,14446,United Kingdom,5.75,2011,12,December,Friday
581538,22909,SET OF 20 VINTAGE CHRISTMAS NAPKINS,1,2011-12-09 11:34:00,0.85,14446,United Kingdom,0.85,2011,12,December,Friday
581538,21222,SET/4 BADGES BEETLES,1,2011-12-09 11:34:00,1.25,14446,United Kingdom,1.25,2011,12,December,Friday
581538,21220,SET/4 BADGES DOGS,1,2011-12-09 11:34:00,1.25,14446,United Kingdom,1.25,2011,12,December,Friday
581538,21224,SET/4 SKULL BADGES,1,2011-12-09 11:34:00,1.25,14446,United Kingdom,1.25,2011,12,December,Friday
581538,85123A,CREAM HANGING HEART T-LIGHT HOLDER,1,2011-12-09 11:34:00,2.95,14446,United Kingdom,2.95,2011,12,December,Friday
581538,22992,REVOLVER WOODEN RULER,1,2011-12-09 11:34:00,1.95,14446,United Kingdom,1.95,2011,12,December,Friday
581538,79066K,RETRO MOD TRAY,1,2011-12-09 11:34:00,0.85,14446,United Kingdom,0.85,2011,12,December,Friday
581538,84380,SET OF 3 BUTTERFLY COOKIE CUTTERS,1,2011-12-09 11:34:00,1.45,14446,United Kingdom,1.45,2011,12,December,Friday
581538,23371,SET 36 COLOUR PENCILS SPACEBOY,1,2011-12-09 11:34:00,1.25,14446,United Kingdom,1.25,2011,12,December,Friday
581538,22694,WICKER STAR,1,2011-12-09 11:34:00,2.1,14446,United Kingdom,2.1,2011,12,December,Friday
581538,22095,LADS ONLY TISSUE BOX,1,2011-12-09 11:34:00,0.39,14446,United Kingdom,0.39,2011,12,December,Friday
581538,23275,SET OF 3 HANGING OWLS OLLIE BEAK,1,2011-12-09 11:34:00,1.25,14446,United Kingdom,1.25,2011,12,December,Friday
581538,21673,WHITE SPOT BLUE CERAMIC DRAWER KNOB,1,2011-12-09 11:34:00,1.45,14446,United Kingdom,1.45,2011,12,December,Friday
581538,21670,BLUE SPOT CERAMIC DRAWER KNOB,1,2011-12-09 11:34:00,1.45,14446,United Kingdom,1.45,2011,12,December,Friday
581538,85071C,"CHARLIE+LOLA""EXTREMELY BUSY"" SIGN",1,2011-12-09 11:34:00,0.39,14446,United Kingdom,0.39,2011,12,December,Friday
581538,23349,ROLL WRAP VINTAGE CHRISTMAS,3,2011-12-09 11:34:00,1.25,14446,United Kingdom,3.75,2011,12,December,Friday
581538,23034,DRAWER KNOB CERAMIC BLACK,1,2011-12-09 11:34:00,1.45,14446,United Kingdom,1.45,2011,12,December,Friday
581538,21669,BLUE STRIPE CERAMIC DRAWER KNOB,1,2011-12-09 11:34:00,1.45,14446,United Kingdom,1.45,2011,12,December,Friday
581538,23033,DRAWER KNOB CERAMIC RED,1,2011-12-09 11:34:00,1.45,14446,United Kingdom,1.45,2011,12,December,Friday
581538,21668,RED STRIPE CERAMIC DRAWER KNOB,1,2011-12-09 11:34:00,1.45,14446,United Kingdom,1.45,2011,12,December,Friday
581538,23318,BOX OF 6 MINI VINTAGE CRACKERS,1,2011-12-09 11:34:00,2.49,14446,United Kingdom,2.49,2011,12,December,Friday
581538,23382,BOX OF 6 CHRISTMAS CAKE DECORATIONS,1,2011-12-09 11:34:00,3.75,14446,United Kingdom,3.75,2011,12,December,Friday
581538,22469,HEART OF WICKER SMALL,1,2011-12-09 11:34:00,1.65,14446,United Kingdom,1.65,2011,12,December,Friday
581538,22899,CHILDREN'S APRON DOLLY GIRL,2,2011-12-09 11:34:00,2.1,14446,United Kingdom,4.2,2011,12,December,Friday
581538,22367,CHILDRENS APRON SPACEBOY DESIGN,1,2011-12-09 11:34:00,1.95,14446,United Kingdom,1.95,2011,12,December,Friday
581538,22899,CHILDREN'S APRON DOLLY GIRL,3,2011-12-09 11:34:00,2.1,14446,United Kingdom,6.300000000000001,2011,12,December,Friday
581538,23527,WALL ART ANIMALS AND NATURE,1,2011-12-09 11:34:00,3.75,14446,United Kingdom,3.75,2011,12,December,Friday
581538,23524,WALL ART HORSE & PONY,1,2011-12-09 11:34:00,3.75,14446,United Kingdom,3.75,2011,12,December,Friday
581538,23525,WALL ART BUFFALO BILL,1,2011-12-09 11:34:00,3.75,14446,United Kingdom,3.75,2011,12,December,Friday
581538,84380,SET OF 3 BUTTERFLY COOKIE CUTTERS,4,2011-12-09 11:34:00,1.45,14446,United Kingdom,5.8,2011,12,December,Friday
581538,23343,JUMBO BAG VINTAGE CHRISTMAS,1,2011-12-09 11:34:00,2.08,14446,United Kingdom,2.08,2011,12,December,Friday
581538,23122,PARTY CHARMS 50 PIECES,1,2011-12-09 11:34:00,0.83,14446,United Kingdom,0.83,2011,12,December,Friday
581538,21990,MODERN FLORAL STATIONERY SET,1,2011-12-09 11:34:00,1.25,14446,United Kingdom,1.25,2011,12,December,Friday
581538,21329,DINOSAURS  WRITING SET,1,2011-12-09 11:34:00,1.65,14446,United Kingdom,1.65,2011,12,December,Friday
581538,21328,BALLOONS  WRITING SET,1,2011-12-09 11:34:00,1.65,14446,United Kingdom,1.65,2011,12,December,Friday
581538,22561,WOODEN SCHOOL COLOURING SET,1,2011-12-09 11:34:00,1.65,14446,United Kingdom,1.65,2011,12,December,Friday
581538,84519A,TOMATO CHARLIE+LOLA COASTER SET,1,2011-12-09 11:34:00,1.25,14446,United Kingdom,1.25,2011,12,December,Friday
581538,84519B,CARROT CHARLIE+LOLA COASTER SET,1,2011-12-09 11:34:00,1.25,14446,United Kingdom,1.25,2011,12,December,Friday
581538,35004B,SET OF 3 BLACK FLYING DUCKS,2,2011-12-09 11:34:00,5.45,14446,United Kingdom,10.9,2011,12,December,Friday
581538,23353,6 GIFT TAGS VINTAGE CHRISTMAS,1,2011-12-09 11:34:00,0.83,14446,United Kingdom,0.83,2011,12,December,Friday
581538,21591,COSY HOUR CIGAR BOX MATCHES,1,2011-12-09 11:34:00,1.25,14446,United Kingdom,1.25,2011,12,December,Friday
581538,22197,POPCORN HOLDER,4,2011-12-09 11:34:00,0.85,14446,United Kingdom,3.4,2011,12,December,Friday
581538,23320,GIANT 50'S CHRISTMAS CRACKER,1,2011-12-09 11:34:00,1.25,14446,United Kingdom,1.25,2011,12,December,Friday
581538,23349,ROLL WRAP VINTAGE CHRISTMAS,1,2011-12-09 11:34:00,1.25,14446,United Kingdom,1.25,2011,12,December,Friday
581538,22985,WRAP BILLBOARD FONTS DESIGN,25,2011-12-09 11:34:00,0.42,14446,United Kingdom,10.5,2011,12,December,Friday
581538,23040,PAPER LANTERN 9 POINT SNOW STAR,2,2011-12-09 11:34:00,5.75,14446,United Kingdom,11.5,2011,12,December,Friday
581538,23041,PAPER LANTERN 9 POINT SNOW STAR,3,2011-12-09 11:34:00,4.15,14446,United Kingdom,12.450000000000001,2011,12,December,Friday
581538,21194,PINK  HONEYCOMB PAPER FAN,2,2011-12-09 11:34:00,0.65,14446,United Kingdom,1.3,2011,12,December,Friday
581538,21208,PASTEL COLOUR HONEYCOMB FAN,1,2011-12-09 11:34:00,0.39,14446,United Kingdom,0.39,2011,12,December,Friday
581538,79191D,RETRO PLASTIC DAISY TRAY,1,2011-12-09 11:34:00,0.85,14446,United Kingdom,0.85,2011,12,December,Friday
581538,79191B,RETRO PLASTIC POLKA TRAY,1,2011-12-09 11:34:00,0.85,14446,United Kingdom,0.85,2011,12,December,Friday
581538,22909,SET OF 20 VINTAGE CHRISTMAS NAPKINS,2,2011-12-09 11:34:00,0.85,14446,United Kingdom,1.7,2011,12,December,Friday
581538,23319,BOX OF 6 MINI 50'S CRACKERS,1,2011-12-09 11:34:00,2.49,14446,United Kingdom,2.49,2011,12,December,Friday
581538,23537,WALL ART I LOVE LONDON,1,2011-12-09 11:34:00,4.95,14446,United Kingdom,4.95,2011,12,December,Friday
581538,22991,GIRAFFE WOODEN RULER,1,2011-12-09 11:34:00,1.95,14446,United Kingdom,1.95,2011,12,December,Friday
581538,23190,BUNDLE OF 3 SCHOOL EXERCISE BOOKS,1,2011-12-09 11:34:00,1.65,14446,United Kingdom,1.65,2011,12,December,Friday
581538,20727,LUNCH BAG  BLACK SKULL.,1,2011-12-09 11:34:00,1.65,14446,United Kingdom,1.65,2011,12,December,Friday
581538,20725,LUNCH BAG RED RETROSPOT,1,2011-12-09 11:34:00,1.65,14446,United Kingdom,1.65,2011,12,December,Friday
581538,21194,PINK  HONEYCOMB PAPER FAN,1,2011-12-09 11:34:00,0.65,14446,United Kingdom,0.65,2011,12,December,Friday
581538,35004B,SET OF 3 BLACK FLYING DUCKS,1,2011-12-09 11:34:00,5.45,14446,United Kingdom,5.45,2011,12,December,Friday
581538,21355,TOAST ITS - I LOVE YOU,1,2011-12-09 11:34:00,1.25,14446,United Kingdom,1.25,2011,12,December,Friday
581516,21109,LARGE CAKE TOWEL CHOCOLATE SPOTS,12,2011-12-09 11:26:00,1.95,14422,United Kingdom,23.4,2011,12,December,Friday
581516,21111,"SWISS ROLL TOWEL, CHOCOLATE  SPOTS",24,2011-12-09 11:26:00,1.25,14422,United Kingdom,30.0,2011,12,December,Friday
581516,21705,BAG 500g SWIRLY MARBLES,24,2011-12-09 11:26:00,0.39,14422,United Kingdom,9.36,2011,12,December,Friday
581516,22185,SLATE TILE NATURAL HANGING,12,2011-12-09 11:26:00,0.79,14422,United Kingdom,9.48,2011,12,December,Friday
581516,22442,GROW YOUR OWN FLOWERS SET OF 3,12,2011-12-09 11:26:00,1.95,14422,United Kingdom,23.4,2011,12,December,Friday
581516,21620,SET OF 4 ROSE BOTANICAL CANDLES,12,2011-12-09 11:26:00,1.25,14422,United Kingdom,15.0,2011,12,December,Friday
581516,84029G,KNITTED UNION FLAG HOT WATER BOTTLE,8,2011-12-09 11:26:00,4.25,14422,United Kingdom,34.0,2011,12,December,Friday
581516,21485,RETROSPOT HEART HOT WATER BOTTLE,3,2011-12-09 11:26:00,4.95,14422,United Kingdom,14.850000000000001,2011,12,December,Friday
581516,22111,SCOTTIE DOG HOT WATER BOTTLE,6,2011-12-09 11:26:00,4.95,14422,United Kingdom,29.700000000000003,2011,12,December,Friday
581516,23355,HOT WATER BOTTLE KEEP CALM,8,2011-12-09 11:26:00,4.95,14422,United Kingdom,39.6,2011,12,December,Friday
581516,22112,CHOCOLATE HOT WATER BOTTLE,6,2011-12-09 11:26:00,4.95,14422,United Kingdom,29.700000000000003,2011,12,December,Friday
581516,23356,LOVE HOT WATER BOTTLE,6,2011-12-09 11:26:00,5.95,14422,United Kingdom,35.7,2011,12,December,Friday
581516,21108,FAIRY CAKE FLANNEL ASSORTED COLOUR,18,2011-12-09 11:26:00,0.79,14422,United Kingdom,14.22,2011,12,December,Friday
581516,22171,3 HOOK PHOTO SHELF ANTIQUE WHITE,4,2011-12-09 11:26:00,8.5,14422,United Kingdom,34.0,2011,12,December,Friday
581516,23301,GARDENERS KNEELING PAD KEEP CALM,24,2011-12-09 11:26:00,1.65,14422,United Kingdom,39.599999999999994,2011,12,December,Friday
581514,22753,SMALL YELLOW BABUSHKA NOTEBOOK,12,2011-12-09 11:20:00,0.21,17754,United Kingdom,2.52,2011,12,December,Friday
581514,22755,SMALL PURPLE BABUSHKA NOTEBOOK,12,2011-12-09 11:20:00,0.21,17754,United Kingdom,2.52,2011,12,December,Friday
581514,22754,SMALL RED BABUSHKA NOTEBOOK,12,2011-12-09 11:20:00,0.21,17754,United Kingdom,2.52,2011,12,December,Friday
581514,22721,SET OF 3 CAKE TINS SKETCHBOOK,4,2011-12-09 11:20:00,1.95,17754,United Kingdom,7.8,2011,12,December,Friday
581514,22059,CERAMIC STRAWBERRY DESIGN MUG,12,2011-12-09 11:20:00,0.39,17754,United Kingdom,4.68,2011,12,December,Friday
581514,22199,FRYING PAN RED RETROSPOT,13,2011-12-09 11:20:00,1.25,17754,United Kingdom,16.25,2011,12,December,Friday
581514,22200,FRYING PAN PINK POLKADOT,2,2011-12-09 11:20:00,1.25,17754,United Kingdom,2.5,2011,12,December,Friday
581514,84032A,CHARLIE+LOLA PINK HOT WATER BOTTLE,9,2011-12-09 11:20:00,0.79,17754,United Kingdom,7.11,2011,12,December,Friday
581514,84032B,CHARLIE + LOLA RED HOT WATER BOTTLE,9,2011-12-09 11:20:00,0.79,17754,United Kingdom,7.11,2011,12,December,Friday
581514,84031A,CHARLIE+LOLA RED HOT WATER BOTTLE,10,2011-12-09 11:20:00,1.25,17754,United Kingdom,12.5,2011,12,December,Friday
581514,84031B,CHARLIE LOLA BLUE HOT WATER BOTTLE,14,2011-12-09 11:20:00,1.25,17754,United Kingdom,17.5,2011,12,December,Friday
581514,22646,CERAMIC STRAWBERRY CAKE MONEY BANK,4,2011-12-09 11:20:00,0.39,17754,United Kingdom,1.56,2011,12,December,Friday
581514,22644,CERAMIC CHERRY CAKE MONEY BANK,4,2011-12-09 11:20:00,0.39,17754,United Kingdom,1.56,2011,12,December,Friday
581514,22645,CERAMIC HEART FAIRY CAKE MONEY BANK,4,2011-12-09 11:20:00,0.39,17754,United Kingdom,1.56,2011,12,December,Friday
581514,22394,PAPERWEIGHT KINGS CHOICE,12,2011-12-09 11:20:00,0.39,17754,United Kingdom,4.68,2011,12,December,Friday
581514,17091J,VANILLA INCENSE IN TIN,66,2011-12-09 11:20:00,0.38,17754,United Kingdom,25.080000000000002,2011,12,December,Friday
581514,35471D,SET OF 3 BIRD LIGHT PINK FEATHER,12,2011-12-09 11:20:00,0.39,17754,United Kingdom,4.68,2011,12,December,Friday
581514,22075,6 RIBBONS ELEGANT CHRISTMAS,24,2011-12-09 11:20:00,0.39,17754,United Kingdom,9.36,2011,12,December,Friday
581514,17091J,VANILLA INCENSE IN TIN,24,2011-12-09 11:20:00,0.38,17754,United Kingdom,9.120000000000001,2011,12,December,Friday
581514,22069,BROWN  PIRATE TREASURE CHEST,20,2011-12-09 11:20:00,0.39,17754,United Kingdom,7.800000000000001,2011,12,December,Friday
581514,22068,BLACK PIRATE TREASURE CHEST,14,2011-12-09 11:20:00,0.39,17754,United Kingdom,5.46,2011,12,December,Friday
581514,22500,SET OF 2 TINS JARDIN DE PROVENCE,4,2011-12-09 11:20:00,1.25,17754,United Kingdom,5.0,2011,12,December,Friday
581514,21705,BAG 500g SWIRLY MARBLES,84,2011-12-09 11:20:00,0.39,17754,United Kingdom,32.76,2011,12,December,Friday
581502,22087,PAPER BUNTING WHITE LACE,6,2011-12-09 10:51:00,2.95,15910,United Kingdom,17.700000000000003,2011,12,December,Friday
581502,21209,MULTICOLOUR HONEYCOMB FAN,5,2011-12-09 10:51:00,0.39,15910,United Kingdom,1.9500000000000002,2011,12,December,Friday
581502,20668,DISCO BALL CHRISTMAS DECORATION,24,2011-12-09 10:51:00,0.12,15910,United Kingdom,2.88,2011,12,December,Friday
581502,21790,VINTAGE SNAP CARDS,6,2011-12-09 10:51:00,0.85,15910,United Kingdom,5.1,2011,12,December,Friday
581502,23270,SET OF 2 CERAMIC PAINTED HEARTS,4,2011-12-09 10:51:00,1.45,15910,United Kingdom,5.8,2011,12,December,Friday
581502,23103,JINGLE BELL HEART DECORATION,8,2011-12-09 10:51:00,1.65,15910,United Kingdom,13.2,2011,12,December,Friday
581502,22576,SWALLOW WOODEN CHRISTMAS DECORATION,2,2011-12-09 10:51:00,0.85,15910,United Kingdom,1.7,2011,12,December,Friday
581502,22153,ANGEL DECORATION STARS ON DRESS,13,2011-12-09 10:51:00,0.42,15910,United Kingdom,5.46,2011,12,December,Friday
581502,21810,CHRISTMAS HANGING STAR WITH BELL,6,2011-12-09 10:51:00,0.39,15910,United Kingdom,2.34,2011,12,December,Friday
581502,22155,STAR DECORATION RUSTIC,6,2011-12-09 10:51:00,0.42,15910,United Kingdom,2.52,2011,12,December,Friday
581502,23210,WHITE ROCKING HORSE HAND PAINTED,12,2011-12-09 10:51:00,1.25,15910,United Kingdom,15.0,2011,12,December,Friday
581502,22573,STAR WOODEN CHRISTMAS DECORATION,8,2011-12-09 10:51:00,0.85,15910,United Kingdom,6.8,2011,12,December,Friday
581502,22075,6 RIBBONS ELEGANT CHRISTMAS,4,2011-12-09 10:51:00,0.39,15910,United Kingdom,1.56,2011,12,December,Friday
581502,85049A,TRADITIONAL CHRISTMAS RIBBONS,4,2011-12-09 10:51:00,1.25,15910,United Kingdom,5.0,2011,12,December,Friday
581502,22734,SET OF 6 RIBBONS VINTAGE CHRISTMAS,4,2011-12-09 10:51:00,2.89,15910,United Kingdom,11.56,2011,12,December,Friday
581502,23274,STAR T-LIGHT HOLDER WILLIE WINKIE,8,2011-12-09 10:51:00,1.65,15910,United Kingdom,13.2,2011,12,December,Friday
581502,22153,ANGEL DECORATION STARS ON DRESS,1,2011-12-09 10:51:00,0.42,15910,United Kingdom,0.42,2011,12,December,Friday
581502,22596,CHRISTMAS STAR WISH LIST CHALKBOARD,24,2011-12-09 10:51:00,0.39,15910,United Kingdom,9.36,2011,12,December,Friday
581502,22952,60 CAKE CASES VINTAGE CHRISTMAS,10,2011-12-09 10:51:00,0.55,15910,United Kingdom,5.5,2011,12,December,Friday
581502,22141,CHRISTMAS CRAFT TREE TOP ANGEL,3,2011-12-09 10:51:00,2.1,15910,United Kingdom,6.300000000000001,2011,12,December,Friday
581501,22319,HAIRCLIPS FORTIES FABRIC ASSORTED,180,2011-12-09 10:46:00,0.19,12985,United Kingdom,34.2,2011,12,December,Friday
581501,20704,MR ROBOT SOFT TOY,8,2011-12-09 10:46:00,1.95,12985,United Kingdom,15.6,2011,12,December,Friday
581501,21564,PINK  HEART SHAPE LOVE BUCKET,24,2011-12-09 10:46:00,0.79,12985,United Kingdom,18.96,2011,12,December,Friday
581501,21563,RED HEART SHAPE LOVE BUCKET,24,2011-12-09 10:46:00,0.79,12985,United Kingdom,18.96,2011,12,December,Friday
581501,22165,"DIAMANTE HEART SHAPED WALL MIRROR, ",12,2011-12-09 10:46:00,3.95,12985,United Kingdom,47.400000000000006,2011,12,December,Friday
581501,22299,PIG KEYRING WITH LIGHT & SOUND,48,2011-12-09 10:46:00,0.39,12985,United Kingdom,18.72,2011,12,December,Friday
581501,22447,PIN CUSHION BABUSHKA BLUE,12,2011-12-09 10:46:00,1.25,12985,United Kingdom,15.0,2011,12,December,Friday
581501,22442,GROW YOUR OWN FLOWERS SET OF 3,12,2011-12-09 10:46:00,1.95,12985,United Kingdom,23.4,2011,12,December,Friday
581501,22495,SET OF 2 ROUND TINS CAMEMBERT,12,2011-12-09 10:46:00,0.79,12985,United Kingdom,9.48,2011,12,December,Friday
581501,22544,MINI JIGSAW SPACEBOY,96,2011-12-09 10:46:00,0.19,12985,United Kingdom,18.240000000000002,2011,12,December,Friday
581501,22695,WICKER WREATH SMALL,24,2011-12-09 10:46:00,0.59,12985,United Kingdom,14.16,2011,12,December,Friday
581501,22785,SQUARECUSHION COVER PINK UNION JACK,12,2011-12-09 10:46:00,1.25,12985,United Kingdom,15.0,2011,12,December,Friday
581501,22811,SET OF 6 T-LIGHTS CACTI,12,2011-12-09 10:46:00,1.25,12985,United Kingdom,15.0,2011,12,December,Friday
581501,22807,SET OF 6 T-LIGHTS TOADSTOOLS,12,2011-12-09 10:46:00,1.25,12985,United Kingdom,15.0,2011,12,December,Friday
581501,22942,CHRISTMAS LIGHTS 10 SANTAS,12,2011-12-09 10:46:00,2.95,12985,United Kingdom,35.400000000000006,2011,12,December,Friday
581501,22808,SET OF 6 T-LIGHTS EASTER CHICKS,12,2011-12-09 10:46:00,1.25,12985,United Kingdom,15.0,2011,12,December,Friday
581501,23143,ZINC WIRE KITCHEN ORGANISER,4,2011-12-09 10:46:00,3.95,12985,United Kingdom,15.8,2011,12,December,Friday
581501,23151,ZINC SWEETHEART SOAP DISH,12,2011-12-09 10:46:00,0.79,12985,United Kingdom,9.48,2011,12,December,Friday
581501,23425,STORAGE TIN HOME SWEET HOME,12,2011-12-09 10:46:00,0.79,12985,United Kingdom,9.48,2011,12,December,Friday
581501,84356,POMPOM CURTAIN,12,2011-12-09 10:46:00,1.95,12985,United Kingdom,23.4,2011,12,December,Friday
581501,85173,SET/6 FROG PRINCE T-LIGHT CANDLES,12,2011-12-09 10:46:00,0.79,12985,United Kingdom,9.48,2011,12,December,Friday
581501,21731,RED TOADSTOOL LED NIGHT LIGHT,24,2011-12-09 10:46:00,1.65,12985,United Kingdom,39.599999999999994,2011,12,December,Friday
581501,23480,MINI LIGHTS WOODLAND MUSHROOMS,8,2011-12-09 10:46:00,3.75,12985,United Kingdom,30.0,2011,12,December,Friday
581501,22545,MINI JIGSAW BUNNIES,96,2011-12-09 10:46:00,0.19,12985,United Kingdom,18.240000000000002,2011,12,December,Friday
581500,82486,3 DRAWER ANTIQUE WHITE WOOD CABINET,4,2011-12-09 10:45:00,8.95,15344,United Kingdom,35.8,2011,12,December,Friday
581500,85066,CREAM SWEETHEART MINI CHEST,4,2011-12-09 10:45:00,12.75,15344,United Kingdom,51.0,2011,12,December,Friday
581500,48187,DOORMAT NEW ENGLAND,2,2011-12-09 10:45:00,8.25,15344,United Kingdom,16.5,2011,12,December,Friday
581496,22664,TOY TIDY DOLLY GIRL DESIGN,20,2011-12-09 10:20:00,0.79,16558,United Kingdom,15.8,2011,12,December,Friday
581496,22721,SET OF 3 CAKE TINS SKETCHBOOK,12,2011-12-09 10:20:00,1.95,16558,United Kingdom,23.4,2011,12,December,Friday
581496,72800E,4 IVORY DINNER CANDLES SILVER FLOCK,12,2011-12-09 10:20:00,0.79,16558,United Kingdom,9.48,2011,12,December,Friday
581496,23313,VINTAGE CHRISTMAS BUNTING,10,2011-12-09 10:20:00,4.95,16558,United Kingdom,49.5,2011,12,December,Friday
581496,22952,60 CAKE CASES VINTAGE CHRISTMAS,24,2011-12-09 10:20:00,0.55,16558,United Kingdom,13.200000000000001,2011,12,December,Friday
581496,22909,SET OF 20 VINTAGE CHRISTMAS NAPKINS,12,2011-12-09 10:20:00,0.85,16558,United Kingdom,10.2,2011,12,December,Friday
581496,23298,SPOTTY BUNTING,3,2011-12-09 10:20:00,4.95,16558,United Kingdom,14.850000000000001,2011,12,December,Friday
581496,23598,PAPER BUNTING VINTAGE PARTY,6,2011-12-09 10:20:00,2.95,16558,United Kingdom,17.700000000000003,2011,12,December,Friday
581496,16169E,WRAP 50'S  CHRISTMAS,25,2011-12-09 10:20:00,0.42,16558,United Kingdom,10.5,2011,12,December,Friday
581496,23351,ROLL WRAP 50'S CHRISTMAS,12,2011-12-09 10:20:00,1.25,16558,United Kingdom,15.0,2011,12,December,Friday
581496,23350,ROLL WRAP VINTAGE SPOT,24,2011-12-09 10:20:00,1.25,16558,United Kingdom,30.0,2011,12,December,Friday
581496,22865,HAND WARMER OWL DESIGN,24,2011-12-09 10:20:00,2.1,16558,United Kingdom,50.400000000000006,2011,12,December,Friday
581496,22632,HAND WARMER RED RETROSPOT,12,2011-12-09 10:20:00,2.1,16558,United Kingdom,25.200000000000003,2011,12,December,Friday
581496,22835,HOT WATER BOTTLE I AM SO POORLY,4,2011-12-09 10:20:00,4.95,16558,United Kingdom,19.8,2011,12,December,Friday
581496,22112,CHOCOLATE HOT WATER BOTTLE,6,2011-12-09 10:20:00,4.95,16558,United Kingdom,29.700000000000003,2011,12,December,Friday
581496,23355,HOT WATER BOTTLE KEEP CALM,4,2011-12-09 10:20:00,4.95,16558,United Kingdom,19.8,2011,12,December,Friday
581496,22314,OFFICE MUG WARMER CHOC+BLUE,24,2011-12-09 10:20:00,1.25,16558,United Kingdom,30.0,2011,12,December,Friday
581496,22313,OFFICE MUG WARMER PINK,12,2011-12-09 10:20:00,1.25,16558,United Kingdom,15.0,2011,12,December,Friday
581496,23084,RABBIT NIGHT LIGHT,18,2011-12-09 10:20:00,2.08,16558,United Kingdom,37.44,2011,12,December,Friday
581496,23438,RED SPOT GIFT BAG LARGE,12,2011-12-09 10:20:00,1.25,16558,United Kingdom,15.0,2011,12,December,Friday
581496,23437,50'S CHRISTMAS GIFT BAG LARGE,12,2011-12-09 10:20:00,1.25,16558,United Kingdom,15.0,2011,12,December,Friday
581496,20831,GOLD PHOTO FRAME,12,2011-12-09 10:20:00,0.79,16558,United Kingdom,9.48,2011,12,December,Friday
581496,21115,ROSE CARAVAN DOORSTOP,8,2011-12-09 10:20:00,1.95,16558,United Kingdom,15.6,2011,12,December,Friday
581496,21462,"NURSERY A,B,C PAINTED LETTERS",8,2011-12-09 10:20:00,1.95,16558,United Kingdom,15.6,2011,12,December,Friday
581496,22076,6 RIBBONS EMPIRE,24,2011-12-09 10:20:00,0.39,16558,United Kingdom,9.36,2011,12,December,Friday
581496,22190,LOCAL CAFE MUG,24,2011-12-09 10:20:00,0.39,16558,United Kingdom,9.36,2011,12,December,Friday
581496,22215,CAKE STAND WHITE TWO TIER LACE,6,2011-12-09 10:20:00,2.95,16558,United Kingdom,17.700000000000003,2011,12,December,Friday
581496,22220,CAKE STAND LOVEBIRD 2 TIER WHITE,6,2011-12-09 10:20:00,2.95,16558,United Kingdom,17.700000000000003,2011,12,December,Friday
581496,22464,HANGING METAL HEART LANTERN,12,2011-12-09 10:20:00,0.79,16558,United Kingdom,9.48,2011,12,December,Friday
581496,22465,HANGING METAL STAR LANTERN,12,2011-12-09 10:20:00,0.79,16558,United Kingdom,9.48,2011,12,December,Friday
581496,22539,MINI JIGSAW DOLLY GIRL,48,2011-12-09 10:20:00,0.19,16558,United Kingdom,9.120000000000001,2011,12,December,Friday
581496,22544,MINI JIGSAW SPACEBOY,48,2011-12-09 10:20:00,0.19,16558,United Kingdom,9.120000000000001,2011,12,December,Friday
581495,23535,WALL ART BICYCLE SAFETY,12,2011-12-09 10:20:00,5.95,14051,United Kingdom,71.4,2011,12,December,Friday
581495,22699,ROSES REGENCY TEACUP AND SAUCER,12,2011-12-09 10:20:00,2.95,14051,United Kingdom,35.400000000000006,2011,12,December,Friday
581495,22698,PINK REGENCY TEACUP AND SAUCER,12,2011-12-09 10:20:00,2.95,14051,United Kingdom,35.400000000000006,2011,12,December,Friday
581495,22697,GREEN REGENCY TEACUP AND SAUCER,12,2011-12-09 10:20:00,2.95,14051,United Kingdom,35.400000000000006,2011,12,December,Friday
581495,22633,HAND WARMER UNION JACK,18,2011-12-09 10:20:00,2.1,14051,United Kingdom,37.800000000000004,2011,12,December,Friday
581495,15056N,EDWARDIAN PARASOL NATURAL,36,2011-12-09 10:20:00,5.95,14051,United Kingdom,214.20000000000002,2011,12,December,Friday
581495,15056BL,EDWARDIAN PARASOL BLACK,36,2011-12-09 10:20:00,5.95,14051,United Kingdom,214.20000000000002,2011,12,December,Friday
581495,23439,HAND WARMER RED LOVE HEART,36,2011-12-09 10:20:00,2.1,14051,United Kingdom,75.60000000000001,2011,12,December,Friday
581495,48138,DOORMAT UNION FLAG,10,2011-12-09 10:20:00,7.08,14051,United Kingdom,70.8,2011,12,December,Friday
581495,21523,DOORMAT FANCY FONT HOME SWEET HOME,10,2011-12-09 10:20:00,7.08,14051,United Kingdom,70.8,2011,12,December,Friday
581495,21877,HOME SWEET HOME MUG,12,2011-12-09 10:20:00,1.65,14051,United Kingdom,19.799999999999997,2011,12,December,Friday
581495,21871,SAVE THE PLANET MUG,18,2011-12-09 10:20:00,1.65,14051,United Kingdom,29.7,2011,12,December,Friday
581495,22798,ANTIQUE GLASS DRESSING TABLE POT,36,2011-12-09 10:20:00,2.95,14051,United Kingdom,106.2,2011,12,December,Friday
581495,23173,REGENCY TEAPOT ROSES,6,2011-12-09 10:20:00,9.95,14051,United Kingdom,59.699999999999996,2011,12,December,Friday
581495,22423,REGENCY CAKESTAND 3 TIER,10,2011-12-09 10:20:00,12.75,14051,United Kingdom,127.5,2011,12,December,Friday
581494,23084,RABBIT NIGHT LIGHT,24,2011-12-09 10:13:00,1.79,12518,Germany,42.96,2011,12,December,Friday
581494,21559,STRAWBERRY LUNCH BOX WITH CUTLERY,6,2011-12-09 10:13:00,2.55,12518,Germany,15.299999999999999,2011,12,December,Friday
581494,21506,"FANCY FONT BIRTHDAY CARD, ",12,2011-12-09 10:13:00,0.42,12518,Germany,5.04,2011,12,December,Friday
581494,22716,CARD CIRCUS PARADE,12,2011-12-09 10:13:00,0.42,12518,Germany,5.04,2011,12,December,Friday
581494,22556,PLASTERS IN TIN CIRCUS PARADE,12,2011-12-09 10:13:00,1.65,12518,Germany,19.799999999999997,2011,12,December,Friday
581494,22328,ROUND SNACK BOXES SET OF 4 FRUITS,6,2011-12-09 10:13:00,2.95,12518,Germany,17.700000000000003,2011,12,December,Friday
581494,22730,ALARM CLOCK BAKELIKE IVORY,4,2011-12-09 10:13:00,3.75,12518,Germany,15.0,2011,12,December,Friday
581494,22633,HAND WARMER UNION JACK,12,2011-12-09 10:13:00,2.1,12518,Germany,25.200000000000003,2011,12,December,Friday
581494,22326,ROUND SNACK BOXES SET OF4 WOODLAND,6,2011-12-09 10:13:00,2.95,12518,Germany,17.700000000000003,2011,12,December,Friday
581494,10125,MINI FUNKY DESIGN TAPES,20,2011-12-09 10:13:00,0.85,12518,Germany,17.0,2011,12,December,Friday
581494,23367,SET 12 COLOUR PENCILS SPACEBOY,24,2011-12-09 10:13:00,0.65,12518,Germany,15.600000000000001,2011,12,December,Friday
581494,22551,PLASTERS IN TIN SPACEBOY,12,2011-12-09 10:13:00,1.65,12518,Germany,19.799999999999997,2011,12,December,Friday
581494,22554,PLASTERS IN TIN WOODLAND ANIMALS,12,2011-12-09 10:13:00,1.65,12518,Germany,19.799999999999997,2011,12,December,Friday
581494,22549,PICTURE DOMINOES,12,2011-12-09 10:13:00,1.45,12518,Germany,17.4,2011,12,December,Friday
581494,23388,WOODLAND MINI BACKPACK,4,2011-12-09 10:13:00,4.15,12518,Germany,16.6,2011,12,December,Friday
581494,23390,DOLLY GIRL MINI BACKPACK,4,2011-12-09 10:13:00,4.15,12518,Germany,16.6,2011,12,December,Friday
581494,23389,SPACEBOY MINI BACKPACK,4,2011-12-09 10:13:00,4.15,12518,Germany,16.6,2011,12,December,Friday
581494,POST,POSTAGE,2,2011-12-09 10:13:00,18.0,12518,Germany,36.0,2011,12,December,Friday
581493,79190B,RETRO PLASTIC POLKA TRAY,15,2011-12-09 10:10:00,0.42,12423,Belgium,6.3,2011,12,December,Friday
581493,79190A,RETRO PLASTIC 70'S TRAY,15,2011-12-09 10:10:00,0.42,12423,Belgium,6.3,2011,12,December,Friday
581493,22915,ASSORTED BOTTLE TOP  MAGNETS,12,2011-12-09 10:10:00,0.42,12423,Belgium,5.04,2011,12,December,Friday
581493,22151,PLACE SETTING WHITE HEART,24,2011-12-09 10:10:00,0.42,12423,Belgium,10.08,2011,12,December,Friday
581493,22632,HAND WARMER RED RETROSPOT,12,2011-12-09 10:10:00,2.1,12423,Belgium,25.200000000000003,2011,12,December,Friday
581493,22865,HAND WARMER OWL DESIGN,12,2011-12-09 10:10:00,2.1,12423,Belgium,25.200000000000003,2011,12,December,Friday
581493,20718,RED RETROSPOT SHOPPER BAG,10,2011-12-09 10:10:00,1.25,12423,Belgium,12.5,2011,12,December,Friday
581493,79191B,RETRO PLASTIC POLKA TRAY,12,2011-12-09 10:10:00,0.85,12423,Belgium,10.2,2011,12,December,Friday
581493,71459,HANGING JAM JAR T-LIGHT HOLDERS,12,2011-12-09 10:10:00,0.85,12423,Belgium,10.2,2011,12,December,Friday
581493,84945,MULTI COLOUR SILVER T-LIGHT HOLDER,12,2011-12-09 10:10:00,0.85,12423,Belgium,10.2,2011,12,December,Friday
581493,22356,CHARLOTTE BAG PINK POLKADOT,10,2011-12-09 10:10:00,0.85,12423,Belgium,8.5,2011,12,December,Friday
581493,20724,RED RETROSPOT CHARLOTTE BAG,10,2011-12-09 10:10:00,0.85,12423,Belgium,8.5,2011,12,December,Friday
581493,23204,CHARLOTTE BAG APPLES DESIGN,10,2011-12-09 10:10:00,0.85,12423,Belgium,8.5,2011,12,December,Friday
581493,21108,FAIRY CAKE FLANNEL ASSORTED COLOUR,18,2011-12-09 10:10:00,0.79,12423,Belgium,14.22,2011,12,December,Friday
581493,22252,BIRDCAGE DECORATION TEALIGHT HOLDER,12,2011-12-09 10:10:00,1.25,12423,Belgium,15.0,2011,12,December,Friday
581493,22807,SET OF 6 T-LIGHTS TOADSTOOLS,6,2011-12-09 10:10:00,2.95,12423,Belgium,17.700000000000003,2011,12,December,Friday
581493,POST,POSTAGE,1,2011-12-09 10:10:00,15.0,12423,Belgium,15.0,2011,12,December,Friday
581491,23571,TRADITIONAL NAUGHTS & CROSSES,12,2011-12-09 10:02:00,1.65,12433,Norway,19.799999999999997,2011,12,December,Friday
581489,22061,LARGE CAKE STAND  HANGING STRAWBERY,48,2011-12-09 09:46:00,2.95,16954,United Kingdom,141.60000000000002,2011,12,December,Friday
581489,22182,CAKE STAND VICTORIAN FILIGREE SMALL,24,2011-12-09 09:46:00,1.25,16954,United Kingdom,30.0,2011,12,December,Friday
581488,23118,PARISIENNE JEWELLERY DRAWER,16,2011-12-09 09:45:00,6.65,17428,United Kingdom,106.4,2011,12,December,Friday
581488,23111,PARISIENNE SEWING BOX,16,2011-12-09 09:45:00,10.4,17428,United Kingdom,166.4,2011,12,December,Friday
581488,22179,SET 10 NIGHT OWL LIGHTS,24,2011-12-09 09:45:00,5.95,17428,United Kingdom,142.8,2011,12,December,Friday
581487,21137,BLACK RECORD COVER FRAME,120,2011-12-09 09:44:00,3.39,15694,United Kingdom,406.8,2011,12,December,Friday
581486,22910,PAPER CHAIN KIT VINTAGE CHRISTMAS,12,2011-12-09 09:38:00,2.95,17001,United Kingdom,35.400000000000006,2011,12,December,Friday
581486,22086,PAPER CHAIN KIT 50'S CHRISTMAS,12,2011-12-09 09:38:00,2.95,17001,United Kingdom,35.400000000000006,2011,12,December,Friday
581486,23344,JUMBO BAG 50'S CHRISTMAS,20,2011-12-09 09:38:00,2.08,17001,United Kingdom,41.6,2011,12,December,Friday
581486,23351,ROLL WRAP 50'S CHRISTMAS,12,2011-12-09 09:38:00,1.25,17001,United Kingdom,15.0,2011,12,December,Friday
581486,23352,ROLL WRAP 50'S RED CHRISTMAS,12,2011-12-09 09:38:00,1.25,17001,United Kingdom,15.0,2011,12,December,Friday
581486,22727,ALARM CLOCK BAKELIKE RED,8,2011-12-09 09:38:00,3.75,17001,United Kingdom,30.0,2011,12,December,Friday
581486,22730,ALARM CLOCK BAKELIKE IVORY,4,2011-12-09 09:38:00,3.75,17001,United Kingdom,15.0,2011,12,December,Friday
581486,23203,JUMBO BAG VINTAGE DOILY,20,2011-12-09 09:38:00,2.08,17001,United Kingdom,41.6,2011,12,December,Friday
581486,85099B,JUMBO BAG RED RETROSPOT,10,2011-12-09 09:38:00,2.08,17001,United Kingdom,20.8,2011,12,December,Friday
581486,23201,JUMBO BAG ALPHABET,20,2011-12-09 09:38:00,2.08,17001,United Kingdom,41.6,2011,12,December,Friday
581486,23207,LUNCH BAG ALPHABET DESIGN,10,2011-12-09 09:38:00,1.65,17001,United Kingdom,16.5,2011,12,December,Friday
581486,22491,PACK OF 12 COLOURED PENCILS,12,2011-12-09 09:38:00,0.85,17001,United Kingdom,10.2,2011,12,December,Friday
581486,22561,WOODEN SCHOOL COLOURING SET,12,2011-12-09 09:38:00,1.65,17001,United Kingdom,19.799999999999997,2011,12,December,Friday
581486,22489,PACK OF 12 TRADITIONAL CRAYONS,24,2011-12-09 09:38:00,0.42,17001,United Kingdom,10.08,2011,12,December,Friday
581486,22560,TRADITIONAL MODELLING CLAY,24,2011-12-09 09:38:00,1.25,17001,United Kingdom,30.0,2011,12,December,Friday
581486,22139,RETROSPOT TEA SET CERAMIC 11 PC,6,2011-12-09 09:38:00,4.95,17001,United Kingdom,29.700000000000003,2011,12,December,Friday
581485,22617,BAKING SET SPACEBOY DESIGN,18,2011-12-09 09:38:00,4.95,17389,United Kingdom,89.10000000000001,2011,12,December,Friday
581485,22768,FAMILY PHOTO FRAME CORNICE,12,2011-12-09 09:38:00,9.95,17389,United Kingdom,119.39999999999999,2011,12,December,Friday
581485,20749,ASSORTED COLOUR MINI CASES,84,2011-12-09 09:38:00,6.35,17389,United Kingdom,533.4,2011,12,December,Friday
581483,23843,"PAPER CRAFT , LITTLE BIRDIE",80995,2011-12-09 09:15:00,2.08,16446,United Kingdom,168469.6,2011,12,December,Friday
581482,22485,SET OF 2 WOODEN MARKET CRATES,12,2011-12-09 09:08:00,10.95,17490,United Kingdom,131.39999999999998,2011,12,December,Friday
581482,22371,AIRLINE BAG VINTAGE TOKYO 78,12,2011-12-09 09:08:00,3.95,17490,United Kingdom,47.400000000000006,2011,12,December,Friday
581482,21875,KINGS CHOICE MUG,36,2011-12-09 09:08:00,1.06,17490,United Kingdom,38.160000000000004,2011,12,December,Friday
581482,23251,VINTAGE RED ENAMEL TRIM MUG,96,2011-12-09 09:08:00,1.04,17490,United Kingdom,99.84,2011,12,December,Friday
581482,23300,GARDENERS KNEELING PAD CUP OF TEA,48,2011-12-09 09:08:00,1.45,17490,United Kingdom,69.6,2011,12,December,Friday
581482,22138,BAKING SET 9 PIECE RETROSPOT,24,2011-12-09 09:08:00,4.25,17490,United Kingdom,102.0,2011,12,December,Friday
581481,21115,ROSE CARAVAN DOORSTOP,8,2011-12-09 09:07:00,1.95,17490,United Kingdom,15.6,2011,12,December,Friday
581481,22059,CERAMIC STRAWBERRY DESIGN MUG,24,2011-12-09 09:07:00,0.39,17490,United Kingdom,9.36,2011,12,December,Friday
581481,22072,RED RETROSPOT TEA CUP AND SAUCER,24,2011-12-09 09:07:00,1.25,17490,United Kingdom,30.0,2011,12,December,Friday
581481,22123,PING MICROWAVE APRON,24,2011-12-09 09:07:00,0.79,17490,United Kingdom,18.96,2011,12,December,Friday
581481,22476,EMPIRE UNION JACK TV DINNER TRAY,8,2011-12-09 09:07:00,1.95,17490,United Kingdom,15.6,2011,12,December,Friday
581481,22495,SET OF 2 ROUND TINS CAMEMBERT,12,2011-12-09 09:07:00,0.79,17490,United Kingdom,9.48,2011,12,December,Friday
581481,22496,SET OF 2 ROUND TINS DUTCH CHEESE,12,2011-12-09 09:07:00,0.79,17490,United Kingdom,9.48,2011,12,December,Friday
581481,22513,DOORSTOP FOOTBALL DESIGN,8,2011-12-09 09:07:00,0.79,17490,United Kingdom,6.32,2011,12,December,Friday
581481,22500,SET OF 2 TINS JARDIN DE PROVENCE,12,2011-12-09 09:07:00,1.25,17490,United Kingdom,15.0,2011,12,December,Friday
581481,22664,TOY TIDY DOLLY GIRL DESIGN,20,2011-12-09 09:07:00,0.79,17490,United Kingdom,15.8,2011,12,December,Friday
581481,22721,SET OF 3 CAKE TINS SKETCHBOOK,12,2011-12-09 09:07:00,1.95,17490,United Kingdom,23.4,2011,12,December,Friday
581481,22785,SQUARECUSHION COVER PINK UNION JACK,12,2011-12-09 09:07:00,1.25,17490,United Kingdom,15.0,2011,12,December,Friday
581481,23178,JAM CLOCK MAGNET,12,2011-12-09 09:07:00,1.25,17490,United Kingdom,15.0,2011,12,December,Friday
581481,23302,KNEELING MAT HOUSEWORK  DESIGN,24,2011-12-09 09:07:00,0.79,17490,United Kingdom,18.96,2011,12,December,Friday
581481,23533,WALL ART GARDEN HAVEN,6,2011-12-09 09:07:00,1.95,17490,United Kingdom,11.7,2011,12,December,Friday
581481,84819,DANISH ROSE ROUND SEWING BOX,16,2011-12-09 09:07:00,0.79,17490,United Kingdom,12.64,2011,12,December,Friday
581480,23463,VINTAGE ZINC WATERING CAN,2,2011-12-09 09:07:00,9.95,14441,United Kingdom,19.9,2011,12,December,Friday
581480,23464,VINTAGE ZINC WATERING CAN SMALL,4,2011-12-09 09:07:00,4.95,14441,United Kingdom,19.8,2011,12,December,Friday
581480,22411,JUMBO SHOPPER VINTAGE RED PAISLEY,10,2011-12-09 09:07:00,2.08,14441,United Kingdom,20.8,2011,12,December,Friday
581480,84029E,RED WOOLLY HOTTIE WHITE HEART.,8,2011-12-09 09:07:00,4.25,14441,United Kingdom,34.0,2011,12,December,Friday
581480,22633,HAND WARMER UNION JACK,12,2011-12-09 09:07:00,2.1,14441,United Kingdom,25.200000000000003,2011,12,December,Friday
581480,23355,HOT WATER BOTTLE KEEP CALM,12,2011-12-09 09:07:00,4.95,14441,United Kingdom,59.400000000000006,2011,12,December,Friday
581480,84029G,KNITTED UNION FLAG HOT WATER BOTTLE,12,2011-12-09 09:07:00,4.25,14441,United Kingdom,51.0,2011,12,December,Friday
581480,22112,CHOCOLATE HOT WATER BOTTLE,6,2011-12-09 09:07:00,4.95,14441,United Kingdom,29.700000000000003,2011,12,December,Friday
581480,84347,ROTATING SILVER ANGELS T-LIGHT HLDR,18,2011-12-09 09:07:00,2.55,14441,United Kingdom,45.9,2011,12,December,Friday
581479,22087,PAPER BUNTING WHITE LACE,10,2011-12-09 09:00:00,2.95,17364,United Kingdom,29.5,2011,12,December,Friday
581478,84947,ANTIQUE SILVER TEA GLASS ENGRAVED,24,2011-12-09 08:59:00,1.25,17364,United Kingdom,30.0,2011,12,December,Friday
581478,23503,PLAYING CARDS KEEP CALM & CARRY ON,12,2011-12-09 08:59:00,1.25,17364,United Kingdom,15.0,2011,12,December,Friday
581478,23445,ICE CREAM BUBBLES,20,2011-12-09 08:59:00,0.83,17364,United Kingdom,16.599999999999998,2011,12,December,Friday
581478,23530,WALL ART ONLY ONE PERSON,12,2011-12-09 08:59:00,4.95,17364,United Kingdom,59.400000000000006,2011,12,December,Friday
581478,84997C,CHILDRENS CUTLERY POLKADOT BLUE,4,2011-12-09 08:59:00,4.15,17364,United Kingdom,16.6,2011,12,December,Friday
581478,84997D,CHILDRENS CUTLERY POLKADOT PINK,4,2011-12-09 08:59:00,4.15,17364,United Kingdom,16.6,2011,12,December,Friday
581478,84077,WORLD WAR 2 GLIDERS ASSTD DESIGNS,48,2011-12-09 08:59:00,0.29,17364,United Kingdom,13.919999999999998,2011,12,December,Friday
581478,22749,FELTCRAFT PRINCESS CHARLOTTE DOLL,4,2011-12-09 08:59:00,3.75,17364,United Kingdom,15.0,2011,12,December,Friday
581478,23127,FELTCRAFT GIRL NICOLE KIT,4,2011-12-09 08:59:00,4.95,17364,United Kingdom,19.8,2011,12,December,Friday
581478,23126,FELTCRAFT GIRL AMELIE KIT,4,2011-12-09 08:59:00,4.95,17364,United Kingdom,19.8,2011,12,December,Friday
581478,22747,POPPY'S PLAYHOUSE BATHROOM,6,2011-12-09 08:59:00,2.1,17364,United Kingdom,12.600000000000001,2011,12,December,Friday
581478,22078,RIBBON REEL LACE DESIGN,10,2011-12-09 08:59:00,2.1,17364,United Kingdom,21.0,2011,12,December,Friday
581478,84946,ANTIQUE SILVER T-LIGHT GLASS,12,2011-12-09 08:59:00,1.25,17364,United Kingdom,15.0,2011,12,December,Friday
581478,22791,T-LIGHT GLASS FLUTED ANTIQUE,12,2011-12-09 08:59:00,1.25,17364,United Kingdom,15.0,2011,12,December,Friday
581478,21326,AGED GLASS SILVER T-LIGHT HOLDER,12,2011-12-09 08:59:00,0.65,17364,United Kingdom,7.800000000000001,2011,12,December,Friday
581478,22170,PICTURE FRAME WOOD TRIPLE PORTRAIT,8,2011-12-09 08:59:00,6.75,17364,United Kingdom,54.0,2011,12,December,Friday
581478,23082,SET 6 PAPER TABLE LANTERN HEARTS,6,2011-12-09 08:59:00,3.75,17364,United Kingdom,22.5,2011,12,December,Friday
581478,22909,SET OF 20 VINTAGE CHRISTMAS NAPKINS,24,2011-12-09 08:59:00,0.85,17364,United Kingdom,20.4,2011,12,December,Friday
581477,48111,DOORMAT 3 SMILEY CATS,10,2011-12-09 08:59:00,7.08,13426,United Kingdom,70.8,2011,12,December,Friday
581477,22464,HANGING METAL HEART LANTERN,12,2011-12-09 08:59:00,0.79,13426,United Kingdom,9.48,2011,12,December,Friday
581477,20982,12 PENCILS TALL TUBE SKULLS,12,2011-12-09 08:59:00,0.85,13426,United Kingdom,10.2,2011,12,December,Friday
581477,20981,12 PENCILS TALL TUBE WOODLAND,12,2011-12-09 08:59:00,0.85,13426,United Kingdom,10.2,2011,12,December,Friday
581477,23424,GINGHAM RECIPE BOOK BOX,8,2011-12-09 08:59:00,4.95,13426,United Kingdom,39.6,2011,12,December,Friday
581477,23338,EGG FRYING PAN RED,48,2011-12-09 08:59:00,1.85,13426,United Kingdom,88.80000000000001,2011,12,December,Friday
581477,84970L,SINGLE HEART ZINC T-LIGHT HOLDER,12,2011-12-09 08:59:00,1.25,13426,United Kingdom,15.0,2011,12,December,Friday
581477,22457,NATURAL SLATE HEART CHALKBOARD,6,2011-12-09 08:59:00,2.95,13426,United Kingdom,17.700000000000003,2011,12,December,Friday
581477,22469,HEART OF WICKER SMALL,12,2011-12-09 08:59:00,1.65,13426,United Kingdom,19.799999999999997,2011,12,December,Friday
581477,22909,SET OF 20 VINTAGE CHRISTMAS NAPKINS,12,2011-12-09 08:59:00,0.85,13426,United Kingdom,10.2,2011,12,December,Friday
581476,23198,PANTRY MAGNETIC  SHOPPING LIST,48,2011-12-09 08:48:00,1.25,12433,Norway,60.0,2011,12,December,Friday
581476,23197,SKETCHBOOK MAGNETIC SHOPPING LIST,24,2011-12-09 08:48:00,1.45,12433,Norway,34.8,2011,12,December,Friday
581476,23184,BULL DOG BOTTLE OPENER,8,2011-12-09 08:48:00,4.95,12433,Norway,39.6,2011,12,December,Friday
581476,23168,CLASSIC CAFE SUGAR DISPENSER,12,2011-12-09 08:48:00,1.25,12433,Norway,15.0,2011,12,December,Friday
581476,23167,SMALL CERAMIC TOP STORAGE JAR,96,2011-12-09 08:48:00,0.69,12433,Norway,66.24,2011,12,December,Friday
581476,23166,MEDIUM CERAMIC TOP STORAGE JAR,48,2011-12-09 08:48:00,1.04,12433,Norway,49.92,2011,12,December,Friday
581476,23165,LARGE CERAMIC TOP STORAGE JAR,48,2011-12-09 08:48:00,1.45,12433,Norway,69.6,2011,12,December,Friday
581476,23004,TRAVEL CARD WALLET PANTRY,48,2011-12-09 08:48:00,0.42,12433,Norway,20.16,2011,12,December,Friday
581476,23002,TRAVEL CARD WALLET SKULLS,24,2011-12-09 08:48:00,0.42,12433,Norway,10.08,2011,12,December,Friday
581476,23000,TRAVEL CARD WALLET TRANSPORT,24,2011-12-09 08:48:00,0.42,12433,Norway,10.08,2011,12,December,Friday
581476,22998,TRAVEL CARD WALLET KEEP CALM,72,2011-12-09 08:48:00,0.42,12433,Norway,30.24,2011,12,December,Friday
581476,22994,TRAVEL CARD WALLET RETROSPOT,48,2011-12-09 08:48:00,0.42,12433,Norway,20.16,2011,12,December,Friday
581476,22835,HOT WATER BOTTLE I AM SO POORLY,8,2011-12-09 08:48:00,4.95,12433,Norway,39.6,2011,12,December,Friday
581476,22730,ALARM CLOCK BAKELIKE IVORY,4,2011-12-09 08:48:00,3.75,12433,Norway,15.0,2011,12,December,Friday
581476,22728,ALARM CLOCK BAKELIKE PINK,8,2011-12-09 08:48:00,3.75,12433,Norway,30.0,2011,12,December,Friday
581476,22727,ALARM CLOCK BAKELIKE RED,8,2011-12-09 08:48:00,3.75,12433,Norway,30.0,2011,12,December,Friday
581476,22726,ALARM CLOCK BAKELIKE GREEN,4,2011-12-09 08:48:00,3.75,12433,Norway,15.0,2011,12,December,Friday
581476,22720,SET OF 3 CAKE TINS PANTRY DESIGN,16,2011-12-09 08:48:00,4.25,12433,Norway,68.0,2011,12,December,Friday
581476,22693,GROW A FLYTRAP OR SUNFLOWER IN TIN,192,2011-12-09 08:48:00,1.06,12433,Norway,203.52,2011,12,December,Friday
581476,22670,FRENCH WC SIGN BLUE METAL,24,2011-12-09 08:48:00,1.25,12433,Norway,30.0,2011,12,December,Friday
581476,22667,RECIPE BOX RETROSPOT,24,2011-12-09 08:48:00,2.55,12433,Norway,61.199999999999996,2011,12,December,Friday
581476,22666,RECIPE BOX PANTRY YELLOW DESIGN,24,2011-12-09 08:48:00,2.55,12433,Norway,61.199999999999996,2011,12,December,Friday
581476,22631,CIRCUS PARADE LUNCH BOX,12,2011-12-09 08:48:00,1.95,12433,Norway,23.4,2011,12,December,Friday
581476,22628,PICNIC BOXES SET OF 3 RETROSPOT,16,2011-12-09 08:48:00,4.95,12433,Norway,79.2,2011,12,December,Friday
581476,22467,GUMBALL COAT RACK,6,2011-12-09 08:48:00,2.55,12433,Norway,15.299999999999999,2011,12,December,Friday
581476,22197,POPCORN HOLDER,100,2011-12-09 08:48:00,0.72,12433,Norway,72.0,2011,12,December,Friday
581476,22114,HOT WATER BOTTLE TEA AND SYMPATHY,8,2011-12-09 08:48:00,4.25,12433,Norway,34.0,2011,12,December,Friday
581476,22112,CHOCOLATE HOT WATER BOTTLE,9,2011-12-09 08:48:00,4.95,12433,Norway,44.550000000000004,2011,12,December,Friday
581476,21908,CHOCOLATE THIS WAY METAL SIGN,36,2011-12-09 08:48:00,2.1,12433,Norway,75.60000000000001,2011,12,December,Friday
581476,21874,GIN AND TONIC MUG,36,2011-12-09 08:48:00,1.45,12433,Norway,52.199999999999996,2011,12,December,Friday
581476,21872,GLAMOROUS  MUG,12,2011-12-09 08:48:00,1.25,12433,Norway,15.0,2011,12,December,Friday
581476,21871,SAVE THE PLANET MUG,36,2011-12-09 08:48:00,1.45,12433,Norway,52.199999999999996,2011,12,December,Friday
581476,21533,RETROSPOT LARGE MILK JUG,6,2011-12-09 08:48:00,4.95,12433,Norway,29.700000000000003,2011,12,December,Friday
581476,21481,FAWN BLUE HOT WATER BOTTLE,12,2011-12-09 08:48:00,3.75,12433,Norway,45.0,2011,12,December,Friday
581476,21479,WHITE SKULL HOT WATER BOTTLE,4,2011-12-09 08:48:00,4.25,12433,Norway,17.0,2011,12,December,Friday
581476,21248,DOOR HANGER  MUM + DADS ROOM,12,2011-12-09 08:48:00,1.45,12433,Norway,17.4,2011,12,December,Friday
581476,21216,"SET 3 RETROSPOT TEA,COFFEE,SUGAR",24,2011-12-09 08:48:00,4.25,12433,Norway,102.0,2011,12,December,Friday
581476,21181,PLEASE ONE PERSON METAL SIGN,48,2011-12-09 08:48:00,1.85,12433,Norway,88.80000000000001,2011,12,December,Friday
581476,21175,GIN AND TONIC DIET METAL SIGN,48,2011-12-09 08:48:00,2.08,12433,Norway,99.84,2011,12,December,Friday
581476,21169,YOU'RE CONFUSING ME METAL SIGN,48,2011-12-09 08:48:00,1.45,12433,Norway,69.6,2011,12,December,Friday
581476,21162,TOXIC AREA  DOOR HANGER,24,2011-12-09 08:48:00,0.39,12433,Norway,9.36,2011,12,December,Friday
581476,21159,MOODY BOY  DOOR HANGER,24,2011-12-09 08:48:00,0.39,12433,Norway,9.36,2011,12,December,Friday
581476,21158,MOODY GIRL DOOR HANGER,24,2011-12-09 08:48:00,0.39,12433,Norway,9.36,2011,12,December,Friday
581476,21154,RED RETROSPOT OVEN GLOVE,10,2011-12-09 08:48:00,1.25,12433,Norway,12.5,2011,12,December,Friday
581476,16016,LARGE CHINESE STYLE SCISSOR,40,2011-12-09 08:48:00,0.85,12433,Norway,34.0,2011,12,December,Friday
581476,16014,SMALL CHINESE STYLE SCISSOR,60,2011-12-09 08:48:00,0.42,12433,Norway,25.2,2011,12,December,Friday
581476,16008,SMALL FOLDING SCISSOR(POINTED EDGE),240,2011-12-09 08:48:00,0.12,12433,Norway,28.799999999999997,2011,12,December,Friday
581476,85152,HAND OVER THE CHOCOLATE   SIGN,48,2011-12-09 08:48:00,1.85,12433,Norway,88.80000000000001,2011,12,December,Friday
581476,84596F,SMALL MARSHMALLOWS PINK BOWL,32,2011-12-09 08:48:00,0.42,12433,Norway,13.44,2011,12,December,Friday
581476,84596B,SMALL DOLLY MIX DESIGN ORANGE BOWL,16,2011-12-09 08:48:00,0.42,12433,Norway,6.72,2011,12,December,Friday
581476,84510A,SET OF 4 ENGLISH ROSE COASTERS,20,2011-12-09 08:48:00,1.25,12433,Norway,25.0,2011,12,December,Friday
581476,82600,N0 SINGING METAL SIGN,48,2011-12-09 08:48:00,1.85,12433,Norway,88.80000000000001,2011,12,December,Friday
581476,82581,TOILET METAL SIGN,48,2011-12-09 08:48:00,0.55,12433,Norway,26.400000000000002,2011,12,December,Friday
581476,72760B,VINTAGE CREAM 3 BASKET CAKE STAND,2,2011-12-09 08:48:00,9.95,12433,Norway,19.9,2011,12,December,Friday
581476,72232,FENG SHUI PILLAR CANDLE,144,2011-12-09 08:48:00,0.19,12433,Norway,27.36,2011,12,December,Friday
581476,47559B,TEA TIME OVEN GLOVE,10,2011-12-09 08:48:00,1.25,12433,Norway,12.5,2011,12,December,Friday
581476,47504H,ENGLISH ROSE SPIRIT LEVEL,36,2011-12-09 08:48:00,0.79,12433,Norway,28.44,2011,12,December,Friday
581476,23493,VINTAGE DOILY TRAVEL SEWING KIT,30,2011-12-09 08:48:00,1.95,12433,Norway,58.5,2011,12,December,Friday
581476,23430,BLUE RETRO KITCHEN WALL CLOCK,2,2011-12-09 08:48:00,8.15,12433,Norway,16.3,2011,12,December,Friday
581476,23429,RED RETRO KITCHEN WALL CLOCK,2,2011-12-09 08:48:00,8.15,12433,Norway,16.3,2011,12,December,Friday
581476,23428,IVORY RETRO KITCHEN WALL CLOCK,2,2011-12-09 08:48:00,8.15,12433,Norway,16.3,2011,12,December,Friday
581476,23358,HOT STUFF HOT WATER BOTTLE,18,2011-12-09 08:48:00,1.25,12433,Norway,22.5,2011,12,December,Friday
581476,23293,SET OF 12 FAIRY CAKE BAKING CASES,32,2011-12-09 08:48:00,0.83,12433,Norway,26.56,2011,12,December,Friday
581476,23243,SET OF TEA COFFEE SUGAR TINS PANTRY,12,2011-12-09 08:48:00,4.95,12433,Norway,59.400000000000006,2011,12,December,Friday
581476,23240,SET OF 4 KNICK KNACK TINS DOILY,6,2011-12-09 08:48:00,4.15,12433,Norway,24.900000000000002,2011,12,December,Friday
581475,22596,CHRISTMAS STAR WISH LIST CHALKBOARD,36,2011-12-09 08:39:00,0.39,13069,United Kingdom,14.040000000000001,2011,12,December,Friday
581475,23235,STORAGE TIN VINTAGE LEAF,12,2011-12-09 08:39:00,1.25,13069,United Kingdom,15.0,2011,12,December,Friday
581475,23272,TREE T-LIGHT HOLDER WILLIE WINKIE,12,2011-12-09 08:39:00,0.39,13069,United Kingdom,4.68,2011,12,December,Friday
581475,23239,SET OF 4 KNICK KNACK TINS POPPIES,6,2011-12-09 08:39:00,1.65,13069,United Kingdom,9.899999999999999,2011,12,December,Friday
581475,21705,BAG 500g SWIRLY MARBLES,24,2011-12-09 08:39:00,0.39,13069,United Kingdom,9.36,2011,12,December,Friday
581475,22118,JOY WOODEN BLOCK LETTERS,18,2011-12-09 08:39:00,1.25,13069,United Kingdom,22.5,2011,12,December,Friday
581475,22119,PEACE WOODEN BLOCK LETTERS,12,2011-12-09 08:39:00,1.95,13069,United Kingdom,23.4,2011,12,December,Friday
581475,22217,T-LIGHT HOLDER HANGING LACE,12,2011-12-09 08:39:00,0.39,13069,United Kingdom,4.68,2011,12,December,Friday
581475,22216,T-LIGHT HOLDER WHITE LACE,24,2011-12-09 08:39:00,0.29,13069,United Kingdom,6.959999999999999,2011,12,December,Friday
581475,22380,TOY TIDY SPACEBOY,20,2011-12-09 08:39:00,0.79,13069,United Kingdom,15.8,2011,12,December,Friday
581475,22442,GROW YOUR OWN FLOWERS SET OF 3,12,2011-12-09 08:39:00,1.95,13069,United Kingdom,23.4,2011,12,December,Friday
581475,22664,TOY TIDY DOLLY GIRL DESIGN,20,2011-12-09 08:39:00,0.79,13069,United Kingdom,15.8,2011,12,December,Friday
581475,22721,SET OF 3 CAKE TINS SKETCHBOOK,12,2011-12-09 08:39:00,1.95,13069,United Kingdom,23.4,2011,12,December,Friday
581475,22723,SET OF 6 HERB TINS SKETCHBOOK,12,2011-12-09 08:39:00,1.25,13069,United Kingdom,15.0,2011,12,December,Friday
581475,22785,SQUARECUSHION COVER PINK UNION JACK,12,2011-12-09 08:39:00,1.25,13069,United Kingdom,15.0,2011,12,December,Friday
581475,22955,36 FOIL STAR CAKE CASES,24,2011-12-09 08:39:00,0.79,13069,United Kingdom,18.96,2011,12,December,Friday
581475,23141,TRIPLE WIRE HOOK PINK HEART,12,2011-12-09 08:39:00,0.79,13069,United Kingdom,9.48,2011,12,December,Friday
581475,22956,36 FOIL HEART CAKE CASES,24,2011-12-09 08:39:00,0.79,13069,United Kingdom,18.96,2011,12,December,Friday
581475,22581,WOOD STOCKING CHRISTMAS SCANDISPOT,48,2011-12-09 08:39:00,0.29,13069,United Kingdom,13.919999999999998,2011,12,December,Friday
581474,23351,ROLL WRAP 50'S CHRISTMAS,1,2011-12-08 20:01:00,1.25,12748,United Kingdom,1.25,2011,12,December,Thursday
581474,23352,ROLL WRAP 50'S RED CHRISTMAS,1,2011-12-08 20:01:00,1.25,12748,United Kingdom,1.25,2011,12,December,Thursday
581474,72819,CUPID DESIGN SCENTED CANDLES,1,2011-12-08 20:01:00,1.25,12748,United Kingdom,1.25,2011,12,December,Thursday
581474,22744,MAKE YOUR OWN MONSOON CARD KIT,1,2011-12-08 20:01:00,0.79,12748,United Kingdom,0.79,2011,12,December,Thursday
581474,84509B,SET OF 4 FAIRY CAKE PLACEMATS,1,2011-12-08 20:01:00,3.75,12748,United Kingdom,3.75,2011,12,December,Thursday
581474,20616,CHERRY BLOSSOM PASSPORT COVER,1,2011-12-08 20:01:00,0.75,12748,United Kingdom,0.75,2011,12,December,Thursday
581474,22897,OVEN MITT APPLES DESIGN,1,2011-12-08 20:01:00,1.45,12748,United Kingdom,1.45,2011,12,December,Thursday
581474,21867,PINK UNION JACK  LUGGAGE TAG,1,2011-12-08 20:01:00,1.25,12748,United Kingdom,1.25,2011,12,December,Thursday
581474,20615,BLUE POLKADOT PASSPORT COVER,1,2011-12-08 20:01:00,0.75,12748,United Kingdom,0.75,2011,12,December,Thursday
581474,20652,BLUE POLKADOT LUGGAGE TAG,1,2011-12-08 20:01:00,1.25,12748,United Kingdom,1.25,2011,12,December,Thursday
581474,16225,RATTLE SNAKE EGGS,1,2011-12-08 20:01:00,0.39,12748,United Kingdom,0.39,2011,12,December,Thursday
581474,22989,SET 2 PANTRY DESIGN TEA TOWELS,1,2011-12-08 20:01:00,3.25,12748,United Kingdom,3.25,2011,12,December,Thursday
581474,23300,GARDENERS KNEELING PAD CUP OF TEA,1,2011-12-08 20:01:00,1.65,12748,United Kingdom,1.65,2011,12,December,Thursday
581474,22906,12 MESSAGE CARDS WITH ENVELOPES,1,2011-12-08 20:01:00,1.65,12748,United Kingdom,1.65,2011,12,December,Thursday
581474,23245,SET OF 3 REGENCY CAKE TINS,1,2011-12-08 20:01:00,4.95,12748,United Kingdom,4.95,2011,12,December,Thursday
581474,20726,LUNCH BAG WOODLAND,1,2011-12-08 20:01:00,1.65,12748,United Kingdom,1.65,2011,12,December,Thursday
581474,23132,SMALL IVORY HEART WALL ORGANISER,1,2011-12-08 20:01:00,5.75,12748,United Kingdom,5.75,2011,12,December,Thursday
581474,21524,DOORMAT SPOTTY HOME SWEET HOME,1,2011-12-08 20:01:00,8.25,12748,United Kingdom,8.25,2011,12,December,Thursday
581474,22507,MEMO BOARD RETROSPOT  DESIGN,1,2011-12-08 20:01:00,4.95,12748,United Kingdom,4.95,2011,12,December,Thursday
581474,21253,SET OF PICTURE FRAME  STICKERS,1,2011-12-08 20:01:00,0.79,12748,United Kingdom,0.79,2011,12,December,Thursday
581474,22108,PING! MICROWAVE PLATE,1,2011-12-08 20:01:00,1.25,12748,United Kingdom,1.25,2011,12,December,Thursday
581474,22167,OVAL WALL MIRROR DIAMANTE,1,2011-12-08 20:01:00,9.95,12748,United Kingdom,9.95,2011,12,December,Thursday
581474,21929,JUMBO BAG PINK VINTAGE PAISLEY,1,2011-12-08 20:01:00,2.08,12748,United Kingdom,2.08,2011,12,December,Thursday
581474,20717,STRAWBERRY SHOPPER BAG,1,2011-12-08 20:01:00,1.25,12748,United Kingdom,1.25,2011,12,December,Thursday
581473,16237,SLEEPING CAT ERASERS,1,2011-12-08 19:57:00,0.21,12748,United Kingdom,0.21,2011,12,December,Thursday
581473,23300,GARDENERS KNEELING PAD CUP OF TEA,1,2011-12-08 19:57:00,1.65,12748,United Kingdom,1.65,2011,12,December,Thursday
581473,22554,PLASTERS IN TIN WOODLAND ANIMALS,1,2011-12-08 19:57:00,1.65,12748,United Kingdom,1.65,2011,12,December,Thursday
581473,22419,LIPSTICK PEN RED,1,2011-12-08 19:57:00,0.42,12748,United Kingdom,0.42,2011,12,December,Thursday
581473,23207,LUNCH BAG ALPHABET DESIGN,2,2011-12-08 19:57:00,1.65,12748,United Kingdom,3.3,2011,12,December,Thursday
581473,21944,KITTENS DESIGN FLANNEL,3,2011-12-08 19:57:00,0.39,12748,United Kingdom,1.17,2011,12,December,Thursday
581473,22529,MAGIC DRAWING SLATE GO TO THE FAIR,1,2011-12-08 19:57:00,0.42,12748,United Kingdom,0.42,2011,12,December,Thursday
581473,21786,POLKADOT RAIN HAT,1,2011-12-08 19:57:00,0.42,12748,United Kingdom,0.42,2011,12,December,Thursday
581473,22992,REVOLVER WOODEN RULER,1,2011-12-08 19:57:00,1.95,12748,United Kingdom,1.95,2011,12,December,Thursday
581473,22865,HAND WARMER OWL DESIGN,1,2011-12-08 19:57:00,2.1,12748,United Kingdom,2.1,2011,12,December,Thursday
581473,22030,SWALLOWS GREETING CARD,12,2011-12-08 19:57:00,0.42,12748,United Kingdom,5.04,2011,12,December,Thursday
581473,22990,COTTON APRON PANTRY DESIGN,1,2011-12-08 19:57:00,1.95,12748,United Kingdom,1.95,2011,12,December,Thursday
581473,22989,SET 2 PANTRY DESIGN TEA TOWELS,1,2011-12-08 19:57:00,3.25,12748,United Kingdom,3.25,2011,12,December,Thursday
581473,23198,PANTRY MAGNETIC  SHOPPING LIST,1,2011-12-08 19:57:00,1.45,12748,United Kingdom,1.45,2011,12,December,Thursday
581473,21055,TOOL BOX SOFT TOY,1,2011-12-08 19:57:00,8.95,12748,United Kingdom,8.95,2011,12,December,Thursday
581473,23344,JUMBO BAG 50'S CHRISTMAS,2,2011-12-08 19:57:00,2.08,12748,United Kingdom,4.16,2011,12,December,Thursday
581473,22190,LOCAL CAFE MUG,1,2011-12-08 19:57:00,0.39,12748,United Kingdom,0.39,2011,12,December,Thursday
581473,21832,CHOCOLATE CALCULATOR,1,2011-12-08 19:57:00,1.65,12748,United Kingdom,1.65,2011,12,December,Thursday
581473,22208,WOOD STAMP SET THANK YOU,1,2011-12-08 19:57:00,0.83,12748,United Kingdom,0.83,2011,12,December,Thursday
581473,22086,PAPER CHAIN KIT 50'S CHRISTMAS,3,2011-12-08 19:57:00,2.95,12748,United Kingdom,8.850000000000001,2011,12,December,Thursday
581473,23352,ROLL WRAP 50'S RED CHRISTMAS,1,2011-12-08 19:57:00,1.25,12748,United Kingdom,1.25,2011,12,December,Thursday
581473,23351,ROLL WRAP 50'S CHRISTMAS,1,2011-12-08 19:57:00,1.25,12748,United Kingdom,1.25,2011,12,December,Thursday
581473,23007,SPACEBOY BABY GIFT SET,1,2011-12-08 19:57:00,16.95,12748,United Kingdom,16.95,2011,12,December,Thursday
581473,22130,PARTY CONE CHRISTMAS DECORATION,6,2011-12-08 19:57:00,0.85,12748,United Kingdom,5.1,2011,12,December,Thursday
581473,23080,RED METAL BOX TOP SECRET,1,2011-12-08 19:57:00,8.25,12748,United Kingdom,8.25,2011,12,December,Thursday
581473,22845,VINTAGE CREAM CAT FOOD CONTAINER,1,2011-12-08 19:57:00,6.35,12748,United Kingdom,6.35,2011,12,December,Thursday
581473,23320,GIANT 50'S CHRISTMAS CRACKER,2,2011-12-08 19:57:00,1.25,12748,United Kingdom,2.5,2011,12,December,Thursday
581473,22108,PING! MICROWAVE PLATE,1,2011-12-08 19:57:00,1.25,12748,United Kingdom,1.25,2011,12,December,Thursday
581473,23295,SET OF 12 MINI LOAF BAKING CASES,1,2011-12-08 19:57:00,0.83,12748,United Kingdom,0.83,2011,12,December,Thursday
581473,23296,SET OF 6 TEA TIME BAKING CASES,1,2011-12-08 19:57:00,1.25,12748,United Kingdom,1.25,2011,12,December,Thursday
581473,20718,RED RETROSPOT SHOPPER BAG,1,2011-12-08 19:57:00,1.25,12748,United Kingdom,1.25,2011,12,December,Thursday
581473,84012,MAGIC SHEEP WOOL GROWING FROM PAPER,1,2011-12-08 19:57:00,0.85,12748,United Kingdom,0.85,2011,12,December,Thursday
581472,23298,SPOTTY BUNTING,6,2011-12-08 19:55:00,4.95,15796,United Kingdom,29.700000000000003,2011,12,December,Thursday
581472,23170,REGENCY TEA PLATE ROSES,12,2011-12-08 19:55:00,1.65,15796,United Kingdom,19.799999999999997,2011,12,December,Thursday
581472,23172,REGENCY TEA PLATE PINK,12,2011-12-08 19:55:00,1.65,15796,United Kingdom,19.799999999999997,2011,12,December,Thursday
581472,23171,REGENCY TEA PLATE GREEN,12,2011-12-08 19:55:00,1.65,15796,United Kingdom,19.799999999999997,2011,12,December,Thursday
581472,22627,MINT KITCHEN SCALES,4,2011-12-08 19:55:00,8.5,15796,United Kingdom,34.0,2011,12,December,Thursday
581472,22624,IVORY KITCHEN SCALES,4,2011-12-08 19:55:00,8.5,15796,United Kingdom,34.0,2011,12,December,Thursday
581472,82600,N0 SINGING METAL SIGN,12,2011-12-08 19:55:00,2.1,15796,United Kingdom,25.200000000000003,2011,12,December,Thursday
581472,21181,PLEASE ONE PERSON METAL SIGN,12,2011-12-08 19:55:00,2.1,15796,United Kingdom,25.200000000000003,2011,12,December,Thursday
581472,22784,LANTERN CREAM GAZEBO,3,2011-12-08 19:55:00,4.95,15796,United Kingdom,14.850000000000001,2011,12,December,Thursday
581472,22699,ROSES REGENCY TEACUP AND SAUCER,12,2011-12-08 19:55:00,2.95,15796,United Kingdom,35.400000000000006,2011,12,December,Thursday
581472,22698,PINK REGENCY TEACUP AND SAUCER,12,2011-12-08 19:55:00,2.95,15796,United Kingdom,35.400000000000006,2011,12,December,Thursday
581472,22697,GREEN REGENCY TEACUP AND SAUCER,12,2011-12-08 19:55:00,2.95,15796,United Kingdom,35.400000000000006,2011,12,December,Thursday
581472,22423,REGENCY CAKESTAND 3 TIER,2,2011-12-08 19:55:00,12.75,15796,United Kingdom,25.5,2011,12,December,Thursday
581472,85123A,WHITE HANGING HEART T-LIGHT HOLDER,6,2011-12-08 19:55:00,2.95,15796,United Kingdom,17.700000000000003,2011,12,December,Thursday
581472,22795,SWEETHEART RECIPE BOOK STAND,6,2011-12-08 19:55:00,6.75,15796,United Kingdom,40.5,2011,12,December,Thursday
581472,82482,WOODEN PICTURE FRAME WHITE FINISH,6,2011-12-08 19:55:00,2.95,15796,United Kingdom,17.700000000000003,2011,12,December,Thursday
581472,82494L,WOODEN FRAME ANTIQUE WHITE,6,2011-12-08 19:55:00,2.95,15796,United Kingdom,17.700000000000003,2011,12,December,Thursday
581471,48187,DOORMAT NEW ENGLAND,1,2011-12-08 19:29:00,8.25,14702,United Kingdom,8.25,2011,12,December,Thursday
581471,48194,DOORMAT HEARTS,1,2011-12-08 19:29:00,8.25,14702,United Kingdom,8.25,2011,12,December,Thursday
581471,48138,DOORMAT UNION FLAG,1,2011-12-08 19:29:00,8.25,14702,United Kingdom,8.25,2011,12,December,Thursday
581471,20685,DOORMAT RED RETROSPOT,1,2011-12-08 19:29:00,8.25,14702,United Kingdom,8.25,2011,12,December,Thursday
581471,48185,DOORMAT FAIRY CAKE,1,2011-12-08 19:29:00,8.25,14702,United Kingdom,8.25,2011,12,December,Thursday
581471,48184,DOORMAT ENGLISH ROSE,1,2011-12-08 19:29:00,8.25,14702,United Kingdom,8.25,2011,12,December,Thursday
581471,23283,DOORMAT VINTAGE LEAF,1,2011-12-08 19:29:00,8.25,14702,United Kingdom,8.25,2011,12,December,Thursday
581471,21524,DOORMAT SPOTTY HOME SWEET HOME,1,2011-12-08 19:29:00,8.25,14702,United Kingdom,8.25,2011,12,December,Thursday
581471,22690,DOORMAT HOME SWEET HOME BLUE,1,2011-12-08 19:29:00,8.25,14702,United Kingdom,8.25,2011,12,December,Thursday
581471,22624,IVORY KITCHEN SCALES,1,2011-12-08 19:29:00,8.5,14702,United Kingdom,8.5,2011,12,December,Thursday
581471,21411,GINGHAM HEART  DOORSTOP RED,2,2011-12-08 19:29:00,1.95,14702,United Kingdom,3.9,2011,12,December,Thursday
581471,22816,CARD MOTORBIKE SANTA,12,2011-12-08 19:29:00,0.42,14702,United Kingdom,5.04,2011,12,December,Thursday
581471,22818,CARD CHRISTMAS VILLAGE,12,2011-12-08 19:29:00,0.42,14702,United Kingdom,5.04,2011,12,December,Thursday
581471,23131,MISTLETOE HEART WREATH CREAM,3,2011-12-08 19:29:00,4.15,14702,United Kingdom,12.450000000000001,2011,12,December,Thursday
581471,23313,VINTAGE CHRISTMAS BUNTING,4,2011-12-08 19:29:00,4.95,14702,United Kingdom,19.8,2011,12,December,Thursday
581471,23275,SET OF 3 HANGING OWLS OLLIE BEAK,2,2011-12-08 19:29:00,1.25,14702,United Kingdom,2.5,2011,12,December,Thursday
581471,22142,CHRISTMAS CRAFT WHITE FAIRY,1,2011-12-08 19:29:00,1.45,14702,United Kingdom,1.45,2011,12,December,Thursday
581471,22220,CAKE STAND LOVEBIRD 2 TIER WHITE,4,2011-12-08 19:29:00,2.95,14702,United Kingdom,11.8,2011,12,December,Thursday
581471,22795,SWEETHEART RECIPE BOOK STAND,1,2011-12-08 19:29:00,6.75,14702,United Kingdom,6.75,2011,12,December,Thursday
581471,22910,PAPER CHAIN KIT VINTAGE CHRISTMAS,3,2011-12-08 19:29:00,2.95,14702,United Kingdom,8.850000000000001,2011,12,December,Thursday
581471,22086,PAPER CHAIN KIT 50'S CHRISTMAS,4,2011-12-08 19:29:00,2.95,14702,United Kingdom,11.8,2011,12,December,Thursday
581471,23151,ZINC SWEETHEART SOAP DISH,4,2011-12-08 19:29:00,0.79,14702,United Kingdom,3.16,2011,12,December,Thursday
581471,84946,ANTIQUE SILVER T-LIGHT GLASS,6,2011-12-08 19:29:00,1.25,14702,United Kingdom,7.5,2011,12,December,Thursday
581471,22867,HAND WARMER BIRD DESIGN,2,2011-12-08 19:29:00,2.1,14702,United Kingdom,4.2,2011,12,December,Thursday
581471,22865,HAND WARMER OWL DESIGN,2,2011-12-08 19:29:00,2.1,14702,United Kingdom,4.2,2011,12,December,Thursday
581471,23439,HAND WARMER RED LOVE HEART,2,2011-12-08 19:29:00,2.1,14702,United Kingdom,4.2,2011,12,December,Thursday
581469,21629,SQUARE FLOOR CUSHION VINTAGE RED,1,2011-12-08 19:28:00,7.95,14606,United Kingdom,7.95,2011,12,December,Thursday
581469,21158,MOODY GIRL DOOR HANGER,1,2011-12-08 19:28:00,0.39,14606,United Kingdom,0.39,2011,12,December,Thursday
581469,22571,ROCKING HORSE RED CHRISTMAS,2,2011-12-08 19:28:00,0.85,14606,United Kingdom,1.7,2011,12,December,Thursday
581469,22571,ROCKING HORSE RED CHRISTMAS,1,2011-12-08 19:28:00,0.85,14606,United Kingdom,0.85,2011,12,December,Thursday
581469,21846,PINK DIAMANTE PEN IN GIFT BOX,1,2011-12-08 19:28:00,4.95,14606,United Kingdom,4.95,2011,12,December,Thursday
581469,21985,PACK OF 12 HEARTS DESIGN TISSUES,3,2011-12-08 19:28:00,0.39,14606,United Kingdom,1.17,2011,12,December,Thursday
581469,21446,12 RED ROSE PEG PLACE SETTINGS,1,2011-12-08 19:28:00,1.25,14606,United Kingdom,1.25,2011,12,December,Thursday
581469,85169C,EAU DE NIL LOVE BIRD CANDLE,2,2011-12-08 19:28:00,1.25,14606,United Kingdom,2.5,2011,12,December,Thursday
581469,22121,NOEL WOODEN BLOCK LETTERS,2,2011-12-08 19:28:00,5.95,14606,United Kingdom,11.9,2011,12,December,Thursday
581469,85071C,"CHARLIE+LOLA""EXTREMELY BUSY"" SIGN",1,2011-12-08 19:28:00,0.39,14606,United Kingdom,0.39,2011,12,December,Thursday
581469,22068,BLACK PIRATE TREASURE CHEST,2,2011-12-08 19:28:00,0.39,14606,United Kingdom,0.78,2011,12,December,Thursday
581469,20772,GARDEN PATH JOURNAL,1,2011-12-08 19:28:00,2.55,14606,United Kingdom,2.55,2011,12,December,Thursday
581469,47580,TEA TIME DES TEA COSY,1,2011-12-08 19:28:00,2.55,14606,United Kingdom,2.55,2011,12,December,Thursday
581469,22364,GLASS JAR DIGESTIVE BISCUITS,1,2011-12-08 19:28:00,2.95,14606,United Kingdom,2.95,2011,12,December,Thursday
581469,22209,WOOD STAMP SET HAPPY BIRTHDAY,1,2011-12-08 19:28:00,0.83,14606,United Kingdom,0.83,2011,12,December,Thursday
581469,21704,BAG 250g SWIRLY MARBLES,1,2011-12-08 19:28:00,0.85,14606,United Kingdom,0.85,2011,12,December,Thursday
581469,21446,12 RED ROSE PEG PLACE SETTINGS,4,2011-12-08 19:28:00,1.25,14606,United Kingdom,5.0,2011,12,December,Thursday
581469,21918,SET 12 KIDS COLOUR  CHALK STICKS,4,2011-12-08 19:28:00,0.42,14606,United Kingdom,1.68,2011,12,December,Thursday
581469,51014C,"FEATHER PEN,COAL BLACK",12,2011-12-08 19:28:00,0.39,14606,United Kingdom,4.68,2011,12,December,Thursday
581469,23085,ANTIQUE SILVER BAUBLE LAMP,1,2011-12-08 19:28:00,10.4,14606,United Kingdom,10.4,2011,12,December,Thursday
581469,21843,RED RETROSPOT CAKE STAND,1,2011-12-08 19:28:00,10.95,14606,United Kingdom,10.95,2011,12,December,Thursday
581469,21417,COCKLE SHELL DISH,1,2011-12-08 19:28:00,0.79,14606,United Kingdom,0.79,2011,12,December,Thursday
581469,23301,GARDENERS KNEELING PAD KEEP CALM,3,2011-12-08 19:28:00,1.65,14606,United Kingdom,4.949999999999999,2011,12,December,Thursday
581469,22543,MINI JIGSAW BAKE A CAKE,1,2011-12-08 19:28:00,0.19,14606,United Kingdom,0.19,2011,12,December,Thursday
581469,22348,TEA BAG PLATE RED RETROSPOT,1,2011-12-08 19:28:00,0.85,14606,United Kingdom,0.85,2011,12,December,Thursday
581469,22411,JUMBO SHOPPER VINTAGE RED PAISLEY,2,2011-12-08 19:28:00,2.08,14606,United Kingdom,4.16,2011,12,December,Thursday
581469,20931,BLUE POT PLANT CANDLE,1,2011-12-08 19:28:00,1.25,14606,United Kingdom,1.25,2011,12,December,Thursday
581469,84029E,RED WOOLLY HOTTIE WHITE HEART.,1,2011-12-08 19:28:00,4.25,14606,United Kingdom,4.25,2011,12,December,Thursday
581469,21485,RETROSPOT HEART HOT WATER BOTTLE,1,2011-12-08 19:28:00,4.95,14606,United Kingdom,4.95,2011,12,December,Thursday
581469,22165,"DIAMANTE HEART SHAPED WALL MIRROR, ",1,2011-12-08 19:28:00,3.95,14606,United Kingdom,3.95,2011,12,December,Thursday
581469,21986,PACK OF 12 PINK POLKADOT TISSUES,1,2011-12-08 19:28:00,0.39,14606,United Kingdom,0.39,2011,12,December,Thursday
581469,22087,PAPER BUNTING WHITE LACE,6,2011-12-08 19:28:00,2.95,14606,United Kingdom,17.700000000000003,2011,12,December,Thursday
581469,22320,BIRDS MOBILE VINTAGE DESIGN,1,2011-12-08 19:28:00,5.95,14606,United Kingdom,5.95,2011,12,December,Thursday
581467,84030E,ENGLISH ROSE HOT WATER BOTTLE,2,2011-12-08 19:24:00,4.25,13077,United Kingdom,8.5,2011,12,December,Thursday
581467,23357,HOT WATER BOTTLE SEX BOMB,4,2011-12-08 19:24:00,1.65,13077,United Kingdom,6.6,2011,12,December,Thursday
581467,23358,HOT STUFF HOT WATER BOTTLE,5,2011-12-08 19:24:00,1.25,13077,United Kingdom,6.25,2011,12,December,Thursday
581467,90214C,"LETTER ""C"" BLING KEY RING",1,2011-12-08 19:24:00,0.29,13077,United Kingdom,0.29,2011,12,December,Thursday
581467,21703,BAG 125g SWIRLY MARBLES,3,2011-12-08 19:24:00,0.42,13077,United Kingdom,1.26,2011,12,December,Thursday
581467,22645,CERAMIC HEART FAIRY CAKE MONEY BANK,2,2011-12-08 19:24:00,0.39,13077,United Kingdom,0.78,2011,12,December,Thursday
581467,22644,CERAMIC CHERRY CAKE MONEY BANK,2,2011-12-08 19:24:00,0.39,13077,United Kingdom,0.78,2011,12,December,Thursday
581467,22621,TRADITIONAL KNITTING NANCY,4,2011-12-08 19:24:00,1.65,13077,United Kingdom,6.6,2011,12,December,Thursday
581467,23439,HAND WARMER RED LOVE HEART,3,2011-12-08 19:24:00,2.1,13077,United Kingdom,6.300000000000001,2011,12,December,Thursday
581467,22834,HAND WARMER BABUSHKA DESIGN,1,2011-12-08 19:24:00,2.1,13077,United Kingdom,2.1,2011,12,December,Thursday
581467,84600,NEW BAROQUE JEWELLERY BOX,1,2011-12-08 19:24:00,7.95,13077,United Kingdom,7.95,2011,12,December,Thursday
581467,21791,VINTAGE HEADS AND TAILS CARD GAME,3,2011-12-08 19:24:00,1.25,13077,United Kingdom,3.75,2011,12,December,Thursday
581467,22633,HAND WARMER UNION JACK,2,2011-12-08 19:24:00,2.1,13077,United Kingdom,4.2,2011,12,December,Thursday
581467,22865,HAND WARMER OWL DESIGN,2,2011-12-08 19:24:00,2.1,13077,United Kingdom,4.2,2011,12,December,Thursday
581467,22866,HAND WARMER SCOTTY DOG DESIGN,2,2011-12-08 19:24:00,2.1,13077,United Kingdom,4.2,2011,12,December,Thursday
581467,22867,HAND WARMER BIRD DESIGN,1,2011-12-08 19:24:00,2.1,13077,United Kingdom,2.1,2011,12,December,Thursday
581467,21790,VINTAGE SNAP CARDS,2,2011-12-08 19:24:00,0.85,13077,United Kingdom,1.7,2011,12,December,Thursday
581467,20668,DISCO BALL CHRISTMAS DECORATION,48,2011-12-08 19:24:00,0.12,13077,United Kingdom,5.76,2011,12,December,Thursday
581467,22811,SET OF 6 T-LIGHTS CACTI,3,2011-12-08 19:24:00,1.25,13077,United Kingdom,3.75,2011,12,December,Thursday
581467,85174,S/4 CACTI CANDLES,1,2011-12-08 19:24:00,4.95,13077,United Kingdom,4.95,2011,12,December,Thursday
581467,21417,COCKLE SHELL DISH,2,2011-12-08 19:24:00,0.79,13077,United Kingdom,1.58,2011,12,December,Thursday
581467,22442,GROW YOUR OWN FLOWERS SET OF 3,1,2011-12-08 19:24:00,1.95,13077,United Kingdom,1.95,2011,12,December,Thursday
581467,22389,PAPERWEIGHT SAVE THE PLANET,3,2011-12-08 19:24:00,0.39,13077,United Kingdom,1.17,2011,12,December,Thursday
581467,84976,RECTANGULAR SHAPED MIRROR,3,2011-12-08 19:24:00,0.79,13077,United Kingdom,2.37,2011,12,December,Thursday
581467,72801D,4 SKY BLUE DINNER CANDLES,3,2011-12-08 19:24:00,1.25,13077,United Kingdom,3.75,2011,12,December,Thursday
581467,85111,SILVER GLITTER FLOWER VOTIVE HOLDER,2,2011-12-08 19:24:00,0.29,13077,United Kingdom,0.58,2011,12,December,Thursday
581467,17012F,ORIGAMI SANDLEWOOD INCENSE/CAND SET,2,2011-12-08 19:24:00,0.85,13077,United Kingdom,1.7,2011,12,December,Thursday
581467,72801C,4 ROSE PINK DINNER CANDLES,3,2011-12-08 19:24:00,1.25,13077,United Kingdom,3.75,2011,12,December,Thursday
581467,72598,SET/12 TAPER CANDLES,2,2011-12-08 19:24:00,0.85,13077,United Kingdom,1.7,2011,12,December,Thursday
581467,17084N,FAIRY DREAMS INCENSE,25,2011-12-08 19:24:00,0.21,13077,United Kingdom,5.25,2011,12,December,Thursday
581467,21167,WHITE SAGE INCENSE,75,2011-12-08 19:24:00,0.21,13077,United Kingdom,15.75,2011,12,December,Thursday
581467,20869,GOLD FABRIC MIRROR,4,2011-12-08 19:24:00,0.39,13077,United Kingdom,1.56,2011,12,December,Thursday
581467,20868,SILVER FABRIC MIRROR,4,2011-12-08 19:24:00,0.39,13077,United Kingdom,1.56,2011,12,December,Thursday
581467,22758,LARGE PURPLE BABUSHKA NOTEBOOK,2,2011-12-08 19:24:00,0.39,13077,United Kingdom,0.78,2011,12,December,Thursday
581467,22757,LARGE RED BABUSHKA NOTEBOOK,1,2011-12-08 19:24:00,0.39,13077,United Kingdom,0.39,2011,12,December,Thursday
581467,22753,SMALL YELLOW BABUSHKA NOTEBOOK,2,2011-12-08 19:24:00,0.21,13077,United Kingdom,0.42,2011,12,December,Thursday
581467,22754,SMALL RED BABUSHKA NOTEBOOK,1,2011-12-08 19:24:00,0.21,13077,United Kingdom,0.21,2011,12,December,Thursday
581467,84429A,MEDIUM PINK BUDDHA HEAD,2,2011-12-08 19:24:00,2.95,13077,United Kingdom,5.9,2011,12,December,Thursday
581467,84993A,75 GREEN PETIT FOUR CASES,1,2011-12-08 19:24:00,0.42,13077,United Kingdom,0.42,2011,12,December,Thursday
581467,22723,SET OF 6 HERB TINS SKETCHBOOK,2,2011-12-08 19:24:00,1.25,13077,United Kingdom,2.5,2011,12,December,Thursday
581467,20996,JAZZ HEARTS ADDRESS BOOK,2,2011-12-08 19:24:00,0.19,13077,United Kingdom,0.38,2011,12,December,Thursday
581467,23180,MUM'S KITCHEN CLOCK,1,2011-12-08 19:24:00,1.65,13077,United Kingdom,1.65,2011,12,December,Thursday
581467,22217,T-LIGHT HOLDER HANGING LACE,5,2011-12-08 19:24:00,0.39,13077,United Kingdom,1.9500000000000002,2011,12,December,Thursday
581467,21109,LARGE CAKE TOWEL CHOCOLATE SPOTS,1,2011-12-08 19:24:00,1.95,13077,United Kingdom,1.95,2011,12,December,Thursday
581467,22067,CHOC TRUFFLE GOLD TRINKET POT,2,2011-12-08 19:24:00,0.39,13077,United Kingdom,0.78,2011,12,December,Thursday
581467,22059,CERAMIC STRAWBERRY DESIGN MUG,4,2011-12-08 19:24:00,0.39,13077,United Kingdom,1.56,2011,12,December,Thursday
581467,21365,MIRRORED WALL ART STARS,4,2011-12-08 19:24:00,0.75,13077,United Kingdom,3.0,2011,12,December,Thursday
581467,21371,MIRRORED WALL ART POPPIES,2,2011-12-08 19:24:00,0.75,13077,United Kingdom,1.5,2011,12,December,Thursday
581467,23320,GIANT 50'S CHRISTMAS CRACKER,3,2011-12-08 19:24:00,1.25,13077,United Kingdom,3.75,2011,12,December,Thursday
581461,23084,RABBIT NIGHT LIGHT,48,2011-12-08 18:51:00,1.79,13318,United Kingdom,85.92,2011,12,December,Thursday
581461,23280,FOLDING BUTTERFLY MIRROR HOT PINK,12,2011-12-08 18:51:00,0.83,13318,United Kingdom,9.959999999999999,2011,12,December,Thursday
581461,23281,FOLDING BUTTERFLY MIRROR RED,12,2011-12-08 18:51:00,0.83,13318,United Kingdom,9.959999999999999,2011,12,December,Thursday
581461,23480,MINI LIGHTS WOODLAND MUSHROOMS,12,2011-12-08 18:51:00,3.75,13318,United Kingdom,45.0,2011,12,December,Thursday
581459,22197,POPCORN HOLDER,1200,2011-12-08 18:46:00,0.72,17949,United Kingdom,864.0,2011,12,December,Thursday
581458,22197,POPCORN HOLDER,1500,2011-12-08 18:45:00,0.72,17949,United Kingdom,1080.0,2011,12,December,Thursday
581457,22188,BLACK HEART CARD HOLDER,324,2011-12-08 18:43:00,2.31,18102,United Kingdom,748.44,2011,12,December,Thursday
581457,22189,CREAM HEART CARD HOLDER,324,2011-12-08 18:43:00,3.39,18102,United Kingdom,1098.3600000000001,2011,12,December,Thursday
581457,23543,WALL ART KEEP CALM,698,2011-12-08 18:43:00,4.15,18102,United Kingdom,2896.7000000000003,2011,12,December,Thursday
581457,82484,WOOD BLACK BOARD ANT WHITE FINISH,204,2011-12-08 18:43:00,4.8,18102,United Kingdom,979.1999999999999,2011,12,December,Thursday
581457,23553,LANDMARK FRAME CAMDEN TOWN,120,2011-12-08 18:43:00,10.95,18102,United Kingdom,1314.0,2011,12,December,Thursday
581457,23542,WALL ART 70'S ALPHABET,120,2011-12-08 18:43:00,6.67,18102,United Kingdom,800.4,2011,12,December,Thursday
581457,23531,WALL ART BIG LOVE,120,2011-12-08 18:43:00,4.76,18102,United Kingdom,571.1999999999999,2011,12,December,Thursday
581457,23535,WALL ART BICYCLE SAFETY,126,2011-12-08 18:43:00,3.9,18102,United Kingdom,491.4,2011,12,December,Thursday
581457,23530,WALL ART ONLY ONE PERSON,126,2011-12-08 18:43:00,3.57,18102,United Kingdom,449.82,2011,12,December,Thursday
581457,23526,WALL ART DOG LICENCE,126,2011-12-08 18:43:00,3.9,18102,United Kingdom,491.4,2011,12,December,Thursday
581457,23401,RUSTIC MIRROR WITH LACE HEART,126,2011-12-08 18:43:00,4.15,18102,United Kingdom,522.9000000000001,2011,12,December,Thursday
581456,23331,DECORATIVE WICKER HEART SMALL,6,2011-12-08 18:42:00,0.63,17530,United Kingdom,3.7800000000000002,2011,12,December,Thursday
581456,23330,DECORATIVE WICKER HEART MEDIUM,1,2011-12-08 18:42:00,1.25,17530,United Kingdom,1.25,2011,12,December,Thursday
581456,23329,DECORATIVE WICKER HEART LARGE,3,2011-12-08 18:42:00,1.65,17530,United Kingdom,4.949999999999999,2011,12,December,Thursday
581456,23396,LE JARDIN BOTANIQUE CUSHION COVER,2,2011-12-08 18:42:00,3.75,17530,United Kingdom,7.5,2011,12,December,Thursday
581456,35964,FOLKART CLIP ON STARS,2,2011-12-08 18:42:00,0.39,17530,United Kingdom,0.78,2011,12,December,Thursday
581456,23394,POSTE FRANCE CUSHION COVER,2,2011-12-08 18:42:00,3.75,17530,United Kingdom,7.5,2011,12,December,Thursday
581456,23395,BELLE JARDINIERE CUSHION COVER,2,2011-12-08 18:42:00,3.75,17530,United Kingdom,7.5,2011,12,December,Thursday
581456,21123,SET/10 IVORY POLKADOT PARTY CANDLES,3,2011-12-08 18:42:00,1.25,17530,United Kingdom,3.75,2011,12,December,Thursday
581456,23597,PAPER BUNTING PAISLEY PARK,1,2011-12-08 18:42:00,2.95,17530,United Kingdom,2.95,2011,12,December,Thursday
581456,84380,SET OF 3 BUTTERFLY COOKIE CUTTERS,2,2011-12-08 18:42:00,1.45,17530,United Kingdom,2.9,2011,12,December,Thursday
581456,22086,PAPER CHAIN KIT 50'S CHRISTMAS,3,2011-12-08 18:42:00,2.95,17530,United Kingdom,8.850000000000001,2011,12,December,Thursday
581456,22966,GINGERBREAD MAN COOKIE CUTTER,5,2011-12-08 18:42:00,1.25,17530,United Kingdom,6.25,2011,12,December,Thursday
581456,22996,TRAVEL CARD WALLET VINTAGE TICKET,11,2011-12-08 18:42:00,0.42,17530,United Kingdom,4.62,2011,12,December,Thursday
581456,23005,TRAVEL CARD WALLET I LOVE LONDON,10,2011-12-08 18:42:00,0.42,17530,United Kingdom,4.2,2011,12,December,Thursday
581456,22909,SET OF 20 VINTAGE CHRISTMAS NAPKINS,6,2011-12-08 18:42:00,0.85,17530,United Kingdom,5.1,2011,12,December,Thursday
581456,22998,TRAVEL CARD WALLET KEEP CALM,12,2011-12-08 18:42:00,0.42,17530,United Kingdom,5.04,2011,12,December,Thursday
581456,23002,TRAVEL CARD WALLET SKULLS,8,2011-12-08 18:42:00,0.42,17530,United Kingdom,3.36,2011,12,December,Thursday
581456,22994,TRAVEL CARD WALLET RETROSPOT,6,2011-12-08 18:42:00,0.42,17530,United Kingdom,2.52,2011,12,December,Thursday
581456,22995,TRAVEL CARD WALLET SUKI,8,2011-12-08 18:42:00,0.42,17530,United Kingdom,3.36,2011,12,December,Thursday
581456,22999,TRAVEL CARD WALLET VINTAGE LEAF,12,2011-12-08 18:42:00,0.42,17530,United Kingdom,5.04,2011,12,December,Thursday
581456,22111,SCOTTIE DOG HOT WATER BOTTLE,4,2011-12-08 18:42:00,4.95,17530,United Kingdom,19.8,2011,12,December,Thursday
581456,23329,DECORATIVE WICKER HEART LARGE,2,2011-12-08 18:42:00,1.65,17530,United Kingdom,3.3,2011,12,December,Thursday
581456,23331,DECORATIVE WICKER HEART SMALL,1,2011-12-08 18:42:00,0.63,17530,United Kingdom,0.63,2011,12,December,Thursday
581456,23330,DECORATIVE WICKER HEART MEDIUM,4,2011-12-08 18:42:00,1.25,17530,United Kingdom,5.0,2011,12,December,Thursday
581456,84380,SET OF 3 BUTTERFLY COOKIE CUTTERS,1,2011-12-08 18:42:00,1.45,17530,United Kingdom,1.45,2011,12,December,Thursday
581456,22910,PAPER CHAIN KIT VINTAGE CHRISTMAS,3,2011-12-08 18:42:00,2.95,17530,United Kingdom,8.850000000000001,2011,12,December,Thursday
581456,21790,VINTAGE SNAP CARDS,10,2011-12-08 18:42:00,0.85,17530,United Kingdom,8.5,2011,12,December,Thursday
581456,22964,3 PIECE SPACEBOY COOKIE CUTTER SET,2,2011-12-08 18:42:00,2.1,17530,United Kingdom,4.2,2011,12,December,Thursday
581456,23570,TRADITIONAL PICK UP STICKS GAME,3,2011-12-08 18:42:00,1.25,17530,United Kingdom,3.75,2011,12,December,Thursday
581456,23571,TRADITIONAL NAUGHTS & CROSSES,4,2011-12-08 18:42:00,1.65,17530,United Kingdom,6.6,2011,12,December,Thursday
581456,21889,WOODEN BOX OF DOMINOES,3,2011-12-08 18:42:00,1.25,17530,United Kingdom,3.75,2011,12,December,Thursday
581456,23569,TRADTIONAL ALPHABET STAMP SET,3,2011-12-08 18:42:00,4.95,17530,United Kingdom,14.850000000000001,2011,12,December,Thursday
581456,21123,SET/10 IVORY POLKADOT PARTY CANDLES,1,2011-12-08 18:42:00,1.25,17530,United Kingdom,1.25,2011,12,December,Thursday
581456,21124,SET/10 BLUE POLKADOT PARTY CANDLES,8,2011-12-08 18:42:00,1.25,17530,United Kingdom,10.0,2011,12,December,Thursday
581456,21122,SET/10 PINK POLKADOT PARTY CANDLES,8,2011-12-08 18:42:00,1.25,17530,United Kingdom,10.0,2011,12,December,Thursday
581456,21121,SET/10 RED POLKADOT PARTY CANDLES,4,2011-12-08 18:42:00,1.25,17530,United Kingdom,5.0,2011,12,December,Thursday
581456,22606,WOODEN SKITTLES GARDEN SET,1,2011-12-08 18:42:00,15.95,17530,United Kingdom,15.95,2011,12,December,Thursday
581456,21034,REX CASH+CARRY JUMBO SHOPPER,1,2011-12-08 18:42:00,0.95,17530,United Kingdom,0.95,2011,12,December,Thursday
581455,22188,BLACK HEART CARD HOLDER,10,2011-12-08 18:25:00,2.31,18102,United Kingdom,23.1,2011,12,December,Thursday
581455,22189,CREAM HEART CARD HOLDER,10,2011-12-08 18:25:00,2.31,18102,United Kingdom,23.1,2011,12,December,Thursday
581455,82484,WOOD BLACK BOARD ANT WHITE FINISH,12,2011-12-08 18:25:00,4.8,18102,United Kingdom,57.599999999999994,2011,12,December,Thursday
581455,23133,LARGE IVORY HEART WALL ORGANISER,10,2011-12-08 18:25:00,7.05,18102,United Kingdom,70.5,2011,12,December,Thursday
581455,23553,LANDMARK FRAME CAMDEN TOWN,10,2011-12-08 18:25:00,10.95,18102,United Kingdom,109.5,2011,12,December,Thursday
581455,23542,WALL ART 70'S ALPHABET,12,2011-12-08 18:25:00,6.67,18102,United Kingdom,80.03999999999999,2011,12,December,Thursday
581455,23531,WALL ART BIG LOVE,12,2011-12-08 18:25:00,4.76,18102,United Kingdom,57.12,2011,12,December,Thursday
581455,23530,WALL ART ONLY ONE PERSON,18,2011-12-08 18:25:00,3.57,18102,United Kingdom,64.25999999999999,2011,12,December,Thursday
581455,23401,RUSTIC MIRROR WITH LACE HEART,18,2011-12-08 18:25:00,4.15,18102,United Kingdom,74.7,2011,12,December,Thursday
581455,23404,HOME SWEET HOME BLACKBOARD,10,2011-12-08 18:25:00,3.26,18102,United Kingdom,32.599999999999994,2011,12,December,Thursday
581455,23135,SMALL ZINC HEART WALL ORGANISER,18,2011-12-08 18:25:00,3.32,18102,United Kingdom,59.76,2011,12,December,Thursday
581454,21890,S/6 WOODEN SKITTLES IN COTTON BAG,6,2011-12-08 18:22:00,3.25,15156,United Kingdom,19.5,2011,12,December,Thursday
581454,21791,VINTAGE HEADS AND TAILS CARD GAME,12,2011-12-08 18:22:00,1.25,15156,United Kingdom,15.0,2011,12,December,Thursday
581454,21891,TRADITIONAL WOODEN SKIPPING ROPE,12,2011-12-08 18:22:00,1.45,15156,United Kingdom,17.4,2011,12,December,Thursday
581454,22605,WOODEN CROQUET GARDEN SET,3,2011-12-08 18:22:00,14.95,15156,United Kingdom,44.849999999999994,2011,12,December,Thursday
581454,22607,WOODEN ROUNDERS GARDEN SET,4,2011-12-08 18:22:00,9.95,15156,United Kingdom,39.8,2011,12,December,Thursday
581454,22442,GROW YOUR OWN FLOWERS SET OF 3,12,2011-12-08 18:22:00,1.95,15156,United Kingdom,23.4,2011,12,December,Thursday
581454,22446,PIN CUSHION BABUSHKA PINK,12,2011-12-08 18:22:00,1.25,15156,United Kingdom,15.0,2011,12,December,Thursday
581454,22752,SET 7 BABUSHKA NESTING BOXES,12,2011-12-08 18:22:00,3.95,15156,United Kingdom,47.400000000000006,2011,12,December,Thursday
581454,23552,BICYCLE PUNCTURE REPAIR KIT,6,2011-12-08 18:22:00,2.08,15156,United Kingdom,12.48,2011,12,December,Thursday
581454,23497,CLASSIC CHROME BICYCLE BELL,12,2011-12-08 18:22:00,1.45,15156,United Kingdom,17.4,2011,12,December,Thursday
581453,21980,PACK OF 12 RED RETROSPOT TISSUES,24,2011-12-08 18:15:00,0.39,16401,United Kingdom,9.36,2011,12,December,Thursday
581453,21982,PACK OF 12 SUKI TISSUES,24,2011-12-08 18:15:00,0.39,16401,United Kingdom,9.36,2011,12,December,Thursday
581453,21984,PACK OF 12 PINK PAISLEY TISSUES,24,2011-12-08 18:15:00,0.39,16401,United Kingdom,9.36,2011,12,December,Thursday
581453,21985,PACK OF 12 HEARTS DESIGN TISSUES,24,2011-12-08 18:15:00,0.39,16401,United Kingdom,9.36,2011,12,December,Thursday
581453,22197,POPCORN HOLDER,100,2011-12-08 18:15:00,0.72,16401,United Kingdom,72.0,2011,12,December,Thursday
581453,22343,PARTY PIZZA DISH RED RETROSPOT,24,2011-12-08 18:15:00,0.19,16401,United Kingdom,4.5600000000000005,2011,12,December,Thursday
581453,22344,PARTY PIZZA DISH PINK POLKADOT,24,2011-12-08 18:15:00,0.19,16401,United Kingdom,4.5600000000000005,2011,12,December,Thursday
581453,22345,PARTY PIZZA DISH BLUE POLKADOT,24,2011-12-08 18:15:00,0.19,16401,United Kingdom,4.5600000000000005,2011,12,December,Thursday
581453,22346,PARTY PIZZA DISH GREEN POLKADOT,24,2011-12-08 18:15:00,0.19,16401,United Kingdom,4.5600000000000005,2011,12,December,Thursday
581453,22383,LUNCH BAG SUKI DESIGN,10,2011-12-08 18:15:00,1.65,16401,United Kingdom,16.5,2011,12,December,Thursday
581453,22431,WATERING CAN BLUE ELEPHANT,6,2011-12-08 18:15:00,1.95,16401,United Kingdom,11.7,2011,12,December,Thursday
581453,22432,WATERING CAN PINK BUNNY,6,2011-12-08 18:15:00,1.95,16401,United Kingdom,11.7,2011,12,December,Thursday
581453,22433,WATERING CAN GREEN DINOSAUR,6,2011-12-08 18:15:00,1.95,16401,United Kingdom,11.7,2011,12,December,Thursday
581453,22555,PLASTERS IN TIN STRONGMAN,24,2011-12-08 18:15:00,1.65,16401,United Kingdom,39.599999999999994,2011,12,December,Thursday
581453,22556,PLASTERS IN TIN CIRCUS PARADE,24,2011-12-08 18:15:00,1.65,16401,United Kingdom,39.599999999999994,2011,12,December,Thursday
581453,23293,SET OF 12 FAIRY CAKE BAKING CASES,16,2011-12-08 18:15:00,0.83,16401,United Kingdom,13.28,2011,12,December,Thursday
581453,23310,BUBBLEGUM RING ASSORTED,36,2011-12-08 18:15:00,0.42,16401,United Kingdom,15.12,2011,12,December,Thursday
581453,23551,PACK OF 12 PAISLEY PARK TISSUES,24,2011-12-08 18:15:00,0.39,16401,United Kingdom,9.36,2011,12,December,Thursday
581453,23583,LUNCH BAG PAISLEY PARK,10,2011-12-08 18:15:00,1.65,16401,United Kingdom,16.5,2011,12,December,Thursday
581452,21175,GIN AND TONIC DIET METAL SIGN,24,2011-12-08 18:03:00,2.55,17675,United Kingdom,61.199999999999996,2011,12,December,Thursday
581452,21181,PLEASE ONE PERSON METAL SIGN,36,2011-12-08 18:03:00,2.1,17675,United Kingdom,75.60000000000001,2011,12,December,Thursday
581452,22075,6 RIBBONS ELEGANT CHRISTMAS,24,2011-12-08 18:03:00,0.39,17675,United Kingdom,9.36,2011,12,December,Thursday
581452,22086,PAPER CHAIN KIT 50'S CHRISTMAS,40,2011-12-08 18:03:00,2.55,17675,United Kingdom,102.0,2011,12,December,Thursday
581452,22191,IVORY DINER WALL CLOCK,2,2011-12-08 18:03:00,8.5,17675,United Kingdom,17.0,2011,12,December,Thursday
581452,22192,BLUE DINER WALL CLOCK,2,2011-12-08 18:03:00,8.5,17675,United Kingdom,17.0,2011,12,December,Thursday
581452,22509,SEWING BOX RETROSPOT DESIGN,4,2011-12-08 18:03:00,3.95,17675,United Kingdom,15.8,2011,12,December,Thursday
581452,22633,HAND WARMER UNION JACK,12,2011-12-08 18:03:00,2.1,17675,United Kingdom,25.200000000000003,2011,12,December,Thursday
581452,22756,LARGE YELLOW BABUSHKA NOTEBOOK,12,2011-12-08 18:03:00,0.39,17675,United Kingdom,4.68,2011,12,December,Thursday
581452,22757,LARGE RED BABUSHKA NOTEBOOK,12,2011-12-08 18:03:00,0.39,17675,United Kingdom,4.68,2011,12,December,Thursday
581452,22866,HAND WARMER SCOTTY DOG DESIGN,24,2011-12-08 18:03:00,2.1,17675,United Kingdom,50.400000000000006,2011,12,December,Thursday
581452,22867,HAND WARMER BIRD DESIGN,36,2011-12-08 18:03:00,2.1,17675,United Kingdom,75.60000000000001,2011,12,December,Thursday
581452,23356,LOVE HOT WATER BOTTLE,12,2011-12-08 18:03:00,5.95,17675,United Kingdom,71.4,2011,12,December,Thursday
581452,23439,HAND WARMER RED LOVE HEART,24,2011-12-08 18:03:00,2.1,17675,United Kingdom,50.400000000000006,2011,12,December,Thursday
581452,23497,CLASSIC CHROME BICYCLE BELL,12,2011-12-08 18:03:00,1.45,17675,United Kingdom,17.4,2011,12,December,Thursday
581452,23576,SNACK TRAY RED VINTAGE DOILY,8,2011-12-08 18:03:00,1.95,17675,United Kingdom,15.6,2011,12,December,Thursday
581452,84029E,RED WOOLLY HOTTIE WHITE HEART.,8,2011-12-08 18:03:00,4.25,17675,United Kingdom,34.0,2011,12,December,Thursday
581452,85123A,WHITE HANGING HEART T-LIGHT HOLDER,32,2011-12-08 18:03:00,2.55,17675,United Kingdom,81.6,2011,12,December,Thursday
581451,21115,ROSE CARAVAN DOORSTOP,8,2011-12-08 17:57:00,1.95,17144,United Kingdom,15.6,2011,12,December,Thursday
581451,21258,VICTORIAN SEWING BOX LARGE,1,2011-12-08 17:57:00,12.75,17144,United Kingdom,12.75,2011,12,December,Thursday
581451,21485,RETROSPOT HEART HOT WATER BOTTLE,3,2011-12-08 17:57:00,4.95,17144,United Kingdom,14.850000000000001,2011,12,December,Thursday
581451,21523,DOORMAT FANCY FONT HOME SWEET HOME,2,2011-12-08 17:57:00,8.25,17144,United Kingdom,16.5,2011,12,December,Thursday
581451,22030,SWALLOWS GREETING CARD,12,2011-12-08 17:57:00,0.42,17144,United Kingdom,5.04,2011,12,December,Thursday
581451,22111,SCOTTIE DOG HOT WATER BOTTLE,3,2011-12-08 17:57:00,4.95,17144,United Kingdom,14.850000000000001,2011,12,December,Thursday
581451,22310,IVORY KNITTED MUG COSY,6,2011-12-08 17:57:00,1.65,17144,United Kingdom,9.899999999999999,2011,12,December,Thursday
581451,22350,ILLUSTRATED CAT BOWL,6,2011-12-08 17:57:00,2.55,17144,United Kingdom,15.299999999999999,2011,12,December,Thursday
581451,22366,DOORMAT AIRMAIL,2,2011-12-08 17:57:00,8.25,17144,United Kingdom,16.5,2011,12,December,Thursday
581451,22441,GROW YOUR OWN BASIL IN ENAMEL MUG,8,2011-12-08 17:57:00,2.1,17144,United Kingdom,16.8,2011,12,December,Thursday
581451,22442,GROW YOUR OWN FLOWERS SET OF 3,12,2011-12-08 17:57:00,1.95,17144,United Kingdom,23.4,2011,12,December,Thursday
581451,22624,IVORY KITCHEN SCALES,2,2011-12-08 17:57:00,8.5,17144,United Kingdom,17.0,2011,12,December,Thursday
581451,22627,MINT KITCHEN SCALES,2,2011-12-08 17:57:00,8.5,17144,United Kingdom,17.0,2011,12,December,Thursday
581451,22666,RECIPE BOX PANTRY YELLOW DESIGN,6,2011-12-08 17:57:00,2.95,17144,United Kingdom,17.700000000000003,2011,12,December,Thursday
581451,22692,DOORMAT WELCOME TO OUR HOME,2,2011-12-08 17:57:00,8.25,17144,United Kingdom,16.5,2011,12,December,Thursday
581451,22720,SET OF 3 CAKE TINS PANTRY DESIGN,3,2011-12-08 17:57:00,4.95,17144,United Kingdom,14.850000000000001,2011,12,December,Thursday
581451,22794,SWEETHEART WIRE MAGAZINE RACK,2,2011-12-08 17:57:00,7.95,17144,United Kingdom,15.9,2011,12,December,Thursday
581451,22960,JAM MAKING SET WITH JARS,6,2011-12-08 17:57:00,4.25,17144,United Kingdom,25.5,2011,12,December,Thursday
581451,23575,SNACK TRAY PAISLEY PARK,8,2011-12-08 17:57:00,1.95,17144,United Kingdom,15.6,2011,12,December,Thursday
581451,23576,SNACK TRAY RED VINTAGE DOILY,8,2011-12-08 17:57:00,1.95,17144,United Kingdom,15.6,2011,12,December,Thursday
581451,23583,LUNCH BAG PAISLEY PARK,10,2011-12-08 17:57:00,1.65,17144,United Kingdom,16.5,2011,12,December,Thursday
581451,23697,A PRETTY THANK YOU CARD,12,2011-12-08 17:57:00,0.42,17144,United Kingdom,5.04,2011,12,December,Thursday
581451,48129,DOORMAT TOPIARY,2,2011-12-08 17:57:00,8.25,17144,United Kingdom,16.5,2011,12,December,Thursday
581451,48187,DOORMAT NEW ENGLAND,2,2011-12-08 17:57:00,8.25,17144,United Kingdom,16.5,2011,12,December,Thursday
581451,84029E,RED WOOLLY HOTTIE WHITE HEART.,4,2011-12-08 17:57:00,4.25,17144,United Kingdom,17.0,2011,12,December,Thursday
581450,22348,TEA BAG PLATE RED RETROSPOT,2,2011-12-08 17:54:00,0.85,16794,United Kingdom,1.7,2011,12,December,Thursday
581450,22599,CHRISTMAS MUSICAL ZINC STAR,2,2011-12-08 17:54:00,0.29,16794,United Kingdom,0.58,2011,12,December,Thursday
581450,22598,CHRISTMAS MUSICAL ZINC TREE,4,2011-12-08 17:54:00,0.29,16794,United Kingdom,1.16,2011,12,December,Thursday
581450,22597,MUSICAL ZINC HEART DECORATION,2,2011-12-08 17:54:00,0.29,16794,United Kingdom,0.58,2011,12,December,Thursday
581450,35961,FOLKART ZINC HEART CHRISTMAS DEC,2,2011-12-08 17:54:00,0.85,16794,United Kingdom,1.7,2011,12,December,Thursday
581450,23182,TOILET SIGN OCCUPIED OR VACANT,2,2011-12-08 17:54:00,0.83,16794,United Kingdom,1.66,2011,12,December,Thursday
581450,21901,"KEY FOB , BACK DOOR ",3,2011-12-08 17:54:00,0.65,16794,United Kingdom,1.9500000000000002,2011,12,December,Thursday
581450,21809,CHRISTMAS HANGING TREE WITH BELL,2,2011-12-08 17:54:00,0.39,16794,United Kingdom,0.78,2011,12,December,Thursday
581450,23269,SET OF 2 CERAMIC CHRISTMAS TREES,1,2011-12-08 17:54:00,1.45,16794,United Kingdom,1.45,2011,12,December,Thursday
581450,23227,FILIGREE HEART BUTTERFLY WHITE,4,2011-12-08 17:54:00,1.25,16794,United Kingdom,5.0,2011,12,December,Thursday
581450,22470,HEART OF WICKER LARGE,1,2011-12-08 17:54:00,2.95,16794,United Kingdom,2.95,2011,12,December,Thursday
581450,22469,HEART OF WICKER SMALL,3,2011-12-08 17:54:00,1.65,16794,United Kingdom,4.949999999999999,2011,12,December,Thursday
581450,22723,SET OF 6 HERB TINS SKETCHBOOK,2,2011-12-08 17:54:00,1.25,16794,United Kingdom,2.5,2011,12,December,Thursday
581450,22118,JOY WOODEN BLOCK LETTERS,1,2011-12-08 17:54:00,1.25,16794,United Kingdom,1.25,2011,12,December,Thursday
581450,20725,LUNCH BAG RED RETROSPOT,1,2011-12-08 17:54:00,1.65,16794,United Kingdom,1.65,2011,12,December,Thursday
581450,23206,LUNCH BAG APPLE DESIGN,2,2011-12-08 17:54:00,1.65,16794,United Kingdom,3.3,2011,12,December,Thursday
581450,23209,LUNCH BAG VINTAGE DOILY,4,2011-12-08 17:54:00,1.65,16794,United Kingdom,6.6,2011,12,December,Thursday
581450,23197,SKETCHBOOK MAGNETIC SHOPPING LIST,4,2011-12-08 17:54:00,1.45,16794,United Kingdom,5.8,2011,12,December,Thursday
581450,23198,PANTRY MAGNETIC  SHOPPING LIST,2,2011-12-08 17:54:00,1.45,16794,United Kingdom,2.9,2011,12,December,Thursday
581450,22667,RECIPE BOX RETROSPOT,1,2011-12-08 17:54:00,2.95,16794,United Kingdom,2.95,2011,12,December,Thursday
581450,22993,SET OF 4 PANTRY JELLY MOULDS,2,2011-12-08 17:54:00,1.25,16794,United Kingdom,2.5,2011,12,December,Thursday
581450,22119,PEACE WOODEN BLOCK LETTERS,1,2011-12-08 17:54:00,1.95,16794,United Kingdom,1.95,2011,12,December,Thursday
581450,22666,RECIPE BOX PANTRY YELLOW DESIGN,1,2011-12-08 17:54:00,2.95,16794,United Kingdom,2.95,2011,12,December,Thursday
581450,22723,SET OF 6 HERB TINS SKETCHBOOK,1,2011-12-08 17:54:00,1.25,16794,United Kingdom,1.25,2011,12,December,Thursday
581450,22666,RECIPE BOX PANTRY YELLOW DESIGN,2,2011-12-08 17:54:00,2.95,16794,United Kingdom,5.9,2011,12,December,Thursday
581450,22721,SET OF 3 CAKE TINS SKETCHBOOK,5,2011-12-08 17:54:00,1.95,16794,United Kingdom,9.75,2011,12,December,Thursday
581450,22475,SKULL DESIGN TV DINNER TRAY,2,2011-12-08 17:54:00,1.95,16794,United Kingdom,3.9,2011,12,December,Thursday
581450,21216,"SET 3 RETROSPOT TEA,COFFEE,SUGAR",1,2011-12-08 17:54:00,4.95,16794,United Kingdom,4.95,2011,12,December,Thursday
581450,22720,SET OF 3 CAKE TINS PANTRY DESIGN,3,2011-12-08 17:54:00,4.95,16794,United Kingdom,14.850000000000001,2011,12,December,Thursday
581449,23485,BOTANICAL GARDENS WALL CLOCK,1,2011-12-08 17:37:00,25.0,12748,United Kingdom,25.0,2011,12,December,Thursday
581449,23462,ROCOCO WALL MIRROR WHITE,1,2011-12-08 17:37:00,19.95,12748,United Kingdom,19.95,2011,12,December,Thursday
581449,23407,SET OF 2 TRAYS HOME SWEET HOME,2,2011-12-08 17:37:00,9.95,12748,United Kingdom,19.9,2011,12,December,Thursday
581449,22423,REGENCY CAKESTAND 3 TIER,1,2011-12-08 17:37:00,12.75,12748,United Kingdom,12.75,2011,12,December,Thursday
581449,22703,PINK CAT BOWL,1,2011-12-08 17:37:00,0.59,12748,United Kingdom,0.59,2011,12,December,Thursday
581449,22674,FRENCH TOILET SIGN BLUE METAL,1,2011-12-08 17:37:00,1.25,12748,United Kingdom,1.25,2011,12,December,Thursday
581449,23083,SET 6 PAPER TABLE LANTERN STARS,2,2011-12-08 17:37:00,3.75,12748,United Kingdom,7.5,2011,12,December,Thursday
581449,23439,HAND WARMER RED LOVE HEART,1,2011-12-08 17:37:00,2.1,12748,United Kingdom,2.1,2011,12,December,Thursday
581449,22865,HAND WARMER OWL DESIGN,1,2011-12-08 17:37:00,2.1,12748,United Kingdom,2.1,2011,12,December,Thursday
581449,22633,HAND WARMER UNION JACK,1,2011-12-08 17:37:00,2.1,12748,United Kingdom,2.1,2011,12,December,Thursday
581449,22727,ALARM CLOCK BAKELIKE RED,1,2011-12-08 17:37:00,3.75,12748,United Kingdom,3.75,2011,12,December,Thursday
581449,23503,PLAYING CARDS KEEP CALM & CARRY ON,1,2011-12-08 17:37:00,1.25,12748,United Kingdom,1.25,2011,12,December,Thursday
581449,23357,HOT WATER BOTTLE SEX BOMB,1,2011-12-08 17:37:00,1.65,12748,United Kingdom,1.65,2011,12,December,Thursday
581449,85135C,RED DRAGONFLY HELICOPTER,1,2011-12-08 17:37:00,7.95,12748,United Kingdom,7.95,2011,12,December,Thursday
581449,21770,OPEN CLOSED METAL SIGN,1,2011-12-08 17:37:00,4.95,12748,United Kingdom,4.95,2011,12,December,Thursday
581449,23083,SET 6 PAPER TABLE LANTERN STARS,1,2011-12-08 17:37:00,3.75,12748,United Kingdom,3.75,2011,12,December,Thursday
581449,23562,SET OF 6 RIBBONS PERFECTLY PRETTY,2,2011-12-08 17:37:00,2.89,12748,United Kingdom,5.78,2011,12,December,Thursday
581449,22109,FULL ENGLISH BREAKFAST PLATE,1,2011-12-08 17:37:00,3.75,12748,United Kingdom,3.75,2011,12,December,Thursday
581448,21535,RED RETROSPOT SMALL MILK JUG,6,2011-12-08 17:24:00,2.55,15208,United Kingdom,15.299999999999999,2011,12,December,Thursday
581448,22193,RED DINER WALL CLOCK,4,2011-12-08 17:24:00,8.5,15208,United Kingdom,34.0,2011,12,December,Thursday
581448,22619,SET OF 6 SOLDIER SKITTLES,8,2011-12-08 17:24:00,3.75,15208,United Kingdom,30.0,2011,12,December,Thursday
581448,22625,RED KITCHEN SCALES,2,2011-12-08 17:24:00,8.5,15208,United Kingdom,17.0,2011,12,December,Thursday
581448,22626,BLACK KITCHEN SCALES,2,2011-12-08 17:24:00,8.5,15208,United Kingdom,17.0,2011,12,December,Thursday
581448,23080,RED METAL BOX TOP SECRET,6,2011-12-08 17:24:00,8.25,15208,United Kingdom,49.5,2011,12,December,Thursday
581448,20978,36 PENCILS TUBE SKULLS,16,2011-12-08 17:24:00,1.25,15208,United Kingdom,20.0,2011,12,December,Thursday
581448,21217,RED RETROSPOT ROUND CAKE TINS,1,2011-12-08 17:24:00,9.95,15208,United Kingdom,9.95,2011,12,December,Thursday
581448,21533,RETROSPOT LARGE MILK JUG,3,2011-12-08 17:24:00,4.95,15208,United Kingdom,14.850000000000001,2011,12,December,Thursday
581445,21284,RETROSPOT CANDLE  SMALL,12,2011-12-08 17:12:00,0.39,17405,United Kingdom,4.68,2011,12,December,Thursday
581445,21285,RETROSPOT CANDLE  MEDIUM,12,2011-12-08 17:12:00,0.39,17405,United Kingdom,4.68,2011,12,December,Thursday
581445,21411,GINGHAM HEART  DOORSTOP RED,8,2011-12-08 17:12:00,1.95,17405,United Kingdom,15.6,2011,12,December,Thursday
581445,21519,GIN & TONIC DIET GREETING CARD,12,2011-12-08 17:12:00,0.42,17405,United Kingdom,5.04,2011,12,December,Thursday
581445,22216,T-LIGHT HOLDER WHITE LACE,24,2011-12-08 17:12:00,0.29,17405,United Kingdom,6.959999999999999,2011,12,December,Thursday
581445,22217,T-LIGHT HOLDER HANGING LACE,12,2011-12-08 17:12:00,0.39,17405,United Kingdom,4.68,2011,12,December,Thursday
581445,22398,MAGNETS PACK OF 4 SWALLOWS,12,2011-12-08 17:12:00,0.39,17405,United Kingdom,4.68,2011,12,December,Thursday
581445,22460,EMBOSSED GLASS TEALIGHT HOLDER,12,2011-12-08 17:12:00,1.25,17405,United Kingdom,15.0,2011,12,December,Thursday
581445,22509,SEWING BOX RETROSPOT DESIGN,4,2011-12-08 17:12:00,3.95,17405,United Kingdom,15.8,2011,12,December,Thursday
581445,23483,HANGING  BUTTERFLY T-LIGHT HOLDER,12,2011-12-08 17:12:00,1.25,17405,United Kingdom,15.0,2011,12,December,Thursday
581445,23694,PAISLEY PARK CARD,12,2011-12-08 17:12:00,0.42,17405,United Kingdom,5.04,2011,12,December,Thursday
581445,23695,DOILY THANK YOU CARD,12,2011-12-08 17:12:00,0.42,17405,United Kingdom,5.04,2011,12,December,Thursday
581445,82486,3 DRAWER ANTIQUE WHITE WOOD CABINET,4,2011-12-08 17:12:00,8.95,17405,United Kingdom,35.8,2011,12,December,Thursday
581445,84755,COLOUR GLASS T-LIGHT HOLDER HANGING,16,2011-12-08 17:12:00,0.65,17405,United Kingdom,10.4,2011,12,December,Thursday
581443,21111,"SWISS ROLL TOWEL, CHOCOLATE  SPOTS",24,2011-12-08 16:58:00,1.25,13026,United Kingdom,30.0,2011,12,December,Thursday
581443,22182,CAKE STAND VICTORIAN FILIGREE SMALL,24,2011-12-08 16:58:00,1.25,13026,United Kingdom,30.0,2011,12,December,Thursday
581443,22393,PAPERWEIGHT VINTAGE COLLAGE,36,2011-12-08 16:58:00,0.39,13026,United Kingdom,14.040000000000001,2011,12,December,Thursday
581443,22395,PAPERWEIGHT VINTAGE PAISLEY,36,2011-12-08 16:58:00,0.39,13026,United Kingdom,14.040000000000001,2011,12,December,Thursday
581443,22546,MINI JIGSAW PURDEY,48,2011-12-08 16:58:00,0.19,13026,United Kingdom,9.120000000000001,2011,12,December,Thursday
581443,22547,MINI JIGSAW DINOSAUR,48,2011-12-08 16:58:00,0.19,13026,United Kingdom,9.120000000000001,2011,12,December,Thursday
581443,22644,CERAMIC CHERRY CAKE MONEY BANK,72,2011-12-08 16:58:00,0.39,13026,United Kingdom,28.080000000000002,2011,12,December,Thursday
581443,22753,SMALL YELLOW BABUSHKA NOTEBOOK,24,2011-12-08 16:58:00,0.21,13026,United Kingdom,5.04,2011,12,December,Thursday
581443,22755,SMALL PURPLE BABUSHKA NOTEBOOK,24,2011-12-08 16:58:00,0.21,13026,United Kingdom,5.04,2011,12,December,Thursday
581443,22756,LARGE YELLOW BABUSHKA NOTEBOOK,12,2011-12-08 16:58:00,0.39,13026,United Kingdom,4.68,2011,12,December,Thursday
581443,22758,LARGE PURPLE BABUSHKA NOTEBOOK,12,2011-12-08 16:58:00,0.39,13026,United Kingdom,4.68,2011,12,December,Thursday
581443,72800E,4 IVORY DINNER CANDLES SILVER FLOCK,36,2011-12-08 16:58:00,0.79,13026,United Kingdom,28.44,2011,12,December,Thursday
581443,90086,CRYSTAL FROG PHONE CHARM,48,2011-12-08 16:58:00,0.19,13026,United Kingdom,9.120000000000001,2011,12,December,Thursday
581443,90087,CRYSTAL SEA HORSE PHONE CHARM,48,2011-12-08 16:58:00,0.19,13026,United Kingdom,9.120000000000001,2011,12,December,Thursday
581442,22607,WOODEN ROUNDERS GARDEN SET,8,2011-12-08 16:38:00,8.5,13536,United Kingdom,68.0,2011,12,December,Thursday
581442,23284,DOORMAT KEEP CALM AND COME IN,10,2011-12-08 16:38:00,7.08,13536,United Kingdom,70.8,2011,12,December,Thursday
581442,23313,VINTAGE CHRISTMAS BUNTING,5,2011-12-08 16:38:00,4.95,13536,United Kingdom,24.75,2011,12,December,Thursday
581442,23314,VINTAGE CHRISTMAS TABLECLOTH,2,2011-12-08 16:38:00,12.5,13536,United Kingdom,25.0,2011,12,December,Thursday
581442,23523,WALL ART TREASURE AHOY,6,2011-12-08 16:38:00,3.75,13536,United Kingdom,22.5,2011,12,December,Thursday
581442,23524,WALL ART HORSE & PONY,6,2011-12-08 16:38:00,3.75,13536,United Kingdom,22.5,2011,12,December,Thursday
581442,23525,WALL ART BUFFALO BILL,6,2011-12-08 16:38:00,3.75,13536,United Kingdom,22.5,2011,12,December,Thursday
581442,23527,WALL ART ANIMALS AND NATURE,6,2011-12-08 16:38:00,3.75,13536,United Kingdom,22.5,2011,12,December,Thursday
581442,48138,DOORMAT UNION FLAG,10,2011-12-08 16:38:00,7.08,13536,United Kingdom,70.8,2011,12,December,Thursday
581438,71477,COLOURED GLASS STAR T-LIGHT HOLDER,12,2011-12-08 16:29:00,3.95,12955,United Kingdom,47.400000000000006,2011,12,December,Thursday
581438,23083,SET 6 PAPER TABLE LANTERN STARS,12,2011-12-08 16:29:00,3.75,12955,United Kingdom,45.0,2011,12,December,Thursday
581438,23308,SET OF 60 VINTAGE LEAF CAKE CASES,24,2011-12-08 16:29:00,0.55,12955,United Kingdom,13.200000000000001,2011,12,December,Thursday
581438,20668,DISCO BALL CHRISTMAS DECORATION,48,2011-12-08 16:29:00,0.12,12955,United Kingdom,5.76,2011,12,December,Thursday
581438,84347,ROTATING SILVER ANGELS T-LIGHT HLDR,48,2011-12-08 16:29:00,2.55,12955,United Kingdom,122.39999999999999,2011,12,December,Thursday
581438,22492,MINI PAINT SET VINTAGE,36,2011-12-08 16:29:00,0.65,12955,United Kingdom,23.400000000000002,2011,12,December,Thursday
581438,22530,MAGIC DRAWING SLATE DOLLY GIRL,24,2011-12-08 16:29:00,0.42,12955,United Kingdom,10.08,2011,12,December,Thursday
581438,20972,PINK CREAM FELT CRAFT TRINKET BOX,12,2011-12-08 16:29:00,1.25,12955,United Kingdom,15.0,2011,12,December,Thursday
581438,22536,MAGIC DRAWING SLATE PURDEY,24,2011-12-08 16:29:00,0.42,12955,United Kingdom,10.08,2011,12,December,Thursday
581438,22800,ANTIQUE TALL SWIRLGLASS TRINKET POT,4,2011-12-08 16:29:00,3.75,12955,United Kingdom,15.0,2011,12,December,Thursday
581438,22493,PAINT YOUR OWN CANVAS SET,12,2011-12-08 16:29:00,1.65,12955,United Kingdom,19.799999999999997,2011,12,December,Thursday
581438,22621,TRADITIONAL KNITTING NANCY,12,2011-12-08 16:29:00,1.65,12955,United Kingdom,19.799999999999997,2011,12,December,Thursday
581437,23344,JUMBO BAG 50'S CHRISTMAS,10,2011-12-08 16:22:00,2.08,14621,United Kingdom,20.8,2011,12,December,Thursday
581437,21481,FAWN BLUE HOT WATER BOTTLE,4,2011-12-08 16:22:00,3.75,14621,United Kingdom,15.0,2011,12,December,Thursday
581437,22114,HOT WATER BOTTLE TEA AND SYMPATHY,4,2011-12-08 16:22:00,4.25,14621,United Kingdom,17.0,2011,12,December,Thursday
581437,22741,FUNKY DIVA PEN,48,2011-12-08 16:22:00,0.85,14621,United Kingdom,40.8,2011,12,December,Thursday
581437,22865,HAND WARMER OWL DESIGN,12,2011-12-08 16:22:00,2.1,14621,United Kingdom,25.200000000000003,2011,12,December,Thursday
581437,22867,HAND WARMER BIRD DESIGN,12,2011-12-08 16:22:00,2.1,14621,United Kingdom,25.200000000000003,2011,12,December,Thursday
581437,22632,HAND WARMER RED RETROSPOT,12,2011-12-08 16:22:00,2.1,14621,United Kingdom,25.200000000000003,2011,12,December,Thursday
581437,22398,MAGNETS PACK OF 4 SWALLOWS,36,2011-12-08 16:22:00,0.39,14621,United Kingdom,14.040000000000001,2011,12,December,Thursday
581437,23380,PACK OF 12 VINTAGE DOILY TISSUES,24,2011-12-08 16:22:00,0.39,14621,United Kingdom,9.36,2011,12,December,Thursday
581437,23493,VINTAGE DOILY TRAVEL SEWING KIT,10,2011-12-08 16:22:00,1.95,14621,United Kingdom,19.5,2011,12,December,Thursday
581437,23351,ROLL WRAP 50'S CHRISTMAS,12,2011-12-08 16:22:00,1.25,14621,United Kingdom,15.0,2011,12,December,Thursday
581437,22584,PACK OF 6 PANETTONE GIFT BOXES,12,2011-12-08 16:22:00,2.55,14621,United Kingdom,30.599999999999998,2011,12,December,Thursday
581437,16168M,FUNKY MONKEY GIFT BAG MEDIUM,24,2011-12-08 16:22:00,0.42,14621,United Kingdom,10.08,2011,12,December,Thursday
581437,23375,50'S CHRISTMAS PAPER GIFT BAG,10,2011-12-08 16:22:00,0.82,14621,United Kingdom,8.2,2011,12,December,Thursday
581437,22743,MAKE YOUR OWN FLOWERPOWER CARD KIT,12,2011-12-08 16:22:00,0.79,14621,United Kingdom,9.48,2011,12,December,Thursday
581437,22961,JAM MAKING SET PRINTED,12,2011-12-08 16:22:00,1.45,14621,United Kingdom,17.4,2011,12,December,Thursday
581436,21742,LARGE ROUND WICKER PLATTER,2,2011-12-08 16:18:00,5.95,17491,United Kingdom,11.9,2011,12,December,Thursday
581436,84945,MULTI COLOUR SILVER T-LIGHT HOLDER,60,2011-12-08 16:18:00,0.85,17491,United Kingdom,51.0,2011,12,December,Thursday
581436,22086,PAPER CHAIN KIT 50'S CHRISTMAS,12,2011-12-08 16:18:00,2.95,17491,United Kingdom,35.400000000000006,2011,12,December,Thursday
581436,21314,SMALL GLASS HEART TRINKET POT,32,2011-12-08 16:18:00,2.1,17491,United Kingdom,67.2,2011,12,December,Thursday
581436,22675,FRENCH KITCHEN SIGN BLUE METAL,24,2011-12-08 16:18:00,1.25,17491,United Kingdom,30.0,2011,12,December,Thursday
581436,22672,FRENCH BATHROOM SIGN BLUE METAL,12,2011-12-08 16:18:00,1.65,17491,United Kingdom,19.799999999999997,2011,12,December,Thursday
581436,21899,GARAGE KEY FOB,24,2011-12-08 16:18:00,0.65,17491,United Kingdom,15.600000000000001,2011,12,December,Thursday
581436,21901,"KEY FOB , BACK DOOR ",24,2011-12-08 16:18:00,0.65,17491,United Kingdom,15.600000000000001,2011,12,December,Thursday
581436,21902,"KEY FOB , FRONT  DOOR ",24,2011-12-08 16:18:00,0.65,17491,United Kingdom,15.600000000000001,2011,12,December,Thursday
581436,21900,"KEY FOB , SHED",24,2011-12-08 16:18:00,0.65,17491,United Kingdom,15.600000000000001,2011,12,December,Thursday
581436,22840,ROUND CAKE TIN VINTAGE RED,4,2011-12-08 16:18:00,7.95,17491,United Kingdom,31.8,2011,12,December,Thursday
581436,22727,ALARM CLOCK BAKELIKE RED,4,2011-12-08 16:18:00,3.75,17491,United Kingdom,15.0,2011,12,December,Thursday
581436,22726,ALARM CLOCK BAKELIKE GREEN,4,2011-12-08 16:18:00,3.75,17491,United Kingdom,15.0,2011,12,December,Thursday
581436,23428,IVORY RETRO KITCHEN WALL CLOCK,4,2011-12-08 16:18:00,8.15,17491,United Kingdom,32.6,2011,12,December,Thursday
581436,22087,PAPER BUNTING WHITE LACE,24,2011-12-08 16:18:00,2.95,17491,United Kingdom,70.80000000000001,2011,12,December,Thursday
581434,23084,RABBIT NIGHT LIGHT,12,2011-12-08 16:10:00,2.08,13599,United Kingdom,24.96,2011,12,December,Thursday
581434,23524,WALL ART HORSE & PONY,6,2011-12-08 16:10:00,3.75,13599,United Kingdom,22.5,2011,12,December,Thursday
581434,23194,GYMKHANA TREASURE BOOK BOX,8,2011-12-08 16:10:00,2.25,13599,United Kingdom,18.0,2011,12,December,Thursday
581434,90210B,CLEAR ACRYLIC FACETED BANGLE,10,2011-12-08 16:10:00,1.0,13599,United Kingdom,10.0,2011,12,December,Thursday
581434,90210C,RED   ACRYLIC FACETED BANGLE,10,2011-12-08 16:10:00,1.0,13599,United Kingdom,10.0,2011,12,December,Thursday
581434,90057,DIAMANTE RING ASSORTED IN BOX.,24,2011-12-08 16:10:00,1.25,13599,United Kingdom,30.0,2011,12,December,Thursday
581433,22942,CHRISTMAS LIGHTS 10 SANTAS,12,2011-12-08 15:54:00,2.95,14911,EIRE,35.400000000000006,2011,12,December,Thursday
581433,22784,LANTERN CREAM GAZEBO,3,2011-12-08 15:54:00,4.95,14911,EIRE,14.850000000000001,2011,12,December,Thursday
581433,22465,HANGING METAL STAR LANTERN,12,2011-12-08 15:54:00,0.79,14911,EIRE,9.48,2011,12,December,Thursday
581433,22464,HANGING METAL HEART LANTERN,12,2011-12-08 15:54:00,0.79,14911,EIRE,9.48,2011,12,December,Thursday
581433,85014B,RED RETROSPOT UMBRELLA,3,2011-12-08 15:54:00,5.95,14911,EIRE,17.85,2011,12,December,Thursday
581433,20679,EDWARDIAN PARASOL RED,3,2011-12-08 15:54:00,5.95,14911,EIRE,17.85,2011,12,December,Thursday
581433,21155,RED RETROSPOT PEG BAG,6,2011-12-08 15:54:00,2.55,14911,EIRE,15.299999999999999,2011,12,December,Thursday
581433,22960,JAM MAKING SET WITH JARS,6,2011-12-08 15:54:00,4.25,14911,EIRE,25.5,2011,12,December,Thursday
581433,21286,RETROSPOT CANDLE  LARGE,12,2011-12-08 15:54:00,0.59,14911,EIRE,7.08,2011,12,December,Thursday
581433,21285,RETROSPOT CANDLE  MEDIUM,12,2011-12-08 15:54:00,0.39,14911,EIRE,4.68,2011,12,December,Thursday
581433,21442,GREEN BIRDHOUSE DECORATION,24,2011-12-08 15:54:00,0.19,14911,EIRE,4.5600000000000005,2011,12,December,Thursday
581433,21462,"NURSERY A,B,C PAINTED LETTERS",8,2011-12-08 15:54:00,1.95,14911,EIRE,15.6,2011,12,December,Thursday
581433,22059,CERAMIC STRAWBERRY DESIGN MUG,24,2011-12-08 15:54:00,0.39,14911,EIRE,9.36,2011,12,December,Thursday
581433,22057,CERAMIC PLATE STRAWBERRY DESIGN,16,2011-12-08 15:54:00,0.39,14911,EIRE,6.24,2011,12,December,Thursday
581433,22072,RED RETROSPOT TEA CUP AND SAUCER,12,2011-12-08 15:54:00,1.25,14911,EIRE,15.0,2011,12,December,Thursday
581433,22391,PAPERWEIGHT HOME SWEET HOME,24,2011-12-08 15:54:00,0.39,14911,EIRE,9.36,2011,12,December,Thursday
581433,22390,PAPERWEIGHT CHILDHOOD MEMORIES,12,2011-12-08 15:54:00,0.39,14911,EIRE,4.68,2011,12,December,Thursday
581433,22393,PAPERWEIGHT VINTAGE COLLAGE,24,2011-12-08 15:54:00,0.39,14911,EIRE,9.36,2011,12,December,Thursday
581433,22410,MONEY BOX HOUSEKEEPING DESIGN,12,2011-12-08 15:54:00,0.39,14911,EIRE,4.68,2011,12,December,Thursday
581433,22405,MONEY BOX POCKET MONEY DESIGN,12,2011-12-08 15:54:00,0.39,14911,EIRE,4.68,2011,12,December,Thursday
581433,22395,PAPERWEIGHT VINTAGE PAISLEY,12,2011-12-08 15:54:00,0.39,14911,EIRE,4.68,2011,12,December,Thursday
581433,22442,GROW YOUR OWN FLOWERS SET OF 3,12,2011-12-08 15:54:00,1.95,14911,EIRE,23.4,2011,12,December,Thursday
581433,22472,TV DINNER TRAY DOLLY GIRL,8,2011-12-08 15:54:00,1.95,14911,EIRE,15.6,2011,12,December,Thursday
581433,22473,TV DINNER TRAY VINTAGE PAISLEY,8,2011-12-08 15:54:00,1.95,14911,EIRE,15.6,2011,12,December,Thursday
581433,22509,SEWING BOX RETROSPOT DESIGN,4,2011-12-08 15:54:00,3.95,14911,EIRE,15.8,2011,12,December,Thursday
581433,22647,CERAMIC LOVE HEART MONEY BANK,36,2011-12-08 15:54:00,0.39,14911,EIRE,14.040000000000001,2011,12,December,Thursday
581433,22723,SET OF 6 HERB TINS SKETCHBOOK,12,2011-12-08 15:54:00,1.25,14911,EIRE,15.0,2011,12,December,Thursday
581433,22721,SET OF 3 CAKE TINS SKETCHBOOK,12,2011-12-08 15:54:00,1.95,14911,EIRE,23.4,2011,12,December,Thursday
581433,22743,MAKE YOUR OWN FLOWERPOWER CARD KIT,12,2011-12-08 15:54:00,0.79,14911,EIRE,9.48,2011,12,December,Thursday
581433,22744,MAKE YOUR OWN MONSOON CARD KIT,12,2011-12-08 15:54:00,0.79,14911,EIRE,9.48,2011,12,December,Thursday
581433,22742,MAKE YOUR OWN PLAYTIME CARD KIT,12,2011-12-08 15:54:00,0.79,14911,EIRE,9.48,2011,12,December,Thursday
581433,22758,LARGE PURPLE BABUSHKA NOTEBOOK,24,2011-12-08 15:54:00,0.39,14911,EIRE,9.36,2011,12,December,Thursday
581433,22755,SMALL PURPLE BABUSHKA NOTEBOOK,24,2011-12-08 15:54:00,0.21,14911,EIRE,5.04,2011,12,December,Thursday
581433,23320,GIANT 50'S CHRISTMAS CRACKER,12,2011-12-08 15:54:00,1.25,14911,EIRE,15.0,2011,12,December,Thursday
581433,23358,HOT STUFF HOT WATER BOTTLE,18,2011-12-08 15:54:00,1.25,14911,EIRE,22.5,2011,12,December,Thursday
581433,23522,WALL ART DOG AND BALL,12,2011-12-08 15:54:00,1.25,14911,EIRE,15.0,2011,12,December,Thursday
581433,23415,HOME SWEET HOME HOOK,12,2011-12-08 15:54:00,0.39,14911,EIRE,4.68,2011,12,December,Thursday
581433,72799E,IVORY PILLAR CANDLE SILVER FLOCK,12,2011-12-08 15:54:00,0.79,14911,EIRE,9.48,2011,12,December,Thursday
581433,72819,CUPID DESIGN SCENTED CANDLES,12,2011-12-08 15:54:00,1.25,14911,EIRE,15.0,2011,12,December,Thursday
581433,84031A,CHARLIE+LOLA RED HOT WATER BOTTLE,24,2011-12-08 15:54:00,1.25,14911,EIRE,30.0,2011,12,December,Thursday
581433,84509G,SET OF 4 FAIRY CAKE PLACEMATS,12,2011-12-08 15:54:00,1.25,14911,EIRE,15.0,2011,12,December,Thursday
581433,84707B,PINK JEWELLED MIRROR TRINKET TRAY,12,2011-12-08 15:54:00,1.95,14911,EIRE,23.4,2011,12,December,Thursday
581433,84817,DANISH ROSE DECORATIVE PLATE,48,2011-12-08 15:54:00,0.39,14911,EIRE,18.72,2011,12,December,Thursday
581433,84820,DANISH ROSE TRINKET TRAYS,16,2011-12-08 15:54:00,0.79,14911,EIRE,12.64,2011,12,December,Thursday
581433,84819,DANISH ROSE ROUND SEWING BOX,16,2011-12-08 15:54:00,0.79,14911,EIRE,12.64,2011,12,December,Thursday
581433,84821,DANISH ROSE DELUXE COASTER,24,2011-12-08 15:54:00,0.19,14911,EIRE,4.5600000000000005,2011,12,December,Thursday
581433,22171,3 HOOK PHOTO SHELF ANTIQUE WHITE,2,2011-12-08 15:54:00,8.5,14911,EIRE,17.0,2011,12,December,Thursday
581433,22914,BLUE COAT RACK PARIS FASHION,3,2011-12-08 15:54:00,4.95,14911,EIRE,14.850000000000001,2011,12,December,Thursday
581433,20718,RED RETROSPOT SHOPPER BAG,10,2011-12-08 15:54:00,1.25,14911,EIRE,12.5,2011,12,December,Thursday
581433,21108,FAIRY CAKE FLANNEL ASSORTED COLOUR,18,2011-12-08 15:54:00,0.79,14911,EIRE,14.22,2011,12,December,Thursday
581433,21111,"SWISS ROLL TOWEL, CHOCOLATE  SPOTS",24,2011-12-08 15:54:00,1.25,14911,EIRE,30.0,2011,12,December,Thursday
581433,82486,3 DRAWER ANTIQUE WHITE WOOD CABINET,4,2011-12-08 15:54:00,8.95,14911,EIRE,35.8,2011,12,December,Thursday
581433,84509B,SET OF 4 FAIRY CAKE PLACEMATS,4,2011-12-08 15:54:00,3.75,14911,EIRE,15.0,2011,12,December,Thursday
581433,22282,12 EGG HOUSE PAINTED WOOD,2,2011-12-08 15:54:00,12.75,14911,EIRE,25.5,2011,12,December,Thursday
581433,22283,6 EGG HOUSE PAINTED WOOD,2,2011-12-08 15:54:00,7.95,14911,EIRE,15.9,2011,12,December,Thursday
581433,23110,PARISIENNE KEY CABINET,2,2011-12-08 15:54:00,5.75,14911,EIRE,11.5,2011,12,December,Thursday
581433,23029,DRAWER KNOB CRACKLE GLAZE GREEN,6,2011-12-08 15:54:00,1.65,14911,EIRE,9.899999999999999,2011,12,December,Thursday
581433,22767,TRIPLE PHOTO FRAME CORNICE,2,2011-12-08 15:54:00,9.95,14911,EIRE,19.9,2011,12,December,Thursday
581433,22768,FAMILY PHOTO FRAME CORNICE,2,2011-12-08 15:54:00,9.95,14911,EIRE,19.9,2011,12,December,Thursday
581433,22766,PHOTO FRAME CORNICE,8,2011-12-08 15:54:00,2.95,14911,EIRE,23.6,2011,12,December,Thursday
581433,22169,FAMILY ALBUM WHITE PICTURE FRAME,2,2011-12-08 15:54:00,8.5,14911,EIRE,17.0,2011,12,December,Thursday
581433,22796,PHOTO FRAME 3 CLASSIC HANGING,2,2011-12-08 15:54:00,9.95,14911,EIRE,19.9,2011,12,December,Thursday
581433,21210,SET OF 72 RETROSPOT PAPER  DOILIES,12,2011-12-08 15:54:00,1.45,14911,EIRE,17.4,2011,12,December,Thursday
581433,22699,ROSES REGENCY TEACUP AND SAUCER,6,2011-12-08 15:54:00,2.95,14911,EIRE,17.700000000000003,2011,12,December,Thursday
581433,22697,GREEN REGENCY TEACUP AND SAUCER,6,2011-12-08 15:54:00,2.95,14911,EIRE,17.700000000000003,2011,12,December,Thursday
581433,22698,PINK REGENCY TEACUP AND SAUCER,6,2011-12-08 15:54:00,2.95,14911,EIRE,17.700000000000003,2011,12,December,Thursday
581433,23341,PINK DINER WALL CLOCK,2,2011-12-08 15:54:00,8.5,14911,EIRE,17.0,2011,12,December,Thursday
581433,22192,BLUE DINER WALL CLOCK,2,2011-12-08 15:54:00,8.5,14911,EIRE,17.0,2011,12,December,Thursday
581433,48187,DOORMAT NEW ENGLAND,2,2011-12-08 15:54:00,8.25,14911,EIRE,16.5,2011,12,December,Thursday
581433,48184,DOORMAT ENGLISH ROSE,2,2011-12-08 15:54:00,8.25,14911,EIRE,16.5,2011,12,December,Thursday
581433,20685,DOORMAT RED RETROSPOT,2,2011-12-08 15:54:00,8.25,14911,EIRE,16.5,2011,12,December,Thursday
581433,79302M,"ART LIGHTS,FUNK MONKEY",6,2011-12-08 15:54:00,2.95,14911,EIRE,17.700000000000003,2011,12,December,Thursday
581432,21903,MAN FLU METAL SIGN,48,2011-12-08 15:51:00,1.85,13798,United Kingdom,88.80000000000001,2011,12,December,Thursday
581432,22064,PINK DOUGHNUT TRINKET POT,48,2011-12-08 15:51:00,0.39,13798,United Kingdom,18.72,2011,12,December,Thursday
581432,20971,PINK BLUE FELT CRAFT TRINKET BOX,144,2011-12-08 15:51:00,1.06,13798,United Kingdom,152.64000000000001,2011,12,December,Thursday
581432,85123A,CREAM HANGING HEART T-LIGHT HOLDER,32,2011-12-08 15:51:00,2.55,13798,United Kingdom,81.6,2011,12,December,Thursday
581430,22960,JAM MAKING SET WITH JARS,12,2011-12-08 15:44:00,3.75,13471,United Kingdom,45.0,2011,12,December,Thursday
581430,22961,JAM MAKING SET PRINTED,12,2011-12-08 15:44:00,1.45,13471,United Kingdom,17.4,2011,12,December,Thursday
581430,22055,MINI CAKE STAND  HANGING STRAWBERY,16,2011-12-08 15:44:00,0.39,13471,United Kingdom,6.24,2011,12,December,Thursday
581430,22061,LARGE CAKE STAND  HANGING STRAWBERY,8,2011-12-08 15:44:00,2.95,13471,United Kingdom,23.6,2011,12,December,Thursday
581429,23213,STAR WREATH DECORATION WITH BELL,12,2011-12-08 15:41:00,1.25,16322,United Kingdom,15.0,2011,12,December,Thursday
581429,23212,HEART WREATH DECORATION WITH BELL,12,2011-12-08 15:41:00,1.25,16322,United Kingdom,15.0,2011,12,December,Thursday
581429,23265,SET OF 3 WOODEN TREE DECORATIONS,12,2011-12-08 15:41:00,1.25,16322,United Kingdom,15.0,2011,12,December,Thursday
581429,22603,CHRISTMAS RETROSPOT TREE WOOD,12,2011-12-08 15:41:00,0.85,16322,United Kingdom,10.2,2011,12,December,Thursday
581429,22600,CHRISTMAS RETROSPOT STAR WOOD,12,2011-12-08 15:41:00,0.85,16322,United Kingdom,10.2,2011,12,December,Thursday
581429,22338,STAR DECORATION PAINTED ZINC,24,2011-12-08 15:41:00,0.19,16322,United Kingdom,4.5600000000000005,2011,12,December,Thursday
581429,23222,CHRISTMAS TREE HANGING GOLD,12,2011-12-08 15:41:00,0.83,16322,United Kingdom,9.959999999999999,2011,12,December,Thursday
581429,23275,SET OF 3 HANGING OWLS OLLIE BEAK,12,2011-12-08 15:41:00,1.25,16322,United Kingdom,15.0,2011,12,December,Thursday
581429,21755,LOVE BUILDING BLOCK WORD,3,2011-12-08 15:41:00,6.25,16322,United Kingdom,18.75,2011,12,December,Thursday
581428,23234,BISCUIT TIN VINTAGE CHRISTMAS,6,2011-12-08 15:37:00,2.89,13404,United Kingdom,17.34,2011,12,December,Thursday
581428,23247,BISCUIT TIN 50'S CHRISTMAS,6,2011-12-08 15:37:00,2.89,13404,United Kingdom,17.34,2011,12,December,Thursday
581427,21485,RETROSPOT HEART HOT WATER BOTTLE,3,2011-12-08 15:36:00,4.95,13890,United Kingdom,14.850000000000001,2011,12,December,Thursday
581427,22113,GREY HEART HOT WATER BOTTLE,4,2011-12-08 15:36:00,4.25,13890,United Kingdom,17.0,2011,12,December,Thursday
581427,22111,SCOTTIE DOG HOT WATER BOTTLE,3,2011-12-08 15:36:00,4.95,13890,United Kingdom,14.850000000000001,2011,12,December,Thursday
581427,22114,HOT WATER BOTTLE TEA AND SYMPATHY,4,2011-12-08 15:36:00,4.25,13890,United Kingdom,17.0,2011,12,December,Thursday
581427,22112,CHOCOLATE HOT WATER BOTTLE,3,2011-12-08 15:36:00,4.95,13890,United Kingdom,14.850000000000001,2011,12,December,Thursday
581427,23356,LOVE HOT WATER BOTTLE,3,2011-12-08 15:36:00,5.95,13890,United Kingdom,17.85,2011,12,December,Thursday
581427,22442,GROW YOUR OWN FLOWERS SET OF 3,12,2011-12-08 15:36:00,1.95,13890,United Kingdom,23.4,2011,12,December,Thursday
581427,21181,PLEASE ONE PERSON METAL SIGN,12,2011-12-08 15:36:00,2.1,13890,United Kingdom,25.200000000000003,2011,12,December,Thursday
581427,20972,PINK CREAM FELT CRAFT TRINKET BOX,12,2011-12-08 15:36:00,1.25,13890,United Kingdom,15.0,2011,12,December,Thursday
581427,22273,FELTCRAFT DOLL MOLLY,6,2011-12-08 15:36:00,2.95,13890,United Kingdom,17.700000000000003,2011,12,December,Thursday
581427,22750,FELTCRAFT PRINCESS LOLA DOLL,4,2011-12-08 15:36:00,3.75,13890,United Kingdom,15.0,2011,12,December,Thursday
581427,22749,FELTCRAFT PRINCESS CHARLOTTE DOLL,4,2011-12-08 15:36:00,3.75,13890,United Kingdom,15.0,2011,12,December,Thursday
581426,21218,RED SPOTTY BISCUIT TIN,1,2011-12-08 15:31:00,3.75,17757,United Kingdom,3.75,2011,12,December,Thursday
581426,22086,PAPER CHAIN KIT 50'S CHRISTMAS,10,2011-12-08 15:31:00,2.95,17757,United Kingdom,29.5,2011,12,December,Thursday
581426,21217,RED RETROSPOT ROUND CAKE TINS,3,2011-12-08 15:31:00,9.95,17757,United Kingdom,29.849999999999998,2011,12,December,Thursday
581426,21210,SET OF 72 RETROSPOT PAPER  DOILIES,1,2011-12-08 15:31:00,1.45,17757,United Kingdom,1.45,2011,12,December,Thursday
581426,47566,PARTY BUNTING,1,2011-12-08 15:31:00,4.95,17757,United Kingdom,4.95,2011,12,December,Thursday
581426,23206,LUNCH BAG APPLE DESIGN,1,2011-12-08 15:31:00,1.65,17757,United Kingdom,1.65,2011,12,December,Thursday
581426,23229,VINTAGE DONKEY TAIL GAME,1,2011-12-08 15:31:00,3.75,17757,United Kingdom,3.75,2011,12,December,Thursday
581426,84006,MAGIC TREE -PAPER FLOWERS,12,2011-12-08 15:31:00,0.85,17757,United Kingdom,10.2,2011,12,December,Thursday
581426,84012,MAGIC SHEEP WOOL GROWING FROM PAPER,2,2011-12-08 15:31:00,0.85,17757,United Kingdom,1.7,2011,12,December,Thursday
581426,21154,RED RETROSPOT OVEN GLOVE,2,2011-12-08 15:31:00,1.25,17757,United Kingdom,2.5,2011,12,December,Thursday
581426,70007,HI TEC ALPINE HAND WARMER,6,2011-12-08 15:31:00,0.79,17757,United Kingdom,4.74,2011,12,December,Thursday
581426,70006,LOVE HEART POCKET WARMER,4,2011-12-08 15:31:00,0.79,17757,United Kingdom,3.16,2011,12,December,Thursday
581426,22666,RECIPE BOX PANTRY YELLOW DESIGN,3,2011-12-08 15:31:00,2.95,17757,United Kingdom,8.850000000000001,2011,12,December,Thursday
581426,22114,HOT WATER BOTTLE TEA AND SYMPATHY,5,2011-12-08 15:31:00,4.25,17757,United Kingdom,21.25,2011,12,December,Thursday
581426,23316,RED REFECTORY CLOCK,1,2011-12-08 15:31:00,9.95,17757,United Kingdom,9.95,2011,12,December,Thursday
581426,22844,VINTAGE CREAM DOG FOOD CONTAINER,1,2011-12-08 15:31:00,8.5,17757,United Kingdom,8.5,2011,12,December,Thursday
581426,22197,POPCORN HOLDER,30,2011-12-08 15:31:00,0.85,17757,United Kingdom,25.5,2011,12,December,Thursday
581426,22686,FRENCH BLUE METAL DOOR SIGN No,2,2011-12-08 15:31:00,1.25,17757,United Kingdom,2.5,2011,12,December,Thursday
581426,22909,SET OF 20 VINTAGE CHRISTMAS NAPKINS,7,2011-12-08 15:31:00,0.85,17757,United Kingdom,5.95,2011,12,December,Thursday
581426,22667,RECIPE BOX RETROSPOT,4,2011-12-08 15:31:00,2.95,17757,United Kingdom,11.8,2011,12,December,Thursday
581426,20914,SET/5 RED RETROSPOT LID GLASS BOWLS,3,2011-12-08 15:31:00,2.95,17757,United Kingdom,8.850000000000001,2011,12,December,Thursday
581426,22138,BAKING SET 9 PIECE RETROSPOT,2,2011-12-08 15:31:00,4.95,17757,United Kingdom,9.9,2011,12,December,Thursday
581426,22625,RED KITCHEN SCALES,2,2011-12-08 15:31:00,8.5,17757,United Kingdom,17.0,2011,12,December,Thursday
581425,21908,CHOCOLATE THIS WAY METAL SIGN,4,2011-12-08 15:31:00,2.1,14796,United Kingdom,8.4,2011,12,December,Thursday
581425,21181,PLEASE ONE PERSON METAL SIGN,7,2011-12-08 15:31:00,2.1,14796,United Kingdom,14.700000000000001,2011,12,December,Thursday
581425,82582,AREA PATROLLED METAL SIGN,6,2011-12-08 15:31:00,2.1,14796,United Kingdom,12.600000000000001,2011,12,December,Thursday
581425,82600,N0 SINGING METAL SIGN,6,2011-12-08 15:31:00,2.1,14796,United Kingdom,12.600000000000001,2011,12,December,Thursday
581425,22115,METAL SIGN EMPIRE TEA,5,2011-12-08 15:31:00,0.79,14796,United Kingdom,3.95,2011,12,December,Thursday
581425,22116,METAL SIGN HIS DINNER IS SERVED,2,2011-12-08 15:31:00,0.79,14796,United Kingdom,1.58,2011,12,December,Thursday
581425,85152,HAND OVER THE CHOCOLATE   SIGN,12,2011-12-08 15:31:00,2.1,14796,United Kingdom,25.200000000000003,2011,12,December,Thursday
581425,21166,COOK WITH WINE METAL SIGN,12,2011-12-08 15:31:00,2.08,14796,United Kingdom,24.96,2011,12,December,Thursday
581425,22423,REGENCY CAKESTAND 3 TIER,1,2011-12-08 15:31:00,12.75,14796,United Kingdom,12.75,2011,12,December,Thursday
581425,22059,CERAMIC STRAWBERRY DESIGN MUG,6,2011-12-08 15:31:00,0.39,14796,United Kingdom,2.34,2011,12,December,Thursday
581425,37448,CERAMIC CAKE DESIGN SPOTTED MUG,6,2011-12-08 15:31:00,1.49,14796,United Kingdom,8.94,2011,12,December,Thursday
581425,22890,NOVELTY BISCUITS CAKE STAND 3 TIER,1,2011-12-08 15:31:00,9.95,14796,United Kingdom,9.95,2011,12,December,Thursday
581425,21232,STRAWBERRY CERAMIC TRINKET POT,12,2011-12-08 15:31:00,1.25,14796,United Kingdom,15.0,2011,12,December,Thursday
581425,21874,GIN AND TONIC MUG,4,2011-12-08 15:31:00,1.65,14796,United Kingdom,6.6,2011,12,December,Thursday
581425,22064,PINK DOUGHNUT TRINKET POT,4,2011-12-08 15:31:00,0.39,14796,United Kingdom,1.56,2011,12,December,Thursday
581425,37450,CERAMIC CAKE BOWL + HANGING CAKES,2,2011-12-08 15:31:00,2.95,14796,United Kingdom,5.9,2011,12,December,Thursday
581425,22067,CHOC TRUFFLE GOLD TRINKET POT,2,2011-12-08 15:31:00,0.39,14796,United Kingdom,0.78,2011,12,December,Thursday
581425,21231,SWEETHEART CERAMIC TRINKET BOX,4,2011-12-08 15:31:00,1.25,14796,United Kingdom,5.0,2011,12,December,Thursday
581425,21232,STRAWBERRY CERAMIC TRINKET POT,4,2011-12-08 15:31:00,1.25,14796,United Kingdom,5.0,2011,12,December,Thursday
581425,84596G,SMALL CHOCOLATES PINK BOWL,8,2011-12-08 15:31:00,0.42,14796,United Kingdom,3.36,2011,12,December,Thursday
581425,84596F,SMALL MARSHMALLOWS PINK BOWL,8,2011-12-08 15:31:00,0.42,14796,United Kingdom,3.36,2011,12,December,Thursday
581425,84596B,SMALL DOLLY MIX DESIGN ORANGE BOWL,8,2011-12-08 15:31:00,0.42,14796,United Kingdom,3.36,2011,12,December,Thursday
581425,23155,KNICKERBOCKERGLORY MAGNET ASSORTED,6,2011-12-08 15:31:00,0.83,14796,United Kingdom,4.9799999999999995,2011,12,December,Thursday
581425,23156,SET OF 5 MINI GROCERY MAGNETS,1,2011-12-08 15:31:00,2.08,14796,United Kingdom,2.08,2011,12,December,Thursday
581425,23158,SET OF 5 LUCKY CAT MAGNETS,1,2011-12-08 15:31:00,2.08,14796,United Kingdom,2.08,2011,12,December,Thursday
581425,22923,FRIDGE MAGNETS LES ENFANTS ASSORTED,12,2011-12-08 15:31:00,0.85,14796,United Kingdom,10.2,2011,12,December,Thursday
581425,20677,PINK POLKADOT BOWL,6,2011-12-08 15:31:00,1.25,14796,United Kingdom,7.5,2011,12,December,Thursday
581425,20676,RED RETROSPOT BOWL,6,2011-12-08 15:31:00,1.25,14796,United Kingdom,7.5,2011,12,December,Thursday
581425,23309,SET OF 60 I LOVE LONDON CAKE CASES,24,2011-12-08 15:31:00,0.55,14796,United Kingdom,13.200000000000001,2011,12,December,Thursday
581425,23243,SET OF TEA COFFEE SUGAR TINS PANTRY,1,2011-12-08 15:31:00,4.95,14796,United Kingdom,4.95,2011,12,December,Thursday
581425,20675,BLUE POLKADOT BOWL,6,2011-12-08 15:31:00,1.25,14796,United Kingdom,7.5,2011,12,December,Thursday
581425,20674,GREEN POLKADOT BOWL,6,2011-12-08 15:31:00,1.25,14796,United Kingdom,7.5,2011,12,December,Thursday
581425,23178,JAM CLOCK MAGNET,1,2011-12-08 15:31:00,1.25,14796,United Kingdom,1.25,2011,12,December,Thursday
581425,23179,CLOCK MAGNET MUM'S KITCHEN,1,2011-12-08 15:31:00,1.25,14796,United Kingdom,1.25,2011,12,December,Thursday
581425,22966,GINGERBREAD MAN COOKIE CUTTER,12,2011-12-08 15:31:00,1.25,14796,United Kingdom,15.0,2011,12,December,Thursday
581425,22659,LUNCH BOX I LOVE LONDON,1,2011-12-08 15:31:00,1.95,14796,United Kingdom,1.95,2011,12,December,Thursday
581425,21417,COCKLE SHELL DISH,1,2011-12-08 15:31:00,0.79,14796,United Kingdom,0.79,2011,12,December,Thursday
581425,21415,CLAM SHELL SMALL,1,2011-12-08 15:31:00,0.79,14796,United Kingdom,0.79,2011,12,December,Thursday
581425,84992,72 SWEETHEART FAIRY CAKE CASES,2,2011-12-08 15:31:00,0.55,14796,United Kingdom,1.1,2011,12,December,Thursday
581425,23307,SET OF 60 PANTRY DESIGN CAKE CASES,4,2011-12-08 15:31:00,0.55,14796,United Kingdom,2.2,2011,12,December,Thursday
581425,22951,60 CAKE CASES DOLLY GIRL DESIGN,2,2011-12-08 15:31:00,0.55,14796,United Kingdom,1.1,2011,12,December,Thursday
581425,23308,SET OF 60 VINTAGE LEAF CAKE CASES,1,2011-12-08 15:31:00,0.55,14796,United Kingdom,0.55,2011,12,December,Thursday
581425,21977,PACK OF 60 PINK PAISLEY CAKE CASES,3,2011-12-08 15:31:00,0.55,14796,United Kingdom,1.6500000000000001,2011,12,December,Thursday
581425,22952,60 CAKE CASES VINTAGE CHRISTMAS,10,2011-12-08 15:31:00,0.55,14796,United Kingdom,5.5,2011,12,December,Thursday
581425,21212,PACK OF 72 RETROSPOT CAKE CASES,2,2011-12-08 15:31:00,0.55,14796,United Kingdom,1.1,2011,12,December,Thursday
581425,84991,60 TEATIME FAIRY CAKE CASES,8,2011-12-08 15:31:00,0.55,14796,United Kingdom,4.4,2011,12,December,Thursday
581425,23236,STORAGE TIN VINTAGE DOILY,1,2011-12-08 15:31:00,2.89,14796,United Kingdom,2.89,2011,12,December,Thursday
581425,23235,STORAGE TIN VINTAGE LEAF,1,2011-12-08 15:31:00,1.25,14796,United Kingdom,1.25,2011,12,December,Thursday
581425,23579,SNACK TRAY I LOVE LONDON,2,2011-12-08 15:31:00,1.95,14796,United Kingdom,3.9,2011,12,December,Thursday
581425,47559B,TEA TIME OVEN GLOVE,8,2011-12-08 15:31:00,1.25,14796,United Kingdom,10.0,2011,12,December,Thursday
581425,23238,SET OF 4 KNICK KNACK TINS LONDON,1,2011-12-08 15:31:00,4.15,14796,United Kingdom,4.15,2011,12,December,Thursday
581425,23240,SET OF 4 KNICK KNACK TINS DOILY,1,2011-12-08 15:31:00,4.15,14796,United Kingdom,4.15,2011,12,December,Thursday
581425,22500,SET OF 2 TINS JARDIN DE PROVENCE,4,2011-12-08 15:31:00,1.25,14796,United Kingdom,5.0,2011,12,December,Thursday
581425,22509,SEWING BOX RETROSPOT DESIGN,1,2011-12-08 15:31:00,3.95,14796,United Kingdom,3.95,2011,12,December,Thursday
581425,22438,BALLOON ART MAKE YOUR OWN FLOWERS,2,2011-12-08 15:31:00,0.39,14796,United Kingdom,0.78,2011,12,December,Thursday
581425,35648,VINTAGE BEAD PINK PURSE,1,2011-12-08 15:31:00,0.83,14796,United Kingdom,0.83,2011,12,December,Thursday
581425,23510,MINI PLAYING CARDS GYMKHANA,1,2011-12-08 15:31:00,0.42,14796,United Kingdom,0.42,2011,12,December,Thursday
581425,90089,PINK CRYSTAL SKULL PHONE CHARM,1,2011-12-08 15:31:00,0.19,14796,United Kingdom,0.19,2011,12,December,Thursday
581425,90214K,"LETTER ""K"" BLING KEY RING",1,2011-12-08 15:31:00,0.29,14796,United Kingdom,0.29,2011,12,December,Thursday
581425,90214N,"LETTER ""N"" BLING KEY RING",1,2011-12-08 15:31:00,0.29,14796,United Kingdom,0.29,2011,12,December,Thursday
581425,21065,BOOM BOX SPEAKER GIRLS,1,2011-12-08 15:31:00,1.25,14796,United Kingdom,1.25,2011,12,December,Thursday
581425,22406,MONEY BOX KINGS CHOICE DESIGN,1,2011-12-08 15:31:00,0.39,14796,United Kingdom,0.39,2011,12,December,Thursday
581425,17091J,VANILLA INCENSE IN TIN,2,2011-12-08 15:31:00,0.38,14796,United Kingdom,0.76,2011,12,December,Thursday
581425,22442,GROW YOUR OWN FLOWERS SET OF 3,2,2011-12-08 15:31:00,1.95,14796,United Kingdom,3.9,2011,12,December,Thursday
581425,22068,BLACK PIRATE TREASURE CHEST,10,2011-12-08 15:31:00,0.39,14796,United Kingdom,3.9000000000000004,2011,12,December,Thursday
581425,23319,BOX OF 6 MINI 50'S CRACKERS,1,2011-12-08 15:31:00,2.49,14796,United Kingdom,2.49,2011,12,December,Thursday
581425,22596,CHRISTMAS STAR WISH LIST CHALKBOARD,1,2011-12-08 15:31:00,0.39,14796,United Kingdom,0.39,2011,12,December,Thursday
581425,22422,TOOTHPASTE TUBE PEN,1,2011-12-08 15:31:00,0.12,14796,United Kingdom,0.12,2011,12,December,Thursday
581425,20996,JAZZ HEARTS ADDRESS BOOK,2,2011-12-08 15:31:00,0.19,14796,United Kingdom,0.38,2011,12,December,Thursday
581425,20868,SILVER FABRIC MIRROR,1,2011-12-08 15:31:00,0.39,14796,United Kingdom,0.39,2011,12,December,Thursday
581425,22217,T-LIGHT HOLDER HANGING LACE,1,2011-12-08 15:31:00,0.39,14796,United Kingdom,0.39,2011,12,December,Thursday
581425,85199S,SMALL HANGING IVORY/RED WOOD BIRD,1,2011-12-08 15:31:00,0.42,14796,United Kingdom,0.42,2011,12,December,Thursday
581425,22811,SET OF 6 T-LIGHTS CACTI,1,2011-12-08 15:31:00,1.25,14796,United Kingdom,1.25,2011,12,December,Thursday
581425,22629,SPACEBOY LUNCH BOX,2,2011-12-08 15:31:00,1.95,14796,United Kingdom,3.9,2011,12,December,Thursday
581425,22630,DOLLY GIRL LUNCH BOX,2,2011-12-08 15:31:00,1.95,14796,United Kingdom,3.9,2011,12,December,Thursday
581425,22659,LUNCH BOX I LOVE LONDON,2,2011-12-08 15:31:00,1.95,14796,United Kingdom,3.9,2011,12,December,Thursday
581425,21034,REX CASH+CARRY JUMBO SHOPPER,1,2011-12-08 15:31:00,0.95,14796,United Kingdom,0.95,2011,12,December,Thursday
581425,22165,"DIAMANTE HEART SHAPED WALL MIRROR, ",1,2011-12-08 15:31:00,3.95,14796,United Kingdom,3.95,2011,12,December,Thursday
581425,21132,SILVER STANDING GNOME,1,2011-12-08 15:31:00,1.25,14796,United Kingdom,1.25,2011,12,December,Thursday
581425,22118,JOY WOODEN BLOCK LETTERS,2,2011-12-08 15:31:00,1.25,14796,United Kingdom,2.5,2011,12,December,Thursday
581425,84707A,SILVER JEWELLED MIRROR TRINKET TRAY,4,2011-12-08 15:31:00,1.95,14796,United Kingdom,7.8,2011,12,December,Thursday
581425,84707B,PINK JEWELLED MIRROR TRINKET TRAY,2,2011-12-08 15:31:00,1.95,14796,United Kingdom,3.9,2011,12,December,Thursday
581425,22645,CERAMIC HEART FAIRY CAKE MONEY BANK,12,2011-12-08 15:31:00,0.39,14796,United Kingdom,4.68,2011,12,December,Thursday
581425,22644,CERAMIC CHERRY CAKE MONEY BANK,8,2011-12-08 15:31:00,0.39,14796,United Kingdom,3.12,2011,12,December,Thursday
581425,22646,CERAMIC STRAWBERRY CAKE MONEY BANK,20,2011-12-08 15:31:00,0.39,14796,United Kingdom,7.800000000000001,2011,12,December,Thursday
581424,84978,HANGING HEART JAR T-LIGHT HOLDER,12,2011-12-08 15:29:00,1.25,13890,United Kingdom,15.0,2011,12,December,Thursday
581424,23394,POSTE FRANCE CUSHION COVER,4,2011-12-08 15:29:00,3.75,13890,United Kingdom,15.0,2011,12,December,Thursday
581424,22189,CREAM HEART CARD HOLDER,4,2011-12-08 15:29:00,3.95,13890,United Kingdom,15.8,2011,12,December,Thursday
581424,22720,SET OF 3 CAKE TINS PANTRY DESIGN,6,2011-12-08 15:29:00,4.95,13890,United Kingdom,29.700000000000003,2011,12,December,Thursday
581424,46000S,POLYESTER FILLER PAD 40x40cm,4,2011-12-08 15:29:00,1.45,13890,United Kingdom,5.8,2011,12,December,Thursday
581424,22457,NATURAL SLATE HEART CHALKBOARD,6,2011-12-08 15:29:00,2.95,13890,United Kingdom,17.700000000000003,2011,12,December,Thursday
581424,21485,RETROSPOT HEART HOT WATER BOTTLE,3,2011-12-08 15:29:00,4.95,13890,United Kingdom,14.850000000000001,2011,12,December,Thursday
581424,21098,CHRISTMAS TOILET ROLL,12,2011-12-08 15:29:00,1.25,13890,United Kingdom,15.0,2011,12,December,Thursday
581424,23439,HAND WARMER RED LOVE HEART,12,2011-12-08 15:29:00,2.1,13890,United Kingdom,25.200000000000003,2011,12,December,Thursday
581423,22367,CHILDRENS APRON SPACEBOY DESIGN,8,2011-12-08 15:24:00,1.95,16688,United Kingdom,15.6,2011,12,December,Thursday
581423,22899,CHILDREN'S APRON DOLLY GIRL,6,2011-12-08 15:24:00,2.1,16688,United Kingdom,12.600000000000001,2011,12,December,Thursday
581423,22853,CAT BOWL VINTAGE CREAM,12,2011-12-08 15:24:00,3.25,16688,United Kingdom,39.0,2011,12,December,Thursday
581423,22852,DOG BOWL VINTAGE CREAM,12,2011-12-08 15:24:00,4.25,16688,United Kingdom,51.0,2011,12,December,Thursday
581423,21154,RED RETROSPOT OVEN GLOVE,10,2011-12-08 15:24:00,1.25,16688,United Kingdom,12.5,2011,12,December,Thursday
581423,22727,ALARM CLOCK BAKELIKE RED,4,2011-12-08 15:24:00,3.75,16688,United Kingdom,15.0,2011,12,December,Thursday
581421,21497,FANCY FONTS BIRTHDAY WRAP,25,2011-12-08 15:23:00,0.42,15898,United Kingdom,10.5,2011,12,December,Thursday
581421,48185,DOORMAT FAIRY CAKE,3,2011-12-08 15:23:00,8.25,15898,United Kingdom,24.75,2011,12,December,Thursday
581421,48194,DOORMAT HEARTS,2,2011-12-08 15:23:00,8.25,15898,United Kingdom,16.5,2011,12,December,Thursday
581421,21523,DOORMAT FANCY FONT HOME SWEET HOME,2,2011-12-08 15:23:00,8.25,15898,United Kingdom,16.5,2011,12,December,Thursday
581421,48185,DOORMAT FAIRY CAKE,2,2011-12-08 15:23:00,8.25,15898,United Kingdom,16.5,2011,12,December,Thursday
581421,21524,DOORMAT SPOTTY HOME SWEET HOME,1,2011-12-08 15:23:00,8.25,15898,United Kingdom,8.25,2011,12,December,Thursday
581421,85099B,JUMBO BAG RED RETROSPOT,9,2011-12-08 15:23:00,2.08,15898,United Kingdom,18.72,2011,12,December,Thursday
581421,23202,JUMBO BAG VINTAGE LEAF,19,2011-12-08 15:23:00,2.08,15898,United Kingdom,39.52,2011,12,December,Thursday
581421,23201,JUMBO BAG ALPHABET,10,2011-12-08 15:23:00,2.08,15898,United Kingdom,20.8,2011,12,December,Thursday
581421,85099C,JUMBO  BAG BAROQUE BLACK WHITE,10,2011-12-08 15:23:00,2.08,15898,United Kingdom,20.8,2011,12,December,Thursday
581421,85099F,JUMBO BAG STRAWBERRY,10,2011-12-08 15:23:00,2.08,15898,United Kingdom,20.8,2011,12,December,Thursday
581421,22900,SET 2 TEA TOWELS I LOVE LONDON,53,2011-12-08 15:23:00,3.25,15898,United Kingdom,172.25,2011,12,December,Thursday
581420,23004,TRAVEL CARD WALLET PANTRY,24,2011-12-08 15:09:00,0.42,16358,United Kingdom,10.08,2011,12,December,Thursday
581420,22999,TRAVEL CARD WALLET VINTAGE LEAF,24,2011-12-08 15:09:00,0.42,16358,United Kingdom,10.08,2011,12,December,Thursday
581420,23205,CHARLOTTE BAG VINTAGE ALPHABET,10,2011-12-08 15:09:00,0.85,16358,United Kingdom,8.5,2011,12,December,Thursday
581420,23204,CHARLOTTE BAG APPLES DESIGN,10,2011-12-08 15:09:00,0.85,16358,United Kingdom,8.5,2011,12,December,Thursday
581420,20719,WOODLAND CHARLOTTE BAG,10,2011-12-08 15:09:00,0.85,16358,United Kingdom,8.5,2011,12,December,Thursday
581420,22326,ROUND SNACK BOXES SET OF4 WOODLAND,6,2011-12-08 15:09:00,2.95,16358,United Kingdom,17.700000000000003,2011,12,December,Thursday
581420,23207,LUNCH BAG ALPHABET DESIGN,10,2011-12-08 15:09:00,1.65,16358,United Kingdom,16.5,2011,12,December,Thursday
581420,20726,LUNCH BAG WOODLAND,10,2011-12-08 15:09:00,1.65,16358,United Kingdom,16.5,2011,12,December,Thursday
581420,23209,LUNCH BAG VINTAGE DOILY,10,2011-12-08 15:09:00,1.65,16358,United Kingdom,16.5,2011,12,December,Thursday
581420,23208,LUNCH BAG VINTAGE LEAF DESIGN,10,2011-12-08 15:09:00,1.65,16358,United Kingdom,16.5,2011,12,December,Thursday
581420,22382,LUNCH BAG SPACEBOY DESIGN,10,2011-12-08 15:09:00,1.65,16358,United Kingdom,16.5,2011,12,December,Thursday
581420,23191,BUNDLE OF 3 RETRO NOTE BOOKS,12,2011-12-08 15:09:00,1.65,16358,United Kingdom,19.799999999999997,2011,12,December,Thursday
581420,23507,MINI PLAYING CARDS BUFFALO BILL,20,2011-12-08 15:09:00,0.42,16358,United Kingdom,8.4,2011,12,December,Thursday
581420,23506,MINI PLAYING CARDS SPACEBOY,20,2011-12-08 15:09:00,0.42,16358,United Kingdom,8.4,2011,12,December,Thursday
581420,23370,SET 36 COLOURING PENCILS DOILY,16,2011-12-08 15:09:00,1.25,16358,United Kingdom,20.0,2011,12,December,Thursday
581420,23367,SET 12 COLOUR PENCILS SPACEBOY,24,2011-12-08 15:09:00,0.65,16358,United Kingdom,15.600000000000001,2011,12,December,Thursday
581420,20973,12 PENCIL SMALL TUBE WOODLAND,24,2011-12-08 15:09:00,0.65,16358,United Kingdom,15.600000000000001,2011,12,December,Thursday
581420,23493,VINTAGE DOILY TRAVEL SEWING KIT,10,2011-12-08 15:09:00,1.95,16358,United Kingdom,19.5,2011,12,December,Thursday
581420,21791,VINTAGE HEADS AND TAILS CARD GAME,12,2011-12-08 15:09:00,1.25,16358,United Kingdom,15.0,2011,12,December,Thursday
581420,21790,VINTAGE SNAP CARDS,12,2011-12-08 15:09:00,0.85,16358,United Kingdom,10.2,2011,12,December,Thursday
581420,22747,POPPY'S PLAYHOUSE BATHROOM,6,2011-12-08 15:09:00,2.1,16358,United Kingdom,12.600000000000001,2011,12,December,Thursday
581420,22746,POPPY'S PLAYHOUSE LIVINGROOM,6,2011-12-08 15:09:00,2.1,16358,United Kingdom,12.600000000000001,2011,12,December,Thursday
581420,22748,POPPY'S PLAYHOUSE KITCHEN,6,2011-12-08 15:09:00,2.1,16358,United Kingdom,12.600000000000001,2011,12,December,Thursday
581420,22745,POPPY'S PLAYHOUSE BEDROOM,6,2011-12-08 15:09:00,2.1,16358,United Kingdom,12.600000000000001,2011,12,December,Thursday
581420,22621,TRADITIONAL KNITTING NANCY,12,2011-12-08 15:09:00,1.65,16358,United Kingdom,19.799999999999997,2011,12,December,Thursday
581420,84945,MULTI COLOUR SILVER T-LIGHT HOLDER,12,2011-12-08 15:09:00,0.85,16358,United Kingdom,10.2,2011,12,December,Thursday
581420,22738,RIBBON REEL SNOWY VILLAGE,10,2011-12-08 15:09:00,1.65,16358,United Kingdom,16.5,2011,12,December,Thursday
581420,23353,6 GIFT TAGS VINTAGE CHRISTMAS,12,2011-12-08 15:09:00,0.83,16358,United Kingdom,9.959999999999999,2011,12,December,Thursday
581420,22818,CARD CHRISTMAS VILLAGE,12,2011-12-08 15:09:00,0.42,16358,United Kingdom,5.04,2011,12,December,Thursday
581420,21507,ELEPHANT BIRTHDAY CARD,12,2011-12-08 15:09:00,0.42,16358,United Kingdom,5.04,2011,12,December,Thursday
581420,22027,TEA PARTY BIRTHDAY CARD,12,2011-12-08 15:09:00,0.42,16358,United Kingdom,5.04,2011,12,December,Thursday
581420,22037,ROBOT BIRTHDAY CARD,12,2011-12-08 15:09:00,0.42,16358,United Kingdom,5.04,2011,12,December,Thursday
581420,22028,PENNY FARTHING BIRTHDAY CARD,12,2011-12-08 15:09:00,0.42,16358,United Kingdom,5.04,2011,12,December,Thursday
581420,22716,CARD CIRCUS PARADE,12,2011-12-08 15:09:00,0.42,16358,United Kingdom,5.04,2011,12,December,Thursday
581420,84032B,CHARLIE + LOLA RED HOT WATER BOTTLE,6,2011-12-08 15:09:00,2.95,16358,United Kingdom,17.700000000000003,2011,12,December,Thursday
581419,23318,BOX OF 6 MINI VINTAGE CRACKERS,48,2011-12-08 15:03:00,2.08,15484,United Kingdom,99.84,2011,12,December,Thursday
581419,84077,WORLD WAR 2 GLIDERS ASSTD DESIGNS,288,2011-12-08 15:03:00,0.21,15484,United Kingdom,60.48,2011,12,December,Thursday
581419,22531,MAGIC DRAWING SLATE CIRCUS PARADE,48,2011-12-08 15:03:00,0.42,15484,United Kingdom,20.16,2011,12,December,Thursday
581419,22532,MAGIC DRAWING SLATE LEAP FROG,24,2011-12-08 15:03:00,0.42,15484,United Kingdom,10.08,2011,12,December,Thursday
581419,22529,MAGIC DRAWING SLATE GO TO THE FAIR,24,2011-12-08 15:03:00,0.42,15484,United Kingdom,10.08,2011,12,December,Thursday
581419,79321,CHILLI LIGHTS,12,2011-12-08 15:03:00,5.75,15484,United Kingdom,69.0,2011,12,December,Thursday
581419,21917,SET 12 KIDS  WHITE CHALK STICKS,24,2011-12-08 15:03:00,0.42,15484,United Kingdom,10.08,2011,12,December,Thursday
581419,84536A,ENGLISH ROSE NOTEBOOK A7 SIZE,16,2011-12-08 15:03:00,0.42,15484,United Kingdom,6.72,2011,12,December,Thursday
581419,22952,60 CAKE CASES VINTAGE CHRISTMAS,24,2011-12-08 15:03:00,0.55,15484,United Kingdom,13.200000000000001,2011,12,December,Thursday
581419,22636,CHILDS BREAKFAST SET CIRCUS PARADE,2,2011-12-08 15:03:00,8.5,15484,United Kingdom,17.0,2011,12,December,Thursday
581419,22899,CHILDREN'S APRON DOLLY GIRL,6,2011-12-08 15:03:00,2.1,15484,United Kingdom,12.600000000000001,2011,12,December,Thursday
581419,23158,SET OF 5 LUCKY CAT MAGNETS,12,2011-12-08 15:03:00,2.08,15484,United Kingdom,24.96,2011,12,December,Thursday
581419,23579,SNACK TRAY I LOVE LONDON,8,2011-12-08 15:03:00,1.95,15484,United Kingdom,15.6,2011,12,December,Thursday
581419,23505,PLAYING CARDS I LOVE LONDON,12,2011-12-08 15:03:00,1.25,15484,United Kingdom,15.0,2011,12,December,Thursday
581419,22970,LONDON BUS COFFEE MUG,18,2011-12-08 15:03:00,2.55,15484,United Kingdom,45.9,2011,12,December,Thursday
581419,22441,GROW YOUR OWN BASIL IN ENAMEL MUG,8,2011-12-08 15:03:00,2.1,15484,United Kingdom,16.8,2011,12,December,Thursday
581419,22453,MEASURING TAPE BABUSHKA BLUE,12,2011-12-08 15:03:00,2.95,15484,United Kingdom,35.400000000000006,2011,12,December,Thursday
581419,22434,BALLOON PUMP WITH 10 BALLOONS,8,2011-12-08 15:03:00,1.95,15484,United Kingdom,15.6,2011,12,December,Thursday
581419,22966,GINGERBREAD MAN COOKIE CUTTER,12,2011-12-08 15:03:00,1.25,15484,United Kingdom,15.0,2011,12,December,Thursday
581419,23292,SPACEBOY CHILDRENS CUP,8,2011-12-08 15:03:00,1.25,15484,United Kingdom,10.0,2011,12,December,Thursday
581419,21495,SKULLS AND CROSSBONES WRAP,25,2011-12-08 15:03:00,0.42,15484,United Kingdom,10.5,2011,12,December,Thursday
581419,21497,FANCY FONTS BIRTHDAY WRAP,25,2011-12-08 15:03:00,0.42,15484,United Kingdom,10.5,2011,12,December,Thursday
581419,21498,RED RETROSPOT WRAP,25,2011-12-08 15:03:00,0.42,15484,United Kingdom,10.5,2011,12,December,Thursday
581419,23313,VINTAGE CHRISTMAS BUNTING,15,2011-12-08 15:03:00,4.95,15484,United Kingdom,74.25,2011,12,December,Thursday
581419,23351,ROLL WRAP 50'S CHRISTMAS,12,2011-12-08 15:03:00,1.25,15484,United Kingdom,15.0,2011,12,December,Thursday
581419,23349,ROLL WRAP VINTAGE CHRISTMAS,12,2011-12-08 15:03:00,1.25,15484,United Kingdom,15.0,2011,12,December,Thursday
581419,23352,ROLL WRAP 50'S RED CHRISTMAS,12,2011-12-08 15:03:00,1.25,15484,United Kingdom,15.0,2011,12,December,Thursday
581418,23313,VINTAGE CHRISTMAS BUNTING,5,2011-12-08 15:02:00,4.95,17451,United Kingdom,24.75,2011,12,December,Thursday
581418,22086,PAPER CHAIN KIT 50'S CHRISTMAS,12,2011-12-08 15:02:00,2.95,17451,United Kingdom,35.400000000000006,2011,12,December,Thursday
581418,22083,PAPER CHAIN KIT RETROSPOT,12,2011-12-08 15:02:00,2.95,17451,United Kingdom,35.400000000000006,2011,12,December,Thursday
581418,22910,PAPER CHAIN KIT VINTAGE CHRISTMAS,12,2011-12-08 15:02:00,2.95,17451,United Kingdom,35.400000000000006,2011,12,December,Thursday
581418,23681,LUNCH BAG RED VINTAGE DOILY,10,2011-12-08 15:02:00,1.65,17451,United Kingdom,16.5,2011,12,December,Thursday
581418,23695,DOILY THANK YOU CARD,24,2011-12-08 15:02:00,0.42,17451,United Kingdom,10.08,2011,12,December,Thursday
581418,22867,HAND WARMER BIRD DESIGN,12,2011-12-08 15:02:00,2.1,17451,United Kingdom,25.200000000000003,2011,12,December,Thursday
581418,70007,HI TEC ALPINE HAND WARMER,30,2011-12-08 15:02:00,0.79,17451,United Kingdom,23.700000000000003,2011,12,December,Thursday
581418,22112,CHOCOLATE HOT WATER BOTTLE,3,2011-12-08 15:02:00,4.95,17451,United Kingdom,14.850000000000001,2011,12,December,Thursday
581418,22865,HAND WARMER OWL DESIGN,12,2011-12-08 15:02:00,2.1,17451,United Kingdom,25.200000000000003,2011,12,December,Thursday
581418,23153,ZINC SWEETHEART WIRE LETTER RACK,4,2011-12-08 15:02:00,3.75,17451,United Kingdom,15.0,2011,12,December,Thursday
581418,21383,PACK OF 12 STICKY BUNNIES,12,2011-12-08 15:02:00,0.65,17451,United Kingdom,7.800000000000001,2011,12,December,Thursday
581418,23240,SET OF 4 KNICK KNACK TINS DOILY,6,2011-12-08 15:02:00,4.15,17451,United Kingdom,24.900000000000002,2011,12,December,Thursday
581417,84029G,KNITTED UNION FLAG HOT WATER BOTTLE,4,2011-12-08 15:01:00,4.25,13013,United Kingdom,17.0,2011,12,December,Thursday
581417,47566,PARTY BUNTING,8,2011-12-08 15:01:00,4.95,13013,United Kingdom,39.6,2011,12,December,Thursday
581417,22084,PAPER CHAIN KIT EMPIRE,6,2011-12-08 15:01:00,2.95,13013,United Kingdom,17.700000000000003,2011,12,December,Thursday
581417,22835,HOT WATER BOTTLE I AM SO POORLY,8,2011-12-08 15:01:00,4.95,13013,United Kingdom,39.6,2011,12,December,Thursday
581417,23313,VINTAGE CHRISTMAS BUNTING,10,2011-12-08 15:01:00,4.95,13013,United Kingdom,49.5,2011,12,December,Thursday
581417,22738,RIBBON REEL SNOWY VILLAGE,10,2011-12-08 15:01:00,1.65,13013,United Kingdom,16.5,2011,12,December,Thursday
581417,22952,60 CAKE CASES VINTAGE CHRISTMAS,24,2011-12-08 15:01:00,0.55,13013,United Kingdom,13.200000000000001,2011,12,December,Thursday
581417,22910,PAPER CHAIN KIT VINTAGE CHRISTMAS,40,2011-12-08 15:01:00,2.55,13013,United Kingdom,102.0,2011,12,December,Thursday
581416,22466,FAIRY TALE COTTAGE NIGHT LIGHT,1,2011-12-08 14:58:00,1.95,14569,United Kingdom,1.95,2011,12,December,Thursday
581416,21731,RED TOADSTOOL LED NIGHT LIGHT,1,2011-12-08 14:58:00,1.65,14569,United Kingdom,1.65,2011,12,December,Thursday
581416,23458,DOLLY CABINET 3 DRAWERS,1,2011-12-08 14:58:00,14.95,14569,United Kingdom,14.95,2011,12,December,Thursday
581416,22801,ANTIQUE GLASS PEDESTAL BOWL,16,2011-12-08 14:58:00,3.39,14569,United Kingdom,54.24,2011,12,December,Thursday
581416,22798,ANTIQUE GLASS DRESSING TABLE POT,48,2011-12-08 14:58:00,2.55,14569,United Kingdom,122.39999999999999,2011,12,December,Thursday
581416,22808,SET OF 6 T-LIGHTS EASTER CHICKS,2,2011-12-08 14:58:00,1.25,14569,United Kingdom,2.5,2011,12,December,Thursday
581416,72349B,SET/6 PURPLE BUTTERFLY T-LIGHTS,3,2011-12-08 14:58:00,2.1,14569,United Kingdom,6.300000000000001,2011,12,December,Thursday
581416,22809,SET OF 6 T-LIGHTS SANTA,1,2011-12-08 14:58:00,2.95,14569,United Kingdom,2.95,2011,12,December,Thursday
581416,22807,SET OF 6 T-LIGHTS TOADSTOOLS,2,2011-12-08 14:58:00,1.25,14569,United Kingdom,2.5,2011,12,December,Thursday
581416,72349B,SET/6 PURPLE BUTTERFLY T-LIGHTS,1,2011-12-08 14:58:00,2.1,14569,United Kingdom,2.1,2011,12,December,Thursday
581416,22809,SET OF 6 T-LIGHTS SANTA,2,2011-12-08 14:58:00,2.95,14569,United Kingdom,5.9,2011,12,December,Thursday
581416,23487,SWEET HEART CAKE CARRIER,1,2011-12-08 14:58:00,9.95,14569,United Kingdom,9.95,2011,12,December,Thursday
581415,23552,BICYCLE PUNCTURE REPAIR KIT,6,2011-12-08 14:53:00,2.08,13269,United Kingdom,12.48,2011,12,December,Thursday
581415,21563,RED HEART SHAPE LOVE BUCKET,24,2011-12-08 14:53:00,0.79,13269,United Kingdom,18.96,2011,12,December,Thursday
581415,21441,BLUE BIRDHOUSE DECORATION,24,2011-12-08 14:53:00,0.19,13269,United Kingdom,4.5600000000000005,2011,12,December,Thursday
581415,22509,SEWING BOX RETROSPOT DESIGN,4,2011-12-08 14:53:00,3.95,13269,United Kingdom,15.8,2011,12,December,Thursday
581415,22752,SET 7 BABUSHKA NESTING BOXES,12,2011-12-08 14:53:00,3.95,13269,United Kingdom,47.400000000000006,2011,12,December,Thursday
581415,23084,RABBIT NIGHT LIGHT,72,2011-12-08 14:53:00,1.79,13269,United Kingdom,128.88,2011,12,December,Thursday
581415,23497,CLASSIC CHROME BICYCLE BELL,12,2011-12-08 14:53:00,1.45,13269,United Kingdom,17.4,2011,12,December,Thursday
581415,23498,CLASSIC BICYCLE CLIPS,12,2011-12-08 14:53:00,1.45,13269,United Kingdom,17.4,2011,12,December,Thursday
581415,22952,60 CAKE CASES VINTAGE CHRISTMAS,24,2011-12-08 14:53:00,0.55,13269,United Kingdom,13.200000000000001,2011,12,December,Thursday
581415,22961,JAM MAKING SET PRINTED,12,2011-12-08 14:53:00,1.45,13269,United Kingdom,17.4,2011,12,December,Thursday
581415,22867,HAND WARMER BIRD DESIGN,12,2011-12-08 14:53:00,2.1,13269,United Kingdom,25.200000000000003,2011,12,December,Thursday
581415,22993,SET OF 4 PANTRY JELLY MOULDS,12,2011-12-08 14:53:00,1.25,13269,United Kingdom,15.0,2011,12,December,Thursday
581414,23454,THREE MINI HANGING FRAMES,1,2011-12-08 14:39:00,4.15,14730,United Kingdom,4.15,2011,12,December,Thursday
581414,23452,HEART MINI PORTRAIT FRAME,6,2011-12-08 14:39:00,1.95,14730,United Kingdom,11.7,2011,12,December,Thursday
581414,23316,RED REFECTORY CLOCK,1,2011-12-08 14:39:00,9.95,14730,United Kingdom,9.95,2011,12,December,Thursday
581414,22822,CREAM WALL PLANTER HEART SHAPED,1,2011-12-08 14:39:00,5.95,14730,United Kingdom,5.95,2011,12,December,Thursday
581414,23346,SPACEBOY BEAKER,2,2011-12-08 14:39:00,1.25,14730,United Kingdom,2.5,2011,12,December,Thursday
581414,21314,SMALL GLASS HEART TRINKET POT,1,2011-12-08 14:39:00,2.1,14730,United Kingdom,2.1,2011,12,December,Thursday
581414,22596,CHRISTMAS STAR WISH LIST CHALKBOARD,1,2011-12-08 14:39:00,0.39,14730,United Kingdom,0.39,2011,12,December,Thursday
581414,23256,CHILDRENS CUTLERY SPACEBOY,1,2011-12-08 14:39:00,4.15,14730,United Kingdom,4.15,2011,12,December,Thursday
581414,22326,ROUND SNACK BOXES SET OF4 WOODLAND,1,2011-12-08 14:39:00,2.95,14730,United Kingdom,2.95,2011,12,December,Thursday
581414,21509,COWBOYS AND INDIANS BIRTHDAY CARD,12,2011-12-08 14:39:00,0.42,14730,United Kingdom,5.04,2011,12,December,Thursday
581414,22027,TEA PARTY BIRTHDAY CARD,12,2011-12-08 14:39:00,0.42,14730,United Kingdom,5.04,2011,12,December,Thursday
581414,22505,MEMO BOARD COTTAGE DESIGN,1,2011-12-08 14:39:00,4.95,14730,United Kingdom,4.95,2011,12,December,Thursday
581414,23417,BATHROOM HOOK,1,2011-12-08 14:39:00,0.39,14730,United Kingdom,0.39,2011,12,December,Thursday
581414,21592,RETROSPOT CIGAR BOX MATCHES,2,2011-12-08 14:39:00,0.39,14730,United Kingdom,0.78,2011,12,December,Thursday
581414,84997B,CHILDRENS CUTLERY RETROSPOT RED,1,2011-12-08 14:39:00,4.15,14730,United Kingdom,4.15,2011,12,December,Thursday
581414,22757,LARGE RED BABUSHKA NOTEBOOK,2,2011-12-08 14:39:00,0.39,14730,United Kingdom,0.78,2011,12,December,Thursday
581414,21137,BLACK RECORD COVER FRAME,1,2011-12-08 14:39:00,3.75,14730,United Kingdom,3.75,2011,12,December,Thursday
581414,22094,RED RETROSPOT TISSUE BOX,1,2011-12-08 14:39:00,0.39,14730,United Kingdom,0.39,2011,12,December,Thursday
581414,23346,SPACEBOY BEAKER,1,2011-12-08 14:39:00,1.25,14730,United Kingdom,1.25,2011,12,December,Thursday
581414,23371,SET 36 COLOUR PENCILS SPACEBOY,1,2011-12-08 14:39:00,1.25,14730,United Kingdom,1.25,2011,12,December,Thursday
581414,22327,ROUND SNACK BOXES SET OF 4 SKULLS,1,2011-12-08 14:39:00,2.95,14730,United Kingdom,2.95,2011,12,December,Thursday
581414,20914,SET/5 RED RETROSPOT LID GLASS BOWLS,1,2011-12-08 14:39:00,2.95,14730,United Kingdom,2.95,2011,12,December,Thursday
581414,23148,MINIATURE ANTIQUE ROSE HOOK IVORY,2,2011-12-08 14:39:00,0.83,14730,United Kingdom,1.66,2011,12,December,Thursday
581414,23290,SPACEBOY CHILDRENS BOWL,1,2011-12-08 14:39:00,1.25,14730,United Kingdom,1.25,2011,12,December,Thursday
581414,23291,DOLLY GIRL CHILDRENS CUP,1,2011-12-08 14:39:00,1.25,14730,United Kingdom,1.25,2011,12,December,Thursday
581414,22212,FOUR HOOK  WHITE LOVEBIRDS,2,2011-12-08 14:39:00,2.1,14730,United Kingdom,4.2,2011,12,December,Thursday
581414,23014,GLASS APOTHECARY BOTTLE ELIXIR,1,2011-12-08 14:39:00,3.95,14730,United Kingdom,3.95,2011,12,December,Thursday
581414,22379,RECYCLING BAG RETROSPOT,1,2011-12-08 14:39:00,2.1,14730,United Kingdom,2.1,2011,12,December,Thursday
581414,22630,DOLLY GIRL LUNCH BOX,1,2011-12-08 14:39:00,1.95,14730,United Kingdom,1.95,2011,12,December,Thursday
581414,22629,SPACEBOY LUNCH BOX,2,2011-12-08 14:39:00,1.95,14730,United Kingdom,3.9,2011,12,December,Thursday
581414,22098,BOUDOIR SQUARE TISSUE BOX,1,2011-12-08 14:39:00,0.39,14730,United Kingdom,0.39,2011,12,December,Thursday
581414,82581,TOILET METAL SIGN,1,2011-12-08 14:39:00,0.55,14730,United Kingdom,0.55,2011,12,December,Thursday
581414,22946,WOODEN ADVENT CALENDAR CREAM,2,2011-12-08 14:39:00,16.95,14730,United Kingdom,33.9,2011,12,December,Thursday
581414,23490,T-LIGHT HOLDER HANGING LOVE BIRD,1,2011-12-08 14:39:00,3.75,14730,United Kingdom,3.75,2011,12,December,Thursday
581414,23571,TRADITIONAL NAUGHTS & CROSSES,1,2011-12-08 14:39:00,1.65,14730,United Kingdom,1.65,2011,12,December,Thursday
581414,21591,COSY HOUR CIGAR BOX MATCHES,2,2011-12-08 14:39:00,1.25,14730,United Kingdom,2.5,2011,12,December,Thursday
581414,21592,RETROSPOT CIGAR BOX MATCHES,5,2011-12-08 14:39:00,0.39,14730,United Kingdom,1.9500000000000002,2011,12,December,Thursday
581414,22096,PINK PAISLEY SQUARE TISSUE BOX,1,2011-12-08 14:39:00,0.39,14730,United Kingdom,0.39,2011,12,December,Thursday
581414,22703,PINK CAT BOWL,1,2011-12-08 14:39:00,0.59,14730,United Kingdom,0.59,2011,12,December,Thursday
581414,23345,DOLLY GIRL BEAKER,1,2011-12-08 14:39:00,1.25,14730,United Kingdom,1.25,2011,12,December,Thursday
581414,22942,CHRISTMAS LIGHTS 10 SANTAS,2,2011-12-08 14:39:00,2.95,14730,United Kingdom,5.9,2011,12,December,Thursday
581414,22988,SOLDIERS EGG CUP,1,2011-12-08 14:39:00,1.25,14730,United Kingdom,1.25,2011,12,December,Thursday
581414,22596,CHRISTMAS STAR WISH LIST CHALKBOARD,24,2011-12-08 14:39:00,0.39,14730,United Kingdom,9.36,2011,12,December,Thursday
581414,23320,GIANT 50'S CHRISTMAS CRACKER,1,2011-12-08 14:39:00,1.25,14730,United Kingdom,1.25,2011,12,December,Thursday
581414,22721,SET OF 3 CAKE TINS SKETCHBOOK,2,2011-12-08 14:39:00,1.95,14730,United Kingdom,3.9,2011,12,December,Thursday
581414,21286,RETROSPOT CANDLE  LARGE,2,2011-12-08 14:39:00,0.59,14730,United Kingdom,1.18,2011,12,December,Thursday
581414,22723,SET OF 6 HERB TINS SKETCHBOOK,1,2011-12-08 14:39:00,1.25,14730,United Kingdom,1.25,2011,12,December,Thursday
581414,22722,SET OF 6 SPICE TINS PANTRY DESIGN,1,2011-12-08 14:39:00,3.95,14730,United Kingdom,3.95,2011,12,December,Thursday
581414,22723,SET OF 6 HERB TINS SKETCHBOOK,2,2011-12-08 14:39:00,1.25,14730,United Kingdom,2.5,2011,12,December,Thursday
581414,21164,HOME SWEET HOME METAL SIGN,1,2011-12-08 14:39:00,2.95,14730,United Kingdom,2.95,2011,12,December,Thursday
581414,22445,PENCIL CASE LIFE IS BEAUTIFUL,2,2011-12-08 14:39:00,2.95,14730,United Kingdom,5.9,2011,12,December,Thursday
581414,22319,HAIRCLIPS FORTIES FABRIC ASSORTED,24,2011-12-08 14:39:00,0.19,14730,United Kingdom,4.5600000000000005,2011,12,December,Thursday
581414,22539,MINI JIGSAW DOLLY GIRL,6,2011-12-08 14:39:00,0.19,14730,United Kingdom,1.1400000000000001,2011,12,December,Thursday
581414,22543,MINI JIGSAW BAKE A CAKE,2,2011-12-08 14:39:00,0.19,14730,United Kingdom,0.38,2011,12,December,Thursday
581414,22539,MINI JIGSAW DOLLY GIRL,1,2011-12-08 14:39:00,0.19,14730,United Kingdom,0.19,2011,12,December,Thursday
581414,23697,A PRETTY THANK YOU CARD,12,2011-12-08 14:39:00,0.42,14730,United Kingdom,5.04,2011,12,December,Thursday
581414,90214R,"LETTER ""R"" BLING KEY RING",1,2011-12-08 14:39:00,0.29,14730,United Kingdom,0.29,2011,12,December,Thursday
581414,21408,SPOTTY PINK DUCK DOORSTOP,1,2011-12-08 14:39:00,1.95,14730,United Kingdom,1.95,2011,12,December,Thursday
581414,22068,BLACK PIRATE TREASURE CHEST,1,2011-12-08 14:39:00,0.39,14730,United Kingdom,0.39,2011,12,December,Thursday
581414,21411,GINGHAM HEART  DOORSTOP RED,4,2011-12-08 14:39:00,1.95,14730,United Kingdom,7.8,2011,12,December,Thursday
581414,23415,HOME SWEET HOME HOOK,3,2011-12-08 14:39:00,0.39,14730,United Kingdom,1.17,2011,12,December,Thursday
581414,23416,CHAMBRE HOOK,1,2011-12-08 14:39:00,0.39,14730,United Kingdom,0.39,2011,12,December,Thursday
581414,23486,ANTIQUE HEART SHELF UNIT,1,2011-12-08 14:39:00,16.65,14730,United Kingdom,16.65,2011,12,December,Thursday
581414,21929,JUMBO BAG PINK VINTAGE PAISLEY,2,2011-12-08 14:39:00,2.08,14730,United Kingdom,4.16,2011,12,December,Thursday
581413,23208,LUNCH BAG VINTAGE LEAF DESIGN,10,2011-12-08 14:39:00,1.65,16833,United Kingdom,16.5,2011,12,December,Thursday
581413,23202,JUMBO BAG VINTAGE LEAF,10,2011-12-08 14:39:00,2.08,16833,United Kingdom,20.8,2011,12,December,Thursday
581413,21481,FAWN BLUE HOT WATER BOTTLE,4,2011-12-08 14:39:00,3.75,16833,United Kingdom,15.0,2011,12,December,Thursday
581413,21137,BLACK RECORD COVER FRAME,24,2011-12-08 14:39:00,3.39,16833,United Kingdom,81.36,2011,12,December,Thursday
581413,23526,WALL ART DOG LICENCE,4,2011-12-08 14:39:00,5.95,16833,United Kingdom,23.8,2011,12,December,Thursday
581413,23535,WALL ART BICYCLE SAFETY,4,2011-12-08 14:39:00,5.95,16833,United Kingdom,23.8,2011,12,December,Thursday
581413,22662,LUNCH BAG DOLLY GIRL DESIGN,10,2011-12-08 14:39:00,1.65,16833,United Kingdom,16.5,2011,12,December,Thursday
581413,23108,SET OF 10 LED DOLLY LIGHTS,12,2011-12-08 14:39:00,5.39,16833,United Kingdom,64.67999999999999,2011,12,December,Thursday
581413,22382,LUNCH BAG SPACEBOY DESIGN,10,2011-12-08 14:39:00,1.65,16833,United Kingdom,16.5,2011,12,December,Thursday
581413,23084,RABBIT NIGHT LIGHT,10,2011-12-08 14:39:00,2.08,16833,United Kingdom,20.8,2011,12,December,Thursday
581413,23355,HOT WATER BOTTLE KEEP CALM,4,2011-12-08 14:39:00,4.95,16833,United Kingdom,19.8,2011,12,December,Thursday
581413,20727,LUNCH BAG  BLACK SKULL.,10,2011-12-08 14:39:00,1.65,16833,United Kingdom,16.5,2011,12,December,Thursday
581413,79321,CHILLI LIGHTS,4,2011-12-08 14:39:00,5.75,16833,United Kingdom,23.0,2011,12,December,Thursday
581413,82582,AREA PATROLLED METAL SIGN,12,2011-12-08 14:39:00,2.1,16833,United Kingdom,25.200000000000003,2011,12,December,Thursday
581413,22941,CHRISTMAS LIGHTS 10 REINDEER,6,2011-12-08 14:39:00,8.5,16833,United Kingdom,51.0,2011,12,December,Thursday
581412,23582,VINTAGE DOILY JUMBO BAG RED,10,2011-12-08 14:38:00,2.08,14415,United Kingdom,20.8,2011,12,December,Thursday
581412,23202,JUMBO BAG VINTAGE LEAF,5,2011-12-08 14:38:00,2.08,14415,United Kingdom,10.4,2011,12,December,Thursday
581412,20713,JUMBO BAG OWLS,5,2011-12-08 14:38:00,2.08,14415,United Kingdom,10.4,2011,12,December,Thursday
581412,22411,JUMBO SHOPPER VINTAGE RED PAISLEY,3,2011-12-08 14:38:00,2.08,14415,United Kingdom,6.24,2011,12,December,Thursday
581412,85099B,JUMBO BAG RED RETROSPOT,3,2011-12-08 14:38:00,2.08,14415,United Kingdom,6.24,2011,12,December,Thursday
581412,23681,LUNCH BAG RED VINTAGE DOILY,4,2011-12-08 14:38:00,1.65,14415,United Kingdom,6.6,2011,12,December,Thursday
581412,23208,LUNCH BAG VINTAGE LEAF DESIGN,3,2011-12-08 14:38:00,1.65,14415,United Kingdom,4.949999999999999,2011,12,December,Thursday
581412,20726,LUNCH BAG WOODLAND,2,2011-12-08 14:38:00,1.65,14415,United Kingdom,3.3,2011,12,December,Thursday
581412,20725,LUNCH BAG RED RETROSPOT,3,2011-12-08 14:38:00,1.65,14415,United Kingdom,4.949999999999999,2011,12,December,Thursday
581412,23583,LUNCH BAG PAISLEY PARK,3,2011-12-08 14:38:00,1.65,14415,United Kingdom,4.949999999999999,2011,12,December,Thursday
581412,20727,LUNCH BAG  BLACK SKULL.,1,2011-12-08 14:38:00,1.65,14415,United Kingdom,1.65,2011,12,December,Thursday
581412,22111,SCOTTIE DOG HOT WATER BOTTLE,2,2011-12-08 14:38:00,4.95,14415,United Kingdom,9.9,2011,12,December,Thursday
581412,21481,FAWN BLUE HOT WATER BOTTLE,1,2011-12-08 14:38:00,3.75,14415,United Kingdom,3.75,2011,12,December,Thursday
581412,21034,REX CASH+CARRY JUMBO SHOPPER,1,2011-12-08 14:38:00,0.95,14415,United Kingdom,0.95,2011,12,December,Thursday
581412,23583,LUNCH BAG PAISLEY PARK,2,2011-12-08 14:38:00,1.65,14415,United Kingdom,3.3,2011,12,December,Thursday
581412,20727,LUNCH BAG  BLACK SKULL.,3,2011-12-08 14:38:00,1.65,14415,United Kingdom,4.949999999999999,2011,12,December,Thursday
581412,22553,PLASTERS IN TIN SKULLS,2,2011-12-08 14:38:00,1.65,14415,United Kingdom,3.3,2011,12,December,Thursday
581412,22556,PLASTERS IN TIN CIRCUS PARADE,2,2011-12-08 14:38:00,1.65,14415,United Kingdom,3.3,2011,12,December,Thursday
581412,22555,PLASTERS IN TIN STRONGMAN,4,2011-12-08 14:38:00,1.65,14415,United Kingdom,6.6,2011,12,December,Thursday
581412,23439,HAND WARMER RED LOVE HEART,5,2011-12-08 14:38:00,2.1,14415,United Kingdom,10.5,2011,12,December,Thursday
581412,22633,HAND WARMER UNION JACK,4,2011-12-08 14:38:00,2.1,14415,United Kingdom,8.4,2011,12,December,Thursday
581412,22865,HAND WARMER OWL DESIGN,10,2011-12-08 14:38:00,2.1,14415,United Kingdom,21.0,2011,12,December,Thursday
581412,22632,HAND WARMER RED RETROSPOT,9,2011-12-08 14:38:00,2.1,14415,United Kingdom,18.900000000000002,2011,12,December,Thursday
581412,22110,BIRD HOUSE HOT WATER BOTTLE,2,2011-12-08 14:38:00,2.55,14415,United Kingdom,5.1,2011,12,December,Thursday
581412,23355,HOT WATER BOTTLE KEEP CALM,2,2011-12-08 14:38:00,4.95,14415,United Kingdom,9.9,2011,12,December,Thursday
581412,21479,WHITE SKULL HOT WATER BOTTLE,1,2011-12-08 14:38:00,4.25,14415,United Kingdom,4.25,2011,12,December,Thursday
581412,84032B,CHARLIE + LOLA RED HOT WATER BOTTLE,3,2011-12-08 14:38:00,0.79,14415,United Kingdom,2.37,2011,12,December,Thursday
581412,21485,RETROSPOT HEART HOT WATER BOTTLE,1,2011-12-08 14:38:00,4.95,14415,United Kingdom,4.95,2011,12,December,Thursday
581412,22835,HOT WATER BOTTLE I AM SO POORLY,1,2011-12-08 14:38:00,4.95,14415,United Kingdom,4.95,2011,12,December,Thursday
581412,22112,CHOCOLATE HOT WATER BOTTLE,1,2011-12-08 14:38:00,4.95,14415,United Kingdom,4.95,2011,12,December,Thursday
581412,84032B,CHARLIE + LOLA RED HOT WATER BOTTLE,7,2011-12-08 14:38:00,0.79,14415,United Kingdom,5.53,2011,12,December,Thursday
581412,22867,HAND WARMER BIRD DESIGN,6,2011-12-08 14:38:00,2.1,14415,United Kingdom,12.600000000000001,2011,12,December,Thursday
581412,22866,HAND WARMER SCOTTY DOG DESIGN,6,2011-12-08 14:38:00,2.1,14415,United Kingdom,12.600000000000001,2011,12,December,Thursday
581412,22688,DOORMAT PEACE ON EARTH BLUE,1,2011-12-08 14:38:00,8.25,14415,United Kingdom,8.25,2011,12,December,Thursday
581412,20685,DOORMAT RED RETROSPOT,1,2011-12-08 14:38:00,8.25,14415,United Kingdom,8.25,2011,12,December,Thursday
581412,23283,DOORMAT VINTAGE LEAF,2,2011-12-08 14:38:00,8.25,14415,United Kingdom,16.5,2011,12,December,Thursday
581412,22303,COFFEE MUG APPLES DESIGN,6,2011-12-08 14:38:00,2.55,14415,United Kingdom,15.299999999999999,2011,12,December,Thursday
581412,22301,COFFEE MUG CAT + BIRD DESIGN,6,2011-12-08 14:38:00,2.55,14415,United Kingdom,15.299999999999999,2011,12,December,Thursday
581412,22302,COFFEE MUG PEARS  DESIGN,12,2011-12-08 14:38:00,2.55,14415,United Kingdom,30.599999999999998,2011,12,December,Thursday
581412,23266,SET OF 3 WOODEN STOCKING DECORATION,12,2011-12-08 14:38:00,1.25,14415,United Kingdom,15.0,2011,12,December,Thursday
581412,23265,SET OF 3 WOODEN TREE DECORATIONS,12,2011-12-08 14:38:00,1.25,14415,United Kingdom,15.0,2011,12,December,Thursday
581412,22300,COFFEE MUG DOG + BALL DESIGN,6,2011-12-08 14:38:00,2.55,14415,United Kingdom,15.299999999999999,2011,12,December,Thursday
581412,21314,SMALL GLASS HEART TRINKET POT,4,2011-12-08 14:38:00,2.1,14415,United Kingdom,8.4,2011,12,December,Thursday
581412,22847,BREAD BIN DINER STYLE IVORY,1,2011-12-08 14:38:00,16.95,14415,United Kingdom,16.95,2011,12,December,Thursday
581412,21819,GLITTER CHRISTMAS STAR,36,2011-12-08 14:38:00,0.39,14415,United Kingdom,14.040000000000001,2011,12,December,Thursday
581412,20914,SET/5 RED RETROSPOT LID GLASS BOWLS,1,2011-12-08 14:38:00,2.95,14415,United Kingdom,2.95,2011,12,December,Thursday
581412,23210,WHITE ROCKING HORSE HAND PAINTED,24,2011-12-08 14:38:00,1.25,14415,United Kingdom,30.0,2011,12,December,Thursday
581412,23661,MILK MAIDS MUG,6,2011-12-08 14:38:00,1.65,14415,United Kingdom,9.899999999999999,2011,12,December,Thursday
581412,23660,HENRIETTA HEN MUG,6,2011-12-08 14:38:00,1.65,14415,United Kingdom,9.899999999999999,2011,12,December,Thursday
581412,35970,ZINC FOLKART SLEIGH BELLS,12,2011-12-08 14:38:00,1.69,14415,United Kingdom,20.28,2011,12,December,Thursday
581412,22576,SWALLOW WOODEN CHRISTMAS DECORATION,20,2011-12-08 14:38:00,0.85,14415,United Kingdom,17.0,2011,12,December,Thursday
581412,22574,HEART WOODEN CHRISTMAS DECORATION,30,2011-12-08 14:38:00,0.85,14415,United Kingdom,25.5,2011,12,December,Thursday
581412,23380,PACK OF 12 VINTAGE DOILY TISSUES,12,2011-12-08 14:38:00,0.39,14415,United Kingdom,4.68,2011,12,December,Thursday
581412,23381,PACK OF 12 VINTAGE LEAF TISSUES,12,2011-12-08 14:38:00,0.39,14415,United Kingdom,4.68,2011,12,December,Thursday
581412,21967,PACK OF 12 SKULL TISSUES,12,2011-12-08 14:38:00,0.39,14415,United Kingdom,4.68,2011,12,December,Thursday
581412,21982,PACK OF 12 SUKI TISSUES,12,2011-12-08 14:38:00,0.39,14415,United Kingdom,4.68,2011,12,December,Thursday
581412,22614,PACK OF 12 SPACEBOY TISSUES,12,2011-12-08 14:38:00,0.39,14415,United Kingdom,4.68,2011,12,December,Thursday
581412,23344,JUMBO BAG 50'S CHRISTMAS,10,2011-12-08 14:38:00,2.08,14415,United Kingdom,20.8,2011,12,December,Thursday
581412,23343,JUMBO BAG VINTAGE CHRISTMAS,10,2011-12-08 14:38:00,2.08,14415,United Kingdom,20.8,2011,12,December,Thursday
581412,23313,VINTAGE CHRISTMAS BUNTING,4,2011-12-08 14:38:00,4.95,14415,United Kingdom,19.8,2011,12,December,Thursday
581412,23497,CLASSIC CHROME BICYCLE BELL,1,2011-12-08 14:38:00,1.45,14415,United Kingdom,1.45,2011,12,December,Thursday
581412,22930,BAKING MOULD HEART MILK CHOCOLATE,1,2011-12-08 14:38:00,2.55,14415,United Kingdom,2.55,2011,12,December,Thursday
581412,23103,JINGLE BELL HEART DECORATION,5,2011-12-08 14:38:00,1.65,14415,United Kingdom,8.25,2011,12,December,Thursday
581412,23184,BULL DOG BOTTLE OPENER,4,2011-12-08 14:38:00,4.95,14415,United Kingdom,19.8,2011,12,December,Thursday
581412,23212,HEART WREATH DECORATION WITH BELL,36,2011-12-08 14:38:00,1.25,14415,United Kingdom,45.0,2011,12,December,Thursday
581412,21733,RED HANGING HEART T-LIGHT HOLDER,1,2011-12-08 14:38:00,2.95,14415,United Kingdom,2.95,2011,12,December,Thursday
581412,23498,CLASSIC BICYCLE CLIPS,1,2011-12-08 14:38:00,1.45,14415,United Kingdom,1.45,2011,12,December,Thursday
581412,23552,BICYCLE PUNCTURE REPAIR KIT,1,2011-12-08 14:38:00,2.08,14415,United Kingdom,2.08,2011,12,December,Thursday
581412,22554,PLASTERS IN TIN WOODLAND ANIMALS,2,2011-12-08 14:38:00,1.65,14415,United Kingdom,3.3,2011,12,December,Thursday
581412,22551,PLASTERS IN TIN SPACEBOY,3,2011-12-08 14:38:00,1.65,14415,United Kingdom,4.949999999999999,2011,12,December,Thursday
581412,22852,DOG BOWL VINTAGE CREAM,1,2011-12-08 14:38:00,4.25,14415,United Kingdom,4.25,2011,12,December,Thursday
581412,22199,FRYING PAN RED RETROSPOT,1,2011-12-08 14:38:00,1.25,14415,United Kingdom,1.25,2011,12,December,Thursday
581412,22200,FRYING PAN PINK POLKADOT,2,2011-12-08 14:38:00,1.25,14415,United Kingdom,2.5,2011,12,December,Thursday
581412,22201,FRYING PAN BLUE POLKADOT,2,2011-12-08 14:38:00,1.25,14415,United Kingdom,2.5,2011,12,December,Thursday
581412,22207,FRYING PAN UNION FLAG,2,2011-12-08 14:38:00,4.25,14415,United Kingdom,8.5,2011,12,December,Thursday
581412,22203,MILK PAN RED RETROSPOT,3,2011-12-08 14:38:00,1.25,14415,United Kingdom,3.75,2011,12,December,Thursday
581412,22556,PLASTERS IN TIN CIRCUS PARADE,1,2011-12-08 14:38:00,1.65,14415,United Kingdom,1.65,2011,12,December,Thursday
581412,22204,MILK PAN BLUE POLKADOT,2,2011-12-08 14:38:00,1.25,14415,United Kingdom,2.5,2011,12,December,Thursday
581412,23256,CHILDRENS CUTLERY SPACEBOY,3,2011-12-08 14:38:00,4.15,14415,United Kingdom,12.450000000000001,2011,12,December,Thursday
581412,23255,CHILDRENS CUTLERY CIRCUS PARADE,3,2011-12-08 14:38:00,4.15,14415,United Kingdom,12.450000000000001,2011,12,December,Thursday
581412,23254,CHILDRENS CUTLERY DOLLY GIRL,3,2011-12-08 14:38:00,4.15,14415,United Kingdom,12.450000000000001,2011,12,December,Thursday
581412,22597,MUSICAL ZINC HEART DECORATION,27,2011-12-08 14:38:00,0.29,14415,United Kingdom,7.829999999999999,2011,12,December,Thursday
581412,23416,CHAMBRE HOOK,4,2011-12-08 14:38:00,0.39,14415,United Kingdom,1.56,2011,12,December,Thursday
581412,23417,BATHROOM HOOK,4,2011-12-08 14:38:00,0.39,14415,United Kingdom,1.56,2011,12,December,Thursday
581412,82582,AREA PATROLLED METAL SIGN,6,2011-12-08 14:38:00,2.1,14415,United Kingdom,12.600000000000001,2011,12,December,Thursday
581412,22789,T-LIGHT HOLDER SWEETHEART HANGING,4,2011-12-08 14:38:00,1.95,14415,United Kingdom,7.8,2011,12,December,Thursday
581412,23147,SINGLE ANTIQUE ROSE HOOK IVORY,6,2011-12-08 14:38:00,1.45,14415,United Kingdom,8.7,2011,12,December,Thursday
581412,22070,SMALL RED RETROSPOT MUG IN BOX,2,2011-12-08 14:38:00,3.75,14415,United Kingdom,7.5,2011,12,December,Thursday
581412,22071,SMALL WHITE RETROSPOT MUG IN BOX,3,2011-12-08 14:38:00,3.75,14415,United Kingdom,11.25,2011,12,December,Thursday
581412,22979,PANTRY WASHING UP BRUSH,2,2011-12-08 14:38:00,1.45,14415,United Kingdom,2.9,2011,12,December,Thursday
581412,21080,SET/20 RED RETROSPOT PAPER NAPKINS,3,2011-12-08 14:38:00,0.85,14415,United Kingdom,2.55,2011,12,December,Thursday
581412,23479,WIRE EGG BASKET,2,2011-12-08 14:38:00,7.85,14415,United Kingdom,15.7,2011,12,December,Thursday
581412,23165,LARGE CERAMIC TOP STORAGE JAR,3,2011-12-08 14:38:00,1.65,14415,United Kingdom,4.949999999999999,2011,12,December,Thursday
581412,23197,SKETCHBOOK MAGNETIC SHOPPING LIST,4,2011-12-08 14:38:00,1.45,14415,United Kingdom,5.8,2011,12,December,Thursday
581412,23196,VINTAGE LEAF MAGNETIC NOTEPAD,6,2011-12-08 14:38:00,1.45,14415,United Kingdom,8.7,2011,12,December,Thursday
581412,22838,3 TIER CAKE TIN RED AND CREAM,1,2011-12-08 14:38:00,14.95,14415,United Kingdom,14.95,2011,12,December,Thursday
581412,23213,STAR WREATH DECORATION WITH BELL,12,2011-12-08 14:38:00,1.25,14415,United Kingdom,15.0,2011,12,December,Thursday
581412,22571,ROCKING HORSE RED CHRISTMAS,31,2011-12-08 14:38:00,0.85,14415,United Kingdom,26.349999999999998,2011,12,December,Thursday
581412,85061W,WHITE JEWELLED HEART DECORATION,24,2011-12-08 14:38:00,0.85,14415,United Kingdom,20.4,2011,12,December,Thursday
581412,21843,RED RETROSPOT CAKE STAND,1,2011-12-08 14:38:00,10.95,14415,United Kingdom,10.95,2011,12,December,Thursday
581412,22592,CARDHOLDER HOLLY WREATH METAL,5,2011-12-08 14:38:00,3.75,14415,United Kingdom,18.75,2011,12,December,Thursday
581412,84836,ZINC METAL HEART DECORATION,12,2011-12-08 14:38:00,1.25,14415,United Kingdom,15.0,2011,12,December,Thursday
581412,22189,CREAM HEART CARD HOLDER,2,2011-12-08 14:38:00,3.95,14415,United Kingdom,7.9,2011,12,December,Thursday
581412,23107,WHITE HEARTS WIRE PLANT POT HOLDER,4,2011-12-08 14:38:00,0.79,14415,United Kingdom,3.16,2011,12,December,Thursday
581412,84792,ENCHANTED BIRD COATHANGER 5 HOOK,3,2011-12-08 14:38:00,4.65,14415,United Kingdom,13.950000000000001,2011,12,December,Thursday
581412,21733,RED HANGING HEART T-LIGHT HOLDER,4,2011-12-08 14:38:00,2.95,14415,United Kingdom,11.8,2011,12,December,Thursday
581412,84755,COLOUR GLASS T-LIGHT HOLDER HANGING,8,2011-12-08 14:38:00,0.65,14415,United Kingdom,5.2,2011,12,December,Thursday
581412,85123A,CREAM HANGING HEART T-LIGHT HOLDER,4,2011-12-08 14:38:00,2.95,14415,United Kingdom,11.8,2011,12,December,Thursday
581412,23144,ZINC T-LIGHT HOLDER STARS SMALL,12,2011-12-08 14:38:00,0.83,14415,United Kingdom,9.959999999999999,2011,12,December,Thursday
581412,23145,ZINC T-LIGHT HOLDER STAR LARGE,12,2011-12-08 14:38:00,0.95,14415,United Kingdom,11.399999999999999,2011,12,December,Thursday
581412,23153,ZINC SWEETHEART WIRE LETTER RACK,2,2011-12-08 14:38:00,3.75,14415,United Kingdom,7.5,2011,12,December,Thursday
581412,21430,SET/3 RED GINGHAM ROSE STORAGE BOX,1,2011-12-08 14:38:00,3.75,14415,United Kingdom,3.75,2011,12,December,Thursday
581412,22928,YELLOW GIANT GARDEN THERMOMETER,1,2011-12-08 14:38:00,5.95,14415,United Kingdom,5.95,2011,12,December,Thursday
581411,22725,ALARM CLOCK BAKELIKE CHOCOLATE,16,2011-12-08 14:15:00,3.75,17554,United Kingdom,60.0,2011,12,December,Thursday
581411,22726,ALARM CLOCK BAKELIKE GREEN,20,2011-12-08 14:15:00,3.75,17554,United Kingdom,75.0,2011,12,December,Thursday
581411,22727,ALARM CLOCK BAKELIKE RED,16,2011-12-08 14:15:00,3.75,17554,United Kingdom,60.0,2011,12,December,Thursday
581411,22730,ALARM CLOCK BAKELIKE IVORY,4,2011-12-08 14:15:00,3.75,17554,United Kingdom,15.0,2011,12,December,Thursday
581411,16016,LARGE CHINESE STYLE SCISSOR,10,2011-12-08 14:15:00,0.85,17554,United Kingdom,8.5,2011,12,December,Thursday
581411,23188,VINTAGE  2 METRE FOLDING RULER,12,2011-12-08 14:15:00,1.65,17554,United Kingdom,19.799999999999997,2011,12,December,Thursday
581410,84949,SILVER HANGING T-LIGHT HOLDER,72,2011-12-08 14:14:00,1.45,13098,United Kingdom,104.39999999999999,2011,12,December,Thursday
581410,84692,BOX OF 24 COCKTAIL PARASOLS,25,2011-12-08 14:14:00,0.42,13098,United Kingdom,10.5,2011,12,December,Thursday
581410,84347,ROTATING SILVER ANGELS T-LIGHT HLDR,48,2011-12-08 14:14:00,2.55,13098,United Kingdom,122.39999999999999,2011,12,December,Thursday
581410,48184,DOORMAT ENGLISH ROSE,10,2011-12-08 14:14:00,7.08,13098,United Kingdom,70.8,2011,12,December,Thursday
581410,23681,LUNCH BAG RED VINTAGE DOILY,20,2011-12-08 14:14:00,1.65,13098,United Kingdom,33.0,2011,12,December,Thursday
581410,23582,VINTAGE DOILY JUMBO BAG RED,100,2011-12-08 14:14:00,1.79,13098,United Kingdom,179.0,2011,12,December,Thursday
581410,23576,SNACK TRAY RED VINTAGE DOILY,8,2011-12-08 14:14:00,1.95,13098,United Kingdom,15.6,2011,12,December,Thursday
581410,23575,SNACK TRAY PAISLEY PARK,8,2011-12-08 14:14:00,1.95,13098,United Kingdom,15.6,2011,12,December,Thursday
581410,23546,WRAP PAISLEY PARK,50,2011-12-08 14:14:00,0.42,13098,United Kingdom,21.0,2011,12,December,Thursday
581410,23545,WRAP RED VINTAGE DOILY,75,2011-12-08 14:14:00,0.42,13098,United Kingdom,31.5,2011,12,December,Thursday
581410,23346,SPACEBOY BEAKER,12,2011-12-08 14:14:00,1.25,13098,United Kingdom,15.0,2011,12,December,Thursday
581410,23345,DOLLY GIRL BEAKER,12,2011-12-08 14:14:00,1.25,13098,United Kingdom,15.0,2011,12,December,Thursday
581410,23344,JUMBO BAG 50'S CHRISTMAS,20,2011-12-08 14:14:00,2.08,13098,United Kingdom,41.6,2011,12,December,Thursday
581410,23231,WRAP  VINTAGE DOILY,50,2011-12-08 14:14:00,0.42,13098,United Kingdom,21.0,2011,12,December,Thursday
581410,23230,WRAP ALPHABET DESIGN,50,2011-12-08 14:14:00,0.42,13098,United Kingdom,21.0,2011,12,December,Thursday
581410,23209,LUNCH BAG VINTAGE DOILY,20,2011-12-08 14:14:00,1.65,13098,United Kingdom,33.0,2011,12,December,Thursday
581410,23084,RABBIT NIGHT LIGHT,168,2011-12-08 14:14:00,1.79,13098,United Kingdom,300.72,2011,12,December,Thursday
581410,22749,FELTCRAFT PRINCESS CHARLOTTE DOLL,48,2011-12-08 14:14:00,3.39,13098,United Kingdom,162.72,2011,12,December,Thursday
581410,22585,PACK OF 6 BIRDY GIFT TAGS,36,2011-12-08 14:14:00,1.25,13098,United Kingdom,45.0,2011,12,December,Thursday
581410,22150,3 STRIPEY MICE FELTCRAFT,40,2011-12-08 14:14:00,1.65,13098,United Kingdom,66.0,2011,12,December,Thursday
581410,22086,PAPER CHAIN KIT 50'S CHRISTMAS,80,2011-12-08 14:14:00,2.55,13098,United Kingdom,204.0,2011,12,December,Thursday
581410,21498,RED RETROSPOT WRAP,75,2011-12-08 14:14:00,0.42,13098,United Kingdom,31.5,2011,12,December,Thursday
581410,21210,SET OF 72 RETROSPOT PAPER  DOILIES,12,2011-12-08 14:14:00,1.45,13098,United Kingdom,17.4,2011,12,December,Thursday
581410,20725,LUNCH BAG RED RETROSPOT,20,2011-12-08 14:14:00,1.65,13098,United Kingdom,33.0,2011,12,December,Thursday
581410,20685,DOORMAT RED RETROSPOT,10,2011-12-08 14:14:00,7.08,13098,United Kingdom,70.8,2011,12,December,Thursday
581407,23227,FILIGREE HEART BUTTERFLY WHITE,4,2011-12-08 13:59:00,1.25,13263,United Kingdom,5.0,2011,12,December,Thursday
581407,21877,HOME SWEET HOME MUG,1,2011-12-08 13:59:00,1.65,13263,United Kingdom,1.65,2011,12,December,Thursday
581407,21873,IF YOU CAN'T STAND THE HEAT MUG,1,2011-12-08 13:59:00,1.25,13263,United Kingdom,1.25,2011,12,December,Thursday
581407,21872,GLAMOROUS  MUG,1,2011-12-08 13:59:00,1.25,13263,United Kingdom,1.25,2011,12,December,Thursday
581407,21068,VINTAGE BILLBOARD LOVE/HATE MUG,3,2011-12-08 13:59:00,1.25,13263,United Kingdom,3.75,2011,12,December,Thursday
581407,22113,GREY HEART HOT WATER BOTTLE,1,2011-12-08 13:59:00,4.25,13263,United Kingdom,4.25,2011,12,December,Thursday
581407,21481,FAWN BLUE HOT WATER BOTTLE,1,2011-12-08 13:59:00,3.75,13263,United Kingdom,3.75,2011,12,December,Thursday
581407,23358,HOT STUFF HOT WATER BOTTLE,4,2011-12-08 13:59:00,1.25,13263,United Kingdom,5.0,2011,12,December,Thursday
581407,22805,BLUE DRAWER KNOB ACRYLIC EDWARDIAN,1,2011-12-08 13:59:00,1.25,13263,United Kingdom,1.25,2011,12,December,Thursday
581407,22577,WOODEN HEART CHRISTMAS SCANDINAVIAN,1,2011-12-08 13:59:00,0.29,13263,United Kingdom,0.29,2011,12,December,Thursday
581407,22581,WOOD STOCKING CHRISTMAS SCANDISPOT,26,2011-12-08 13:59:00,0.29,13263,United Kingdom,7.539999999999999,2011,12,December,Thursday
581407,21810,CHRISTMAS HANGING STAR WITH BELL,5,2011-12-08 13:59:00,0.39,13263,United Kingdom,1.9500000000000002,2011,12,December,Thursday
581407,21809,CHRISTMAS HANGING TREE WITH BELL,5,2011-12-08 13:59:00,0.39,13263,United Kingdom,1.9500000000000002,2011,12,December,Thursday
581407,23223,CHRISTMAS TREE HANGING SILVER,2,2011-12-08 13:59:00,0.83,13263,United Kingdom,1.66,2011,12,December,Thursday
581407,23222,CHRISTMAS TREE HANGING GOLD,2,2011-12-08 13:59:00,0.83,13263,United Kingdom,1.66,2011,12,December,Thursday
581407,23266,SET OF 3 WOODEN STOCKING DECORATION,2,2011-12-08 13:59:00,1.25,13263,United Kingdom,2.5,2011,12,December,Thursday
581407,23275,SET OF 3 HANGING OWLS OLLIE BEAK,2,2011-12-08 13:59:00,1.25,13263,United Kingdom,2.5,2011,12,December,Thursday
581407,23264,SET OF 3 WOODEN SLEIGH DECORATIONS,2,2011-12-08 13:59:00,1.25,13263,United Kingdom,2.5,2011,12,December,Thursday
581407,23265,SET OF 3 WOODEN TREE DECORATIONS,2,2011-12-08 13:59:00,1.25,13263,United Kingdom,2.5,2011,12,December,Thursday
581407,23263,SET OF 3 WOODEN HEART DECORATIONS,2,2011-12-08 13:59:00,1.25,13263,United Kingdom,2.5,2011,12,December,Thursday
581407,22593,CHRISTMAS GINGHAM STAR,3,2011-12-08 13:59:00,0.85,13263,United Kingdom,2.55,2011,12,December,Thursday
581407,22594,CHRISTMAS GINGHAM TREE,3,2011-12-08 13:59:00,0.85,13263,United Kingdom,2.55,2011,12,December,Thursday
581407,22595,GINGHAM HEART DECORATION,12,2011-12-08 13:59:00,0.85,13263,United Kingdom,10.2,2011,12,December,Thursday
581407,21034,REX CASH+CARRY JUMBO SHOPPER,1,2011-12-08 13:59:00,0.95,13263,United Kingdom,0.95,2011,12,December,Thursday
581407,22942,CHRISTMAS LIGHTS 10 SANTAS,1,2011-12-08 13:59:00,2.95,13263,United Kingdom,2.95,2011,12,December,Thursday
581407,23323,WHITE WICKER STAR,1,2011-12-08 13:59:00,2.1,13263,United Kingdom,2.1,2011,12,December,Thursday
581407,22694,WICKER STAR,1,2011-12-08 13:59:00,2.1,13263,United Kingdom,2.1,2011,12,December,Thursday
581407,21754,HOME BUILDING BLOCK WORD,1,2011-12-08 13:59:00,6.25,13263,United Kingdom,6.25,2011,12,December,Thursday
581407,21755,LOVE BUILDING BLOCK WORD,1,2011-12-08 13:59:00,6.25,13263,United Kingdom,6.25,2011,12,December,Thursday
581407,22119,PEACE WOODEN BLOCK LETTERS,2,2011-12-08 13:59:00,1.95,13263,United Kingdom,3.9,2011,12,December,Thursday
581407,22118,JOY WOODEN BLOCK LETTERS,2,2011-12-08 13:59:00,1.25,13263,United Kingdom,2.5,2011,12,December,Thursday
581407,22121,NOEL WOODEN BLOCK LETTERS,1,2011-12-08 13:59:00,5.95,13263,United Kingdom,5.95,2011,12,December,Thursday
581407,79321,CHILLI LIGHTS,2,2011-12-08 13:59:00,5.75,13263,United Kingdom,11.5,2011,12,December,Thursday
581407,23267,SET OF 4 SANTA PLACE SETTINGS,1,2011-12-08 13:59:00,1.25,13263,United Kingdom,1.25,2011,12,December,Thursday
581407,22558,CLOTHES PEGS RETROSPOT PACK 24,2,2011-12-08 13:59:00,1.65,13263,United Kingdom,3.3,2011,12,December,Thursday
581407,22112,CHOCOLATE HOT WATER BOTTLE,2,2011-12-08 13:59:00,4.95,13263,United Kingdom,9.9,2011,12,December,Thursday
581407,21485,RETROSPOT HEART HOT WATER BOTTLE,1,2011-12-08 13:59:00,4.95,13263,United Kingdom,4.95,2011,12,December,Thursday
581407,23356,LOVE HOT WATER BOTTLE,1,2011-12-08 13:59:00,5.95,13263,United Kingdom,5.95,2011,12,December,Thursday
581407,23355,HOT WATER BOTTLE KEEP CALM,2,2011-12-08 13:59:00,4.95,13263,United Kingdom,9.9,2011,12,December,Thursday
581407,22835,HOT WATER BOTTLE I AM SO POORLY,2,2011-12-08 13:59:00,4.95,13263,United Kingdom,9.9,2011,12,December,Thursday
581407,22109,FULL ENGLISH BREAKFAST PLATE,2,2011-12-08 13:59:00,3.75,13263,United Kingdom,7.5,2011,12,December,Thursday
581407,23452,HEART MINI PORTRAIT FRAME,1,2011-12-08 13:59:00,1.95,13263,United Kingdom,1.95,2011,12,December,Thursday
581407,23451,SQUARE MINI PORTRAIT FRAME,1,2011-12-08 13:59:00,1.95,13263,United Kingdom,1.95,2011,12,December,Thursday
581407,23453,OVAL  MINI PORTRAIT FRAME,1,2011-12-08 13:59:00,1.95,13263,United Kingdom,1.95,2011,12,December,Thursday
581407,22766,PHOTO FRAME CORNICE,2,2011-12-08 13:59:00,2.95,13263,United Kingdom,5.9,2011,12,December,Thursday
581407,85150,LADIES & GENTLEMEN METAL SIGN,3,2011-12-08 13:59:00,2.55,13263,United Kingdom,7.6499999999999995,2011,12,December,Thursday
581407,82582,AREA PATROLLED METAL SIGN,2,2011-12-08 13:59:00,2.1,13263,United Kingdom,4.2,2011,12,December,Thursday
581407,23486,ANTIQUE HEART SHELF UNIT,1,2011-12-08 13:59:00,16.65,13263,United Kingdom,16.65,2011,12,December,Thursday
581405,M,Manual,3,2011-12-08 13:50:00,0.42,13521,United Kingdom,1.26,2011,12,December,Thursday
581405,22509,SEWING BOX RETROSPOT DESIGN,1,2011-12-08 13:50:00,3.95,13521,United Kingdom,3.95,2011,12,December,Thursday
581405,15056P,EDWARDIAN PARASOL PINK,1,2011-12-08 13:50:00,5.95,13521,United Kingdom,5.95,2011,12,December,Thursday
581405,20679,EDWARDIAN PARASOL RED,1,2011-12-08 13:50:00,5.95,13521,United Kingdom,5.95,2011,12,December,Thursday
581405,20686,DOLLY MIXTURE CHILDREN'S UMBRELLA,1,2011-12-08 13:50:00,3.25,13521,United Kingdom,3.25,2011,12,December,Thursday
581405,22170,PICTURE FRAME WOOD TRIPLE PORTRAIT,1,2011-12-08 13:50:00,6.75,13521,United Kingdom,6.75,2011,12,December,Thursday
581405,23084,RABBIT NIGHT LIGHT,8,2011-12-08 13:50:00,2.08,13521,United Kingdom,16.64,2011,12,December,Thursday
581405,20992,JAZZ HEARTS PURSE NOTEBOOK,1,2011-12-08 13:50:00,0.39,13521,United Kingdom,0.39,2011,12,December,Thursday
581405,21984,PACK OF 12 PINK PAISLEY TISSUES,3,2011-12-08 13:50:00,0.39,13521,United Kingdom,1.17,2011,12,December,Thursday
581405,21790,VINTAGE SNAP CARDS,2,2011-12-08 13:50:00,0.85,13521,United Kingdom,1.7,2011,12,December,Thursday
581405,23504,PLAYING CARDS JUBILEE UNION JACK,1,2011-12-08 13:50:00,1.25,13521,United Kingdom,1.25,2011,12,December,Thursday
581405,22091,EMPIRE TISSUE BOX,3,2011-12-08 13:50:00,0.39,13521,United Kingdom,1.17,2011,12,December,Thursday
581405,23376,PACK OF 12 VINTAGE CHRISTMAS TISSUE,2,2011-12-08 13:50:00,0.39,13521,United Kingdom,0.78,2011,12,December,Thursday
581405,23506,MINI PLAYING CARDS SPACEBOY,2,2011-12-08 13:50:00,0.42,13521,United Kingdom,0.84,2011,12,December,Thursday
581405,23510,MINI PLAYING CARDS GYMKHANA,2,2011-12-08 13:50:00,0.42,13521,United Kingdom,0.84,2011,12,December,Thursday
581405,22280,POCKET BAG PINK PAISELY BROWN SPOT,1,2011-12-08 13:50:00,1.25,13521,United Kingdom,1.25,2011,12,December,Thursday
581405,22279,POCKET BAG BLUE PAISLEY RED SPOT,1,2011-12-08 13:50:00,1.25,13521,United Kingdom,1.25,2011,12,December,Thursday
581405,22952,60 CAKE CASES VINTAGE CHRISTMAS,2,2011-12-08 13:50:00,0.55,13521,United Kingdom,1.1,2011,12,December,Thursday
581405,85176,SEWING SUSAN 21 NEEDLE SET,1,2011-12-08 13:50:00,0.85,13521,United Kingdom,0.85,2011,12,December,Thursday
581405,22727,ALARM CLOCK BAKELIKE RED,1,2011-12-08 13:50:00,3.75,13521,United Kingdom,3.75,2011,12,December,Thursday
581405,22389,PAPERWEIGHT SAVE THE PLANET,4,2011-12-08 13:50:00,0.39,13521,United Kingdom,1.56,2011,12,December,Thursday
581405,23367,SET 12 COLOUR PENCILS SPACEBOY,2,2011-12-08 13:50:00,0.65,13521,United Kingdom,1.3,2011,12,December,Thursday
581405,22557,PLASTERS IN TIN VINTAGE PAISLEY,2,2011-12-08 13:50:00,1.65,13521,United Kingdom,3.3,2011,12,December,Thursday
581405,22551,PLASTERS IN TIN SPACEBOY,1,2011-12-08 13:50:00,1.65,13521,United Kingdom,1.65,2011,12,December,Thursday
581405,90214E,"LETTER ""E"" BLING KEY RING",1,2011-12-08 13:50:00,0.29,13521,United Kingdom,0.29,2011,12,December,Thursday
581405,22530,MAGIC DRAWING SLATE DOLLY GIRL,2,2011-12-08 13:50:00,0.42,13521,United Kingdom,0.84,2011,12,December,Thursday
581405,22546,MINI JIGSAW PURDEY,2,2011-12-08 13:50:00,0.19,13521,United Kingdom,0.38,2011,12,December,Thursday
581405,22544,MINI JIGSAW SPACEBOY,2,2011-12-08 13:50:00,0.19,13521,United Kingdom,0.38,2011,12,December,Thursday
581405,22544,MINI JIGSAW SPACEBOY,1,2011-12-08 13:50:00,0.19,13521,United Kingdom,0.19,2011,12,December,Thursday
581405,22533,MAGIC DRAWING SLATE BAKE A CAKE,1,2011-12-08 13:50:00,0.42,13521,United Kingdom,0.42,2011,12,December,Thursday
581405,22534,MAGIC DRAWING SLATE SPACEBOY,3,2011-12-08 13:50:00,0.42,13521,United Kingdom,1.26,2011,12,December,Thursday
581405,22144,CHRISTMAS CRAFT LITTLE FRIENDS,1,2011-12-08 13:50:00,2.1,13521,United Kingdom,2.1,2011,12,December,Thursday
581405,22744,MAKE YOUR OWN MONSOON CARD KIT,1,2011-12-08 13:50:00,0.79,13521,United Kingdom,0.79,2011,12,December,Thursday
581405,22743,MAKE YOUR OWN FLOWERPOWER CARD KIT,1,2011-12-08 13:50:00,0.79,13521,United Kingdom,0.79,2011,12,December,Thursday
581405,23493,VINTAGE DOILY TRAVEL SEWING KIT,2,2011-12-08 13:50:00,1.95,13521,United Kingdom,3.9,2011,12,December,Thursday
581405,90214P,"LETTER ""P"" BLING KEY RING",1,2011-12-08 13:50:00,0.29,13521,United Kingdom,0.29,2011,12,December,Thursday
581405,90214I,"LETTER ""I"" BLING KEY RING",1,2011-12-08 13:50:00,0.29,13521,United Kingdom,0.29,2011,12,December,Thursday
581405,22651,GENTLEMAN SHIRT REPAIR KIT,2,2011-12-08 13:50:00,0.85,13521,United Kingdom,1.7,2011,12,December,Thursday
581405,21878,PACK OF 6 SANDCASTLE FLAGS ASSORTED,1,2011-12-08 13:50:00,0.85,13521,United Kingdom,0.85,2011,12,December,Thursday
581405,21739,COSY SLIPPER SHOES SMALL GREEN,1,2011-12-08 13:50:00,2.95,13521,United Kingdom,2.95,2011,12,December,Thursday
581405,21064,BOOM BOX SPEAKER BOYS,1,2011-12-08 13:50:00,1.25,13521,United Kingdom,1.25,2011,12,December,Thursday
581405,20733,GOLD MINI TAPE MEASURE,1,2011-12-08 13:50:00,0.85,13521,United Kingdom,0.85,2011,12,December,Thursday
581405,21984,PACK OF 12 PINK PAISLEY TISSUES,1,2011-12-08 13:50:00,0.39,13521,United Kingdom,0.39,2011,12,December,Thursday
581405,21705,BAG 500g SWIRLY MARBLES,4,2011-12-08 13:50:00,0.39,13521,United Kingdom,1.56,2011,12,December,Thursday
581405,23300,GARDENERS KNEELING PAD CUP OF TEA,2,2011-12-08 13:50:00,1.65,13521,United Kingdom,3.3,2011,12,December,Thursday
581405,23301,GARDENERS KNEELING PAD KEEP CALM,2,2011-12-08 13:50:00,1.65,13521,United Kingdom,3.3,2011,12,December,Thursday
581405,22500,SET OF 2 TINS JARDIN DE PROVENCE,1,2011-12-08 13:50:00,1.25,13521,United Kingdom,1.25,2011,12,December,Thursday
581405,21619,4 VANILLA BOTANICAL CANDLES,2,2011-12-08 13:50:00,1.25,13521,United Kingdom,2.5,2011,12,December,Thursday
581405,23080,RED METAL BOX TOP SECRET,1,2011-12-08 13:50:00,8.25,13521,United Kingdom,8.25,2011,12,December,Thursday
581405,22940,FELTCRAFT CHRISTMAS FAIRY,1,2011-12-08 13:50:00,4.25,13521,United Kingdom,4.25,2011,12,December,Thursday
581405,20972,PINK CREAM FELT CRAFT TRINKET BOX,1,2011-12-08 13:50:00,1.25,13521,United Kingdom,1.25,2011,12,December,Thursday
581405,22150,3 STRIPEY MICE FELTCRAFT,1,2011-12-08 13:50:00,1.95,13521,United Kingdom,1.95,2011,12,December,Thursday
581405,85015,SET OF 12  VINTAGE POSTCARD SET,1,2011-12-08 13:50:00,0.65,13521,United Kingdom,0.65,2011,12,December,Thursday
581405,15039,SANDALWOOD FAN,1,2011-12-08 13:50:00,0.85,13521,United Kingdom,0.85,2011,12,December,Thursday
581405,22621,TRADITIONAL KNITTING NANCY,2,2011-12-08 13:50:00,1.65,13521,United Kingdom,3.3,2011,12,December,Thursday
581405,21115,ROSE CARAVAN DOORSTOP,1,2011-12-08 13:50:00,1.95,13521,United Kingdom,1.95,2011,12,December,Thursday
581405,21891,TRADITIONAL WOODEN SKIPPING ROPE,2,2011-12-08 13:50:00,1.45,13521,United Kingdom,2.9,2011,12,December,Thursday
581405,21890,S/6 WOODEN SKITTLES IN COTTON BAG,1,2011-12-08 13:50:00,3.25,13521,United Kingdom,3.25,2011,12,December,Thursday
581405,22096,PINK PAISLEY SQUARE TISSUE BOX,2,2011-12-08 13:50:00,0.39,13521,United Kingdom,0.78,2011,12,December,Thursday
581405,22754,SMALL RED BABUSHKA NOTEBOOK,1,2011-12-08 13:50:00,0.21,13521,United Kingdom,0.21,2011,12,December,Thursday
581405,20996,JAZZ HEARTS ADDRESS BOOK,1,2011-12-08 13:50:00,0.19,13521,United Kingdom,0.19,2011,12,December,Thursday
581405,21894,POTTING SHED SEED ENVELOPES,2,2011-12-08 13:50:00,1.25,13521,United Kingdom,2.5,2011,12,December,Thursday
581405,23144,ZINC T-LIGHT HOLDER STARS SMALL,3,2011-12-08 13:50:00,0.83,13521,United Kingdom,2.4899999999999998,2011,12,December,Thursday
581405,21260,FIRST AID TIN,1,2011-12-08 13:50:00,3.25,13521,United Kingdom,3.25,2011,12,December,Thursday
581405,21313,GLASS HEART T-LIGHT HOLDER,2,2011-12-08 13:50:00,0.85,13521,United Kingdom,1.7,2011,12,December,Thursday
581405,21383,PACK OF 12 STICKY BUNNIES,1,2011-12-08 13:50:00,0.65,13521,United Kingdom,0.65,2011,12,December,Thursday
581405,84993A,75 GREEN PETIT FOUR CASES,1,2011-12-08 13:50:00,0.42,13521,United Kingdom,0.42,2011,12,December,Thursday
581405,84879,ASSORTED COLOUR BIRD ORNAMENT,3,2011-12-08 13:50:00,1.69,13521,United Kingdom,5.07,2011,12,December,Thursday
581405,21136,PAINTED METAL PEARS ASSORTED,1,2011-12-08 13:50:00,1.69,13521,United Kingdom,1.69,2011,12,December,Thursday
581405,21718,RED METAL BEACH SPADE,1,2011-12-08 13:50:00,1.25,13521,United Kingdom,1.25,2011,12,December,Thursday
581405,22522,CHILDS GARDEN FORK BLUE,1,2011-12-08 13:50:00,0.85,13521,United Kingdom,0.85,2011,12,December,Thursday
581405,23189,SET OF 12 FORK CANDLES,1,2011-12-08 13:50:00,2.89,13521,United Kingdom,2.89,2011,12,December,Thursday
581405,85169A,IVORY LOVE BIRD CANDLE,1,2011-12-08 13:50:00,1.25,13521,United Kingdom,1.25,2011,12,December,Thursday
581405,85169C,EAU DE NIL LOVE BIRD CANDLE,1,2011-12-08 13:50:00,1.25,13521,United Kingdom,1.25,2011,12,December,Thursday
581405,85026B,EAU DE NILE JEWELLED T-LIGHT HOLDER,2,2011-12-08 13:50:00,0.85,13521,United Kingdom,1.7,2011,12,December,Thursday
581405,22495,SET OF 2 ROUND TINS CAMEMBERT,1,2011-12-08 13:50:00,0.79,13521,United Kingdom,0.79,2011,12,December,Thursday
581405,21494,ROTATING LEAVES T-LIGHT HOLDER,2,2011-12-08 13:50:00,1.25,13521,United Kingdom,2.5,2011,12,December,Thursday
581405,23074,EMBOSSED HEART TRINKET BOX,1,2011-12-08 13:50:00,2.08,13521,United Kingdom,2.08,2011,12,December,Thursday
581405,23309,SET OF 60 I LOVE LONDON CAKE CASES,1,2011-12-08 13:50:00,0.55,13521,United Kingdom,0.55,2011,12,December,Thursday
581405,22132,RED LOVE HEART SHAPE CUP,2,2011-12-08 13:50:00,0.85,13521,United Kingdom,1.7,2011,12,December,Thursday
581405,22099,CARAVAN SQUARE TISSUE BOX,1,2011-12-08 13:50:00,0.39,13521,United Kingdom,0.39,2011,12,December,Thursday
581405,23398,HANGING HEART BONHEUR,1,2011-12-08 13:50:00,0.85,13521,United Kingdom,0.85,2011,12,December,Thursday
581405,20986,BLUE CALCULATOR RULER,1,2011-12-08 13:50:00,1.25,13521,United Kingdom,1.25,2011,12,December,Thursday
581405,22097,SWALLOW SQUARE TISSUE BOX,1,2011-12-08 13:50:00,0.39,13521,United Kingdom,0.39,2011,12,December,Thursday
581405,21620,SET OF 4 ROSE BOTANICAL CANDLES,2,2011-12-08 13:50:00,1.25,13521,United Kingdom,2.5,2011,12,December,Thursday
581405,85231B,CINAMMON SET OF 9 T-LIGHTS,5,2011-12-08 13:50:00,0.85,13521,United Kingdom,4.25,2011,12,December,Thursday
581405,21976,PACK OF 60 MUSHROOM CAKE CASES,1,2011-12-08 13:50:00,0.55,13521,United Kingdom,0.55,2011,12,December,Thursday
581405,84991,60 TEATIME FAIRY CAKE CASES,1,2011-12-08 13:50:00,0.55,13521,United Kingdom,0.55,2011,12,December,Thursday
581405,84978,HANGING HEART JAR T-LIGHT HOLDER,2,2011-12-08 13:50:00,1.25,13521,United Kingdom,2.5,2011,12,December,Thursday
581405,22139,RETROSPOT TEA SET CERAMIC 11 PC,1,2011-12-08 13:50:00,4.95,13521,United Kingdom,4.95,2011,12,December,Thursday
581405,21439,BASKET OF TOADSTOOLS,1,2011-12-08 13:50:00,1.25,13521,United Kingdom,1.25,2011,12,December,Thursday
581405,22671,FRENCH LAUNDRY SIGN BLUE METAL,1,2011-12-08 13:50:00,1.65,13521,United Kingdom,1.65,2011,12,December,Thursday
581405,21172,PARTY METAL SIGN,2,2011-12-08 13:50:00,1.45,13521,United Kingdom,2.9,2011,12,December,Thursday
581405,23188,VINTAGE  2 METRE FOLDING RULER,1,2011-12-08 13:50:00,1.65,13521,United Kingdom,1.65,2011,12,December,Thursday
581405,21993,FLORAL FOLK STATIONERY SET,1,2011-12-08 13:50:00,1.25,13521,United Kingdom,1.25,2011,12,December,Thursday
581405,21329,DINOSAURS  WRITING SET,1,2011-12-08 13:50:00,1.65,13521,United Kingdom,1.65,2011,12,December,Thursday
581405,23551,PACK OF 12 PAISLEY PARK TISSUES,4,2011-12-08 13:50:00,0.39,13521,United Kingdom,1.56,2011,12,December,Thursday
581405,21109,LARGE CAKE TOWEL CHOCOLATE SPOTS,1,2011-12-08 13:50:00,1.95,13521,United Kingdom,1.95,2011,12,December,Thursday
581405,22119,PEACE WOODEN BLOCK LETTERS,2,2011-12-08 13:50:00,1.95,13521,United Kingdom,3.9,2011,12,December,Thursday
581405,22473,TV DINNER TRAY VINTAGE PAISLEY,1,2011-12-08 13:50:00,1.95,13521,United Kingdom,1.95,2011,12,December,Thursday
581405,22474,SPACEBOY TV DINNER TRAY,1,2011-12-08 13:50:00,1.95,13521,United Kingdom,1.95,2011,12,December,Thursday
581405,22209,WOOD STAMP SET HAPPY BIRTHDAY,1,2011-12-08 13:50:00,0.83,13521,United Kingdom,0.83,2011,12,December,Thursday
581405,22422,TOOTHPASTE TUBE PEN,5,2011-12-08 13:50:00,0.12,13521,United Kingdom,0.6,2011,12,December,Thursday
581405,23399,HOME SWEET HOME HANGING HEART,1,2011-12-08 13:50:00,0.85,13521,United Kingdom,0.85,2011,12,December,Thursday
581405,47469,ASSORTED SHAPES PHOTO CLIP SILVER,2,2011-12-08 13:50:00,0.65,13521,United Kingdom,1.3,2011,12,December,Thursday
581405,22398,MAGNETS PACK OF 4 SWALLOWS,2,2011-12-08 13:50:00,0.39,13521,United Kingdom,0.78,2011,12,December,Thursday
581405,22402,MAGNETS PACK OF 4 VINTAGE COLLAGE,2,2011-12-08 13:50:00,0.39,13521,United Kingdom,0.78,2011,12,December,Thursday
581405,23356,LOVE HOT WATER BOTTLE,1,2011-12-08 13:50:00,5.95,13521,United Kingdom,5.95,2011,12,December,Thursday
581405,22111,SCOTTIE DOG HOT WATER BOTTLE,1,2011-12-08 13:50:00,4.95,13521,United Kingdom,4.95,2011,12,December,Thursday
581405,22835,HOT WATER BOTTLE I AM SO POORLY,2,2011-12-08 13:50:00,4.95,13521,United Kingdom,9.9,2011,12,December,Thursday
581405,22113,GREY HEART HOT WATER BOTTLE,4,2011-12-08 13:50:00,4.25,13521,United Kingdom,17.0,2011,12,December,Thursday
581405,22110,BIRD HOUSE HOT WATER BOTTLE,2,2011-12-08 13:50:00,2.55,13521,United Kingdom,5.1,2011,12,December,Thursday
581405,22210,WOOD STAMP SET BEST WISHES,1,2011-12-08 13:50:00,0.83,13521,United Kingdom,0.83,2011,12,December,Thursday
581405,22211,WOOD STAMP SET FLOWERS,1,2011-12-08 13:50:00,0.83,13521,United Kingdom,0.83,2011,12,December,Thursday
581405,22208,WOOD STAMP SET THANK YOU,1,2011-12-08 13:50:00,0.83,13521,United Kingdom,0.83,2011,12,December,Thursday
581405,21446,12 RED ROSE PEG PLACE SETTINGS,2,2011-12-08 13:50:00,1.25,13521,United Kingdom,2.5,2011,12,December,Thursday
581405,79063C,"RETRO PILL BOX KEY CHAIN,THE KING",1,2011-12-08 13:50:00,0.19,13521,United Kingdom,0.19,2011,12,December,Thursday
581405,22620,4 TRADITIONAL SPINNING TOPS,1,2011-12-08 13:50:00,1.45,13521,United Kingdom,1.45,2011,12,December,Thursday
581405,23122,PARTY CHARMS 50 PIECES,1,2011-12-08 13:50:00,0.83,13521,United Kingdom,0.83,2011,12,December,Thursday
581405,21638,ASSORTED TUTTI FRUTTI NOTEBOOK,1,2011-12-08 13:50:00,2.1,13521,United Kingdom,2.1,2011,12,December,Thursday
581405,21640,ASSORTED TUTTI FRUTTI  FOB NOTEBOOK,1,2011-12-08 13:50:00,0.85,13521,United Kingdom,0.85,2011,12,December,Thursday
581405,20975,12 PENCILS SMALL TUBE RED RETROSPOT,1,2011-12-08 13:50:00,0.65,13521,United Kingdom,0.65,2011,12,December,Thursday
581405,22993,SET OF 4 PANTRY JELLY MOULDS,2,2011-12-08 13:50:00,1.25,13521,United Kingdom,2.5,2011,12,December,Thursday
581405,22075,6 RIBBONS ELEGANT CHRISTMAS,2,2011-12-08 13:50:00,0.39,13521,United Kingdom,0.78,2011,12,December,Thursday
581405,22074,6 RIBBONS SHIMMERING PINKS,1,2011-12-08 13:50:00,0.39,13521,United Kingdom,0.39,2011,12,December,Thursday
581405,22076,6 RIBBONS EMPIRE,4,2011-12-08 13:50:00,0.39,13521,United Kingdom,1.56,2011,12,December,Thursday
581405,22481,BLACK TEA TOWEL CLASSIC DESIGN,6,2011-12-08 13:50:00,0.39,13521,United Kingdom,2.34,2011,12,December,Thursday
581405,22563,HAPPY STENCIL CRAFT,1,2011-12-08 13:50:00,1.25,13521,United Kingdom,1.25,2011,12,December,Thursday
581405,22562,MONSTERS STENCIL CRAFT,1,2011-12-08 13:50:00,1.25,13521,United Kingdom,1.25,2011,12,December,Thursday
581405,22564,ALPHABET STENCIL CRAFT,2,2011-12-08 13:50:00,1.25,13521,United Kingdom,2.5,2011,12,December,Thursday
581405,22276,WASH BAG VINTAGE ROSE PAISLEY,1,2011-12-08 13:50:00,2.55,13521,United Kingdom,2.55,2011,12,December,Thursday
581405,22072,RED RETROSPOT TEA CUP AND SAUCER,2,2011-12-08 13:50:00,1.25,13521,United Kingdom,2.5,2011,12,December,Thursday
581405,22109,FULL ENGLISH BREAKFAST PLATE,1,2011-12-08 13:50:00,3.75,13521,United Kingdom,3.75,2011,12,December,Thursday
581405,22108,PING! MICROWAVE PLATE,1,2011-12-08 13:50:00,1.25,13521,United Kingdom,1.25,2011,12,December,Thursday
581405,22124,SET OF 2 TEA TOWELS PING MICROWAVE,1,2011-12-08 13:50:00,0.79,13521,United Kingdom,0.79,2011,12,December,Thursday
581405,84596B,SMALL DOLLY MIX DESIGN ORANGE BOWL,3,2011-12-08 13:50:00,0.42,13521,United Kingdom,1.26,2011,12,December,Thursday
581405,23252,VINTAGE RED ENAMEL TRIM JUG,1,2011-12-08 13:50:00,3.75,13521,United Kingdom,3.75,2011,12,December,Thursday
581405,22475,SKULL DESIGN TV DINNER TRAY,1,2011-12-08 13:50:00,1.95,13521,United Kingdom,1.95,2011,12,December,Thursday
581405,23340,VINTAGE CHRISTMAS CAKE FRILL,1,2011-12-08 13:50:00,1.65,13521,United Kingdom,1.65,2011,12,December,Thursday
581405,22314,OFFICE MUG WARMER CHOC+BLUE,1,2011-12-08 13:50:00,1.25,13521,United Kingdom,1.25,2011,12,December,Thursday
581405,22938,CUPCAKE LACE PAPER SET 6,1,2011-12-08 13:50:00,1.95,13521,United Kingdom,1.95,2011,12,December,Thursday
581405,70006,LOVE HEART POCKET WARMER,1,2011-12-08 13:50:00,0.79,13521,United Kingdom,0.79,2011,12,December,Thursday
581405,23368,SET 12 COLOUR PENCILS DOLLY GIRL,1,2011-12-08 13:50:00,0.65,13521,United Kingdom,0.65,2011,12,December,Thursday
581405,23366,SET 12 COLOURING PENCILS DOILY,1,2011-12-08 13:50:00,0.65,13521,United Kingdom,0.65,2011,12,December,Thursday
581405,22561,WOODEN SCHOOL COLOURING SET,1,2011-12-08 13:50:00,1.65,13521,United Kingdom,1.65,2011,12,December,Thursday
581405,22955,36 FOIL STAR CAKE CASES,1,2011-12-08 13:50:00,0.79,13521,United Kingdom,0.79,2011,12,December,Thursday
581405,22472,TV DINNER TRAY DOLLY GIRL,1,2011-12-08 13:50:00,1.95,13521,United Kingdom,1.95,2011,12,December,Thursday
581405,84819,DANISH ROSE ROUND SEWING BOX,2,2011-12-08 13:50:00,0.79,13521,United Kingdom,1.58,2011,12,December,Thursday
581405,21591,COSY HOUR CIGAR BOX MATCHES,2,2011-12-08 13:50:00,1.25,13521,United Kingdom,2.5,2011,12,December,Thursday
581405,21592,RETROSPOT CIGAR BOX MATCHES,4,2011-12-08 13:50:00,0.39,13521,United Kingdom,1.56,2011,12,December,Thursday
581405,84692,BOX OF 24 COCKTAIL PARASOLS,1,2011-12-08 13:50:00,0.42,13521,United Kingdom,0.42,2011,12,December,Thursday
581405,35970,ZINC FOLKART SLEIGH BELLS,1,2011-12-08 13:50:00,1.69,13521,United Kingdom,1.69,2011,12,December,Thursday
581405,22642,SET OF 4 NAPKIN CHARMS STARS,2,2011-12-08 13:50:00,0.79,13521,United Kingdom,1.58,2011,12,December,Thursday
581405,22343,PARTY PIZZA DISH RED RETROSPOT,1,2011-12-08 13:50:00,0.19,13521,United Kingdom,0.19,2011,12,December,Thursday
581405,22196,SMALL HEART MEASURING SPOONS,3,2011-12-08 13:50:00,0.85,13521,United Kingdom,2.55,2011,12,December,Thursday
581405,21563,RED HEART SHAPE LOVE BUCKET,2,2011-12-08 13:50:00,0.79,13521,United Kingdom,1.58,2011,12,December,Thursday
581405,22195,LARGE HEART MEASURING SPOONS,2,2011-12-08 13:50:00,1.65,13521,United Kingdom,3.3,2011,12,December,Thursday
581405,21530,DAIRY MAID TOASTRACK,1,2011-12-08 13:50:00,0.79,13521,United Kingdom,0.79,2011,12,December,Thursday
581405,21977,PACK OF 60 PINK PAISLEY CAKE CASES,2,2011-12-08 13:50:00,0.55,13521,United Kingdom,1.1,2011,12,December,Thursday
581405,23123,COCKTAIL SWORDS 50 PIECES,1,2011-12-08 13:50:00,0.83,13521,United Kingdom,0.83,2011,12,December,Thursday
581405,20868,SILVER FABRIC MIRROR,1,2011-12-08 13:50:00,0.39,13521,United Kingdom,0.39,2011,12,December,Thursday
581405,21715,GIRLS VINTAGE TIN SEASIDE BUCKET,2,2011-12-08 13:50:00,2.55,13521,United Kingdom,5.1,2011,12,December,Thursday
581405,22638,SET OF 4 NAPKIN CHARMS CROWNS,2,2011-12-08 13:50:00,0.79,13521,United Kingdom,1.58,2011,12,December,Thursday
581405,22643,SET OF 4 NAPKIN CHARMS LEAVES,2,2011-12-08 13:50:00,0.79,13521,United Kingdom,1.58,2011,12,December,Thursday
581405,23212,HEART WREATH DECORATION WITH BELL,1,2011-12-08 13:50:00,1.25,13521,United Kingdom,1.25,2011,12,December,Thursday
581405,21162,TOXIC AREA  DOOR HANGER,1,2011-12-08 13:50:00,0.39,13521,United Kingdom,0.39,2011,12,December,Thursday
581405,23281,FOLDING BUTTERFLY MIRROR RED,2,2011-12-08 13:50:00,0.83,13521,United Kingdom,1.66,2011,12,December,Thursday
581405,23382,BOX OF 6 CHRISTMAS CAKE DECORATIONS,1,2011-12-08 13:50:00,3.75,13521,United Kingdom,3.75,2011,12,December,Thursday
581405,23100,SILVER BELLS TABLE DECORATION,2,2011-12-08 13:50:00,1.25,13521,United Kingdom,2.5,2011,12,December,Thursday
581405,21819,GLITTER CHRISTMAS STAR,4,2011-12-08 13:50:00,0.39,13521,United Kingdom,1.56,2011,12,December,Thursday
581405,21810,CHRISTMAS HANGING STAR WITH BELL,1,2011-12-08 13:50:00,0.39,13521,United Kingdom,0.39,2011,12,December,Thursday
581405,23215,JINGLE BELL HEART ANTIQUE SILVER,2,2011-12-08 13:50:00,2.08,13521,United Kingdom,4.16,2011,12,December,Thursday
581405,21810,CHRISTMAS HANGING STAR WITH BELL,3,2011-12-08 13:50:00,0.39,13521,United Kingdom,1.17,2011,12,December,Thursday
581405,21808,"CHRISTMAS GARLAND STARS,TREES",2,2011-12-08 13:50:00,1.25,13521,United Kingdom,2.5,2011,12,December,Thursday
581405,21803,CHRISTMAS TREE STAR DECORATION,4,2011-12-08 13:50:00,0.42,13521,United Kingdom,1.68,2011,12,December,Thursday
581405,22955,36 FOIL STAR CAKE CASES,4,2011-12-08 13:50:00,0.79,13521,United Kingdom,3.16,2011,12,December,Thursday
581405,22956,36 FOIL HEART CAKE CASES,2,2011-12-08 13:50:00,0.79,13521,United Kingdom,1.58,2011,12,December,Thursday
581405,23320,GIANT 50'S CHRISTMAS CRACKER,2,2011-12-08 13:50:00,1.25,13521,United Kingdom,2.5,2011,12,December,Thursday
581405,22094,RED RETROSPOT TISSUE BOX,4,2011-12-08 13:50:00,0.39,13521,United Kingdom,1.56,2011,12,December,Thursday
581405,22942,CHRISTMAS LIGHTS 10 SANTAS,1,2011-12-08 13:50:00,2.95,13521,United Kingdom,2.95,2011,12,December,Thursday
581404,85150,LADIES & GENTLEMEN METAL SIGN,12,2011-12-08 13:47:00,2.55,13680,United Kingdom,30.599999999999998,2011,12,December,Thursday
581404,21181,PLEASE ONE PERSON METAL SIGN,12,2011-12-08 13:47:00,2.1,13680,United Kingdom,25.200000000000003,2011,12,December,Thursday
581404,21592,RETROSPOT CIGAR BOX MATCHES,17,2011-12-08 13:47:00,0.39,13680,United Kingdom,6.63,2011,12,December,Thursday
581404,22936,BAKING MOULD ROSE WHITE CHOCOLATE,4,2011-12-08 13:47:00,3.25,13680,United Kingdom,13.0,2011,12,December,Thursday
581404,22935,BAKING MOULD ROSE MILK CHOCOLATE,4,2011-12-08 13:47:00,3.25,13680,United Kingdom,13.0,2011,12,December,Thursday
581404,22932,BAKING MOULD TOFFEE CUP CHOCOLATE,4,2011-12-08 13:47:00,2.55,13680,United Kingdom,10.2,2011,12,December,Thursday
581404,22931,BAKING MOULD HEART WHITE CHOCOLATE,6,2011-12-08 13:47:00,2.55,13680,United Kingdom,15.299999999999999,2011,12,December,Thursday
581404,22930,BAKING MOULD HEART MILK CHOCOLATE,6,2011-12-08 13:47:00,2.55,13680,United Kingdom,15.299999999999999,2011,12,December,Thursday
581404,22059,CERAMIC STRAWBERRY DESIGN MUG,4,2011-12-08 13:47:00,0.39,13680,United Kingdom,1.56,2011,12,December,Thursday
581404,22966,GINGERBREAD MAN COOKIE CUTTER,8,2011-12-08 13:47:00,1.25,13680,United Kingdom,10.0,2011,12,December,Thursday
581404,23398,HANGING HEART BONHEUR,1,2011-12-08 13:47:00,0.85,13680,United Kingdom,0.85,2011,12,December,Thursday
581404,23399,HOME SWEET HOME HANGING HEART,1,2011-12-08 13:47:00,0.85,13680,United Kingdom,0.85,2011,12,December,Thursday
581404,85123A,CREAM HANGING HEART T-LIGHT HOLDER,4,2011-12-08 13:47:00,2.95,13680,United Kingdom,11.8,2011,12,December,Thursday
581404,22469,HEART OF WICKER SMALL,2,2011-12-08 13:47:00,1.65,13680,United Kingdom,3.3,2011,12,December,Thursday
581404,20961,STRAWBERRY BATH SPONGE,10,2011-12-08 13:47:00,1.25,13680,United Kingdom,12.5,2011,12,December,Thursday
581404,20963,APPLE BATH SPONGE,10,2011-12-08 13:47:00,1.25,13680,United Kingdom,12.5,2011,12,December,Thursday
581404,23337,EGG FRYING PAN MINT,4,2011-12-08 13:47:00,2.08,13680,United Kingdom,8.32,2011,12,December,Thursday
581404,23339,EGG FRYING PAN BLUE,4,2011-12-08 13:47:00,2.08,13680,United Kingdom,8.32,2011,12,December,Thursday
581404,23336,EGG FRYING PAN PINK,4,2011-12-08 13:47:00,2.08,13680,United Kingdom,8.32,2011,12,December,Thursday
581404,82600,N0 SINGING METAL SIGN,8,2011-12-08 13:47:00,2.1,13680,United Kingdom,16.8,2011,12,December,Thursday
581404,82583,HOT BATHS METAL SIGN,6,2011-12-08 13:47:00,2.1,13680,United Kingdom,12.600000000000001,2011,12,December,Thursday
581404,85152,HAND OVER THE CHOCOLATE   SIGN,8,2011-12-08 13:47:00,2.1,13680,United Kingdom,16.8,2011,12,December,Thursday
581404,21175,GIN AND TONIC DIET METAL SIGN,8,2011-12-08 13:47:00,2.55,13680,United Kingdom,20.4,2011,12,December,Thursday
581404,23426,METAL SIGN DROP YOUR PANTS,6,2011-12-08 13:47:00,2.89,13680,United Kingdom,17.34,2011,12,December,Thursday
581404,22413,METAL SIGN TAKE IT OR LEAVE IT,4,2011-12-08 13:47:00,2.95,13680,United Kingdom,11.8,2011,12,December,Thursday
581404,21169,YOU'RE CONFUSING ME METAL SIGN,6,2011-12-08 13:47:00,1.69,13680,United Kingdom,10.14,2011,12,December,Thursday
581404,21908,CHOCOLATE THIS WAY METAL SIGN,6,2011-12-08 13:47:00,2.1,13680,United Kingdom,12.600000000000001,2011,12,December,Thursday
581404,20914,SET/5 RED RETROSPOT LID GLASS BOWLS,3,2011-12-08 13:47:00,2.95,13680,United Kingdom,8.850000000000001,2011,12,December,Thursday
581404,21351,CINAMMON & ORANGE WREATH,3,2011-12-08 13:47:00,6.75,13680,United Kingdom,20.25,2011,12,December,Thursday
581404,22513,DOORSTOP FOOTBALL DESIGN,1,2011-12-08 13:47:00,0.79,13680,United Kingdom,0.79,2011,12,December,Thursday
581404,23109,PACK OF SIX LED TEA LIGHTS,6,2011-12-08 13:47:00,2.89,13680,United Kingdom,17.34,2011,12,December,Thursday
581404,22694,WICKER STAR,4,2011-12-08 13:47:00,2.1,13680,United Kingdom,8.4,2011,12,December,Thursday
581404,23321,SMALL WHITE HEART OF WICKER,4,2011-12-08 13:47:00,1.65,13680,United Kingdom,6.6,2011,12,December,Thursday
581404,23323,WHITE WICKER STAR,4,2011-12-08 13:47:00,2.1,13680,United Kingdom,8.4,2011,12,December,Thursday
581404,22470,HEART OF WICKER LARGE,3,2011-12-08 13:47:00,2.95,13680,United Kingdom,8.850000000000001,2011,12,December,Thursday
581404,22695,WICKER WREATH SMALL,3,2011-12-08 13:47:00,0.59,13680,United Kingdom,1.77,2011,12,December,Thursday
581404,23398,HANGING HEART BONHEUR,6,2011-12-08 13:47:00,0.85,13680,United Kingdom,5.1,2011,12,December,Thursday
581404,23399,HOME SWEET HOME HANGING HEART,6,2011-12-08 13:47:00,0.85,13680,United Kingdom,5.1,2011,12,December,Thursday
581404,22667,RECIPE BOX RETROSPOT,3,2011-12-08 13:47:00,2.95,13680,United Kingdom,8.850000000000001,2011,12,December,Thursday
581404,22666,RECIPE BOX PANTRY YELLOW DESIGN,3,2011-12-08 13:47:00,2.95,13680,United Kingdom,8.850000000000001,2011,12,December,Thursday
581404,21098,CHRISTMAS TOILET ROLL,8,2011-12-08 13:47:00,1.25,13680,United Kingdom,10.0,2011,12,December,Thursday
581404,23494,VINTAGE DOILY DELUXE SEWING KIT,3,2011-12-08 13:47:00,5.95,13680,United Kingdom,17.85,2011,12,December,Thursday
581404,22114,HOT WATER BOTTLE TEA AND SYMPATHY,3,2011-12-08 13:47:00,4.25,13680,United Kingdom,12.75,2011,12,December,Thursday
581404,23344,JUMBO BAG 50'S CHRISTMAS,6,2011-12-08 13:47:00,2.08,13680,United Kingdom,12.48,2011,12,December,Thursday
581404,23300,GARDENERS KNEELING PAD CUP OF TEA,4,2011-12-08 13:47:00,1.65,13680,United Kingdom,6.6,2011,12,December,Thursday
581404,23301,GARDENERS KNEELING PAD KEEP CALM,4,2011-12-08 13:47:00,1.65,13680,United Kingdom,6.6,2011,12,December,Thursday
581404,22644,CERAMIC CHERRY CAKE MONEY BANK,4,2011-12-08 13:47:00,0.39,13680,United Kingdom,1.56,2011,12,December,Thursday
581404,22645,CERAMIC HEART FAIRY CAKE MONEY BANK,4,2011-12-08 13:47:00,0.39,13680,United Kingdom,1.56,2011,12,December,Thursday
581404,21166,COOK WITH WINE METAL SIGN,6,2011-12-08 13:47:00,2.08,13680,United Kingdom,12.48,2011,12,December,Thursday
581404,72741,GRAND CHOCOLATECANDLE,9,2011-12-08 13:47:00,1.45,13680,United Kingdom,13.049999999999999,2011,12,December,Thursday
581404,23425,STORAGE TIN HOME SWEET HOME,4,2011-12-08 13:47:00,0.79,13680,United Kingdom,3.16,2011,12,December,Thursday
581404,21755,LOVE BUILDING BLOCK WORD,2,2011-12-08 13:47:00,6.25,13680,United Kingdom,12.5,2011,12,December,Thursday
581404,23503,PLAYING CARDS KEEP CALM & CARRY ON,6,2011-12-08 13:47:00,1.25,13680,United Kingdom,7.5,2011,12,December,Thursday
581404,22511,RETROSPOT BABUSHKA DOORSTOP,2,2011-12-08 13:47:00,0.79,13680,United Kingdom,1.58,2011,12,December,Thursday
581404,22510,GINGHAM BABUSHKA DOORSTOP,2,2011-12-08 13:47:00,0.79,13680,United Kingdom,1.58,2011,12,December,Thursday
581404,21115,ROSE CARAVAN DOORSTOP,2,2011-12-08 13:47:00,1.95,13680,United Kingdom,3.9,2011,12,December,Thursday
581404,21411,GINGHAM HEART  DOORSTOP RED,2,2011-12-08 13:47:00,1.95,13680,United Kingdom,3.9,2011,12,December,Thursday
581404,23543,WALL ART KEEP CALM,2,2011-12-08 13:47:00,4.15,13680,United Kingdom,8.3,2011,12,December,Thursday
581404,22632,HAND WARMER RED RETROSPOT,13,2011-12-08 13:47:00,2.1,13680,United Kingdom,27.3,2011,12,December,Thursday
581404,22633,HAND WARMER UNION JACK,6,2011-12-08 13:47:00,2.1,13680,United Kingdom,12.600000000000001,2011,12,December,Thursday
581404,22866,HAND WARMER SCOTTY DOG DESIGN,9,2011-12-08 13:47:00,2.1,13680,United Kingdom,18.900000000000002,2011,12,December,Thursday
581404,23320,GIANT 50'S CHRISTMAS CRACKER,3,2011-12-08 13:47:00,1.25,13680,United Kingdom,3.75,2011,12,December,Thursday
581403,23498,CLASSIC BICYCLE CLIPS,12,2011-12-08 13:46:00,1.45,13510,United Kingdom,17.4,2011,12,December,Thursday
581403,22367,CHILDRENS APRON SPACEBOY DESIGN,8,2011-12-08 13:46:00,1.95,13510,United Kingdom,15.6,2011,12,December,Thursday
581403,47591D,PINK FAIRY CAKE CHILDRENS APRON,8,2011-12-08 13:46:00,1.95,13510,United Kingdom,15.6,2011,12,December,Thursday
581403,84077,WORLD WAR 2 GLIDERS ASSTD DESIGNS,48,2011-12-08 13:46:00,0.29,13510,United Kingdom,13.919999999999998,2011,12,December,Thursday
581403,20982,12 PENCILS TALL TUBE SKULLS,24,2011-12-08 13:46:00,0.85,13510,United Kingdom,20.4,2011,12,December,Thursday
581403,20975,12 PENCILS SMALL TUBE RED RETROSPOT,24,2011-12-08 13:46:00,0.65,13510,United Kingdom,15.600000000000001,2011,12,December,Thursday
581403,22819,"BIRTHDAY CARD, RETRO SPOT",12,2011-12-08 13:46:00,0.42,13510,United Kingdom,5.04,2011,12,December,Thursday
581403,21506,"FANCY FONT BIRTHDAY CARD, ",12,2011-12-08 13:46:00,0.42,13510,United Kingdom,5.04,2011,12,December,Thursday
581403,84029G,KNITTED UNION FLAG HOT WATER BOTTLE,4,2011-12-08 13:46:00,4.25,13510,United Kingdom,17.0,2011,12,December,Thursday
581403,21485,RETROSPOT HEART HOT WATER BOTTLE,3,2011-12-08 13:46:00,4.95,13510,United Kingdom,14.850000000000001,2011,12,December,Thursday
581403,22113,GREY HEART HOT WATER BOTTLE,4,2011-12-08 13:46:00,4.25,13510,United Kingdom,17.0,2011,12,December,Thursday
581403,22111,SCOTTIE DOG HOT WATER BOTTLE,3,2011-12-08 13:46:00,4.95,13510,United Kingdom,14.850000000000001,2011,12,December,Thursday
581403,23381,PACK OF 12 VINTAGE LEAF TISSUES,24,2011-12-08 13:46:00,0.39,13510,United Kingdom,9.36,2011,12,December,Thursday
581403,21931,JUMBO STORAGE BAG SUKI,10,2011-12-08 13:46:00,2.08,13510,United Kingdom,20.8,2011,12,December,Thursday
581403,21930,JUMBO STORAGE BAG SKULLS,10,2011-12-08 13:46:00,2.08,13510,United Kingdom,20.8,2011,12,December,Thursday
581403,85099B,JUMBO BAG RED RETROSPOT,10,2011-12-08 13:46:00,2.08,13510,United Kingdom,20.8,2011,12,December,Thursday
581403,23581,JUMBO BAG PAISLEY PARK,10,2011-12-08 13:46:00,2.08,13510,United Kingdom,20.8,2011,12,December,Thursday
581403,23203,JUMBO BAG VINTAGE DOILY,10,2011-12-08 13:46:00,2.08,13510,United Kingdom,20.8,2011,12,December,Thursday
581403,23576,SNACK TRAY RED VINTAGE DOILY,8,2011-12-08 13:46:00,1.95,13510,United Kingdom,15.6,2011,12,December,Thursday
581403,23575,SNACK TRAY PAISLEY PARK,8,2011-12-08 13:46:00,1.95,13510,United Kingdom,15.6,2011,12,December,Thursday
581403,23314,VINTAGE CHRISTMAS TABLECLOTH,2,2011-12-08 13:46:00,12.5,13510,United Kingdom,25.0,2011,12,December,Thursday
581402,23337,EGG FRYING PAN MINT,4,2011-12-08 13:45:00,2.08,14653,United Kingdom,8.32,2011,12,December,Thursday
581402,23336,EGG FRYING PAN PINK,4,2011-12-08 13:45:00,2.08,14653,United Kingdom,8.32,2011,12,December,Thursday
581402,23338,EGG FRYING PAN RED,4,2011-12-08 13:45:00,2.08,14653,United Kingdom,8.32,2011,12,December,Thursday
581402,23339,EGG FRYING PAN BLUE,4,2011-12-08 13:45:00,2.08,14653,United Kingdom,8.32,2011,12,December,Thursday
581402,23335,EGG FRYING PAN IVORY,4,2011-12-08 13:45:00,2.08,14653,United Kingdom,8.32,2011,12,December,Thursday
581402,23438,RED SPOT GIFT BAG LARGE,20,2011-12-08 13:45:00,1.25,14653,United Kingdom,25.0,2011,12,December,Thursday
581402,23374,RED SPOT PAPER GIFT BAG,12,2011-12-08 13:45:00,0.82,14653,United Kingdom,9.84,2011,12,December,Thursday
581402,22142,CHRISTMAS CRAFT WHITE FAIRY,3,2011-12-08 13:45:00,1.45,14653,United Kingdom,4.35,2011,12,December,Thursday
581402,22195,LARGE HEART MEASURING SPOONS,12,2011-12-08 13:45:00,1.65,14653,United Kingdom,19.799999999999997,2011,12,December,Thursday
581402,22196,SMALL HEART MEASURING SPOONS,12,2011-12-08 13:45:00,0.85,14653,United Kingdom,10.2,2011,12,December,Thursday
581402,23184,BULL DOG BOTTLE OPENER,2,2011-12-08 13:45:00,4.95,14653,United Kingdom,9.9,2011,12,December,Thursday
581402,23013,GLASS APOTHECARY BOTTLE TONIC,2,2011-12-08 13:45:00,3.95,14653,United Kingdom,7.9,2011,12,December,Thursday
581402,21314,SMALL GLASS HEART TRINKET POT,4,2011-12-08 13:45:00,2.1,14653,United Kingdom,8.4,2011,12,December,Thursday
581402,85123A,CREAM HANGING HEART T-LIGHT HOLDER,6,2011-12-08 13:45:00,2.95,14653,United Kingdom,17.700000000000003,2011,12,December,Thursday
581402,22722,SET OF 6 SPICE TINS PANTRY DESIGN,1,2011-12-08 13:45:00,3.95,14653,United Kingdom,3.95,2011,12,December,Thursday
581402,22587,FELTCRAFT HAIRBAND RED AND BLUE,1,2011-12-08 13:45:00,0.85,14653,United Kingdom,0.85,2011,12,December,Thursday
581402,23198,PANTRY MAGNETIC  SHOPPING LIST,8,2011-12-08 13:45:00,1.45,14653,United Kingdom,11.6,2011,12,December,Thursday
581402,22309,TEA COSY RED  STRIPE,2,2011-12-08 13:45:00,2.55,14653,United Kingdom,5.1,2011,12,December,Thursday
581402,22308,TEA COSY BLUE STRIPE,2,2011-12-08 13:45:00,2.55,14653,United Kingdom,5.1,2011,12,December,Thursday
581402,23570,TRADITIONAL PICK UP STICKS GAME,3,2011-12-08 13:45:00,1.25,14653,United Kingdom,3.75,2011,12,December,Thursday
581402,23084,RABBIT NIGHT LIGHT,3,2011-12-08 13:45:00,2.08,14653,United Kingdom,6.24,2011,12,December,Thursday
581402,20970,PINK FLORAL FELTCRAFT SHOULDER BAG,1,2011-12-08 13:45:00,3.75,14653,United Kingdom,3.75,2011,12,December,Thursday
581402,79160,HEART SHAPE WIRELESS DOORBELL,1,2011-12-08 13:45:00,2.1,14653,United Kingdom,2.1,2011,12,December,Thursday
581402,22751,FELTCRAFT PRINCESS OLIVIA DOLL,1,2011-12-08 13:45:00,3.75,14653,United Kingdom,3.75,2011,12,December,Thursday
581402,23557,LANDMARK FRAME BAKER STREET,1,2011-12-08 13:45:00,12.5,14653,United Kingdom,12.5,2011,12,December,Thursday
581402,23092,LARGE ANTIQUE WHITE PHOTO FRAME,4,2011-12-08 13:45:00,7.9,14653,United Kingdom,31.6,2011,12,December,Thursday
581402,23457,LARGE PARLOUR PICTURE FRAME,4,2011-12-08 13:45:00,4.95,14653,United Kingdom,19.8,2011,12,December,Thursday
581402,82494L,WOODEN FRAME ANTIQUE WHITE,6,2011-12-08 13:45:00,2.95,14653,United Kingdom,17.700000000000003,2011,12,December,Thursday
581402,22796,PHOTO FRAME 3 CLASSIC HANGING,2,2011-12-08 13:45:00,9.95,14653,United Kingdom,19.9,2011,12,December,Thursday
581402,22980,PANTRY SCRUBBING BRUSH,3,2011-12-08 13:45:00,1.65,14653,United Kingdom,4.949999999999999,2011,12,December,Thursday
581402,22979,PANTRY WASHING UP BRUSH,6,2011-12-08 13:45:00,1.45,14653,United Kingdom,8.7,2011,12,December,Thursday
581402,23188,VINTAGE  2 METRE FOLDING RULER,12,2011-12-08 13:45:00,1.65,14653,United Kingdom,19.799999999999997,2011,12,December,Thursday
581402,23439,HAND WARMER RED LOVE HEART,8,2011-12-08 13:45:00,2.1,14653,United Kingdom,16.8,2011,12,December,Thursday
581402,22632,HAND WARMER RED RETROSPOT,8,2011-12-08 13:45:00,2.1,14653,United Kingdom,16.8,2011,12,December,Thursday
581402,22633,HAND WARMER UNION JACK,8,2011-12-08 13:45:00,2.1,14653,United Kingdom,16.8,2011,12,December,Thursday
581402,22865,HAND WARMER OWL DESIGN,8,2011-12-08 13:45:00,2.1,14653,United Kingdom,16.8,2011,12,December,Thursday
581401,22509,SEWING BOX RETROSPOT DESIGN,4,2011-12-08 13:43:00,3.95,17644,United Kingdom,15.8,2011,12,December,Thursday
581401,20724,RED RETROSPOT CHARLOTTE BAG,10,2011-12-08 13:43:00,0.85,17644,United Kingdom,8.5,2011,12,December,Thursday
581401,23205,CHARLOTTE BAG VINTAGE ALPHABET,10,2011-12-08 13:43:00,0.85,17644,United Kingdom,8.5,2011,12,December,Thursday
581401,20719,WOODLAND CHARLOTTE BAG,10,2011-12-08 13:43:00,0.85,17644,United Kingdom,8.5,2011,12,December,Thursday
581401,23118,PARISIENNE JEWELLERY DRAWER,4,2011-12-08 13:43:00,7.5,17644,United Kingdom,30.0,2011,12,December,Thursday
581401,23551,PACK OF 12 PAISLEY PARK TISSUES,24,2011-12-08 13:43:00,0.39,17644,United Kingdom,9.36,2011,12,December,Thursday
581401,23380,PACK OF 12 VINTAGE DOILY TISSUES,24,2011-12-08 13:43:00,0.39,17644,United Kingdom,9.36,2011,12,December,Thursday
581401,23298,SPOTTY BUNTING,6,2011-12-08 13:43:00,4.95,17644,United Kingdom,29.700000000000003,2011,12,December,Thursday
581401,21429,RED GINGHAM ROSE JEWELLERY BOX,8,2011-12-08 13:43:00,1.95,17644,United Kingdom,15.6,2011,12,December,Thursday
581401,23203,JUMBO BAG VINTAGE DOILY,10,2011-12-08 13:43:00,2.08,17644,United Kingdom,20.8,2011,12,December,Thursday
581401,85099B,JUMBO BAG RED RETROSPOT,10,2011-12-08 13:43:00,2.08,17644,United Kingdom,20.8,2011,12,December,Thursday
581401,23581,JUMBO BAG PAISLEY PARK,10,2011-12-08 13:43:00,2.08,17644,United Kingdom,20.8,2011,12,December,Thursday
581401,23583,LUNCH BAG PAISLEY PARK,10,2011-12-08 13:43:00,1.65,17644,United Kingdom,16.5,2011,12,December,Thursday
581401,23284,DOORMAT KEEP CALM AND COME IN,4,2011-12-08 13:43:00,8.25,17644,United Kingdom,33.0,2011,12,December,Thursday
581401,48194,DOORMAT HEARTS,2,2011-12-08 13:43:00,8.25,17644,United Kingdom,16.5,2011,12,December,Thursday
581401,20685,DOORMAT RED RETROSPOT,2,2011-12-08 13:43:00,8.25,17644,United Kingdom,16.5,2011,12,December,Thursday
581401,23283,DOORMAT VINTAGE LEAF,2,2011-12-08 13:43:00,8.25,17644,United Kingdom,16.5,2011,12,December,Thursday
581401,23374,RED SPOT PAPER GIFT BAG,10,2011-12-08 13:43:00,0.82,17644,United Kingdom,8.2,2011,12,December,Thursday
581401,90214A,"LETTER ""A"" BLING KEY RING",12,2011-12-08 13:43:00,0.29,17644,United Kingdom,3.4799999999999995,2011,12,December,Thursday
581401,90214C,"LETTER ""C"" BLING KEY RING",12,2011-12-08 13:43:00,0.29,17644,United Kingdom,3.4799999999999995,2011,12,December,Thursday
581401,90214D,"LETTER ""D"" BLING KEY RING",12,2011-12-08 13:43:00,0.29,17644,United Kingdom,3.4799999999999995,2011,12,December,Thursday
581401,90214E,"LETTER ""E"" BLING KEY RING",12,2011-12-08 13:43:00,0.29,17644,United Kingdom,3.4799999999999995,2011,12,December,Thursday
581401,90214K,"LETTER ""K"" BLING KEY RING",12,2011-12-08 13:43:00,0.29,17644,United Kingdom,3.4799999999999995,2011,12,December,Thursday
581401,90214L,"LETTER ""L"" BLING KEY RING",12,2011-12-08 13:43:00,0.29,17644,United Kingdom,3.4799999999999995,2011,12,December,Thursday
581401,90214P,"LETTER ""P"" BLING KEY RING",12,2011-12-08 13:43:00,0.29,17644,United Kingdom,3.4799999999999995,2011,12,December,Thursday
581401,90214S,"LETTER ""S"" BLING KEY RING",12,2011-12-08 13:43:00,0.29,17644,United Kingdom,3.4799999999999995,2011,12,December,Thursday
581400,22429,ENAMEL MEASURING JUG CREAM,1,2011-12-08 13:36:00,4.25,14056,United Kingdom,4.25,2011,12,December,Thursday
581400,84378,SET OF 3 HEART COOKIE CUTTERS,3,2011-12-08 13:36:00,1.45,14056,United Kingdom,4.35,2011,12,December,Thursday
581400,23250,VINTAGE RED TRIM ENAMEL BOWL,3,2011-12-08 13:36:00,1.25,14056,United Kingdom,3.75,2011,12,December,Thursday
581400,22720,SET OF 3 CAKE TINS PANTRY DESIGN,2,2011-12-08 13:36:00,4.95,14056,United Kingdom,9.9,2011,12,December,Thursday
581400,23366,SET 12 COLOURING PENCILS DOILY,4,2011-12-08 13:36:00,0.65,14056,United Kingdom,2.6,2011,12,December,Thursday
581400,22972,CHILDREN'S SPACEBOY MUG,2,2011-12-08 13:36:00,1.65,14056,United Kingdom,3.3,2011,12,December,Thursday
581400,23251,VINTAGE RED ENAMEL TRIM MUG,2,2011-12-08 13:36:00,1.25,14056,United Kingdom,2.5,2011,12,December,Thursday
581400,21891,TRADITIONAL WOODEN SKIPPING ROPE,3,2011-12-08 13:36:00,1.45,14056,United Kingdom,4.35,2011,12,December,Thursday
581400,22899,CHILDREN'S APRON DOLLY GIRL,3,2011-12-08 13:36:00,2.1,14056,United Kingdom,6.300000000000001,2011,12,December,Thursday
581400,23356,LOVE HOT WATER BOTTLE,5,2011-12-08 13:36:00,5.95,14056,United Kingdom,29.75,2011,12,December,Thursday
581400,84030E,ENGLISH ROSE HOT WATER BOTTLE,2,2011-12-08 13:36:00,4.25,14056,United Kingdom,8.5,2011,12,December,Thursday
581400,22113,GREY HEART HOT WATER BOTTLE,4,2011-12-08 13:36:00,4.25,14056,United Kingdom,17.0,2011,12,December,Thursday
581400,23252,VINTAGE RED ENAMEL TRIM JUG,1,2011-12-08 13:36:00,3.75,14056,United Kingdom,3.75,2011,12,December,Thursday
581400,23197,SKETCHBOOK MAGNETIC SHOPPING LIST,4,2011-12-08 13:36:00,1.45,14056,United Kingdom,5.8,2011,12,December,Thursday
581400,22619,SET OF 6 SOLDIER SKITTLES,6,2011-12-08 13:36:00,3.75,14056,United Kingdom,22.5,2011,12,December,Thursday
581400,20914,SET/5 RED RETROSPOT LID GLASS BOWLS,4,2011-12-08 13:36:00,2.95,14056,United Kingdom,11.8,2011,12,December,Thursday
581400,84755,COLOUR GLASS T-LIGHT HOLDER HANGING,8,2011-12-08 13:36:00,0.65,14056,United Kingdom,5.2,2011,12,December,Thursday
581400,22621,TRADITIONAL KNITTING NANCY,4,2011-12-08 13:36:00,1.65,14056,United Kingdom,6.6,2011,12,December,Thursday
581400,23238,SET OF 4 KNICK KNACK TINS LONDON,2,2011-12-08 13:36:00,4.15,14056,United Kingdom,8.3,2011,12,December,Thursday
581400,23309,SET OF 60 I LOVE LONDON CAKE CASES,6,2011-12-08 13:36:00,0.55,14056,United Kingdom,3.3000000000000003,2011,12,December,Thursday
581400,22988,SOLDIERS EGG CUP,7,2011-12-08 13:36:00,1.25,14056,United Kingdom,8.75,2011,12,December,Thursday
581400,22897,OVEN MITT APPLES DESIGN,2,2011-12-08 13:36:00,1.45,14056,United Kingdom,2.9,2011,12,December,Thursday
581400,22424,ENAMEL BREAD BIN CREAM,1,2011-12-08 13:36:00,12.75,14056,United Kingdom,12.75,2011,12,December,Thursday
581400,23245,SET OF 3 REGENCY CAKE TINS,2,2011-12-08 13:36:00,4.95,14056,United Kingdom,9.9,2011,12,December,Thursday
581400,22853,CAT BOWL VINTAGE CREAM,2,2011-12-08 13:36:00,3.25,14056,United Kingdom,6.5,2011,12,December,Thursday
581400,23144,ZINC T-LIGHT HOLDER STARS SMALL,6,2011-12-08 13:36:00,0.83,14056,United Kingdom,4.9799999999999995,2011,12,December,Thursday
581400,23505,PLAYING CARDS I LOVE LONDON,2,2011-12-08 13:36:00,1.25,14056,United Kingdom,2.5,2011,12,December,Thursday
581400,22730,ALARM CLOCK BAKELIKE IVORY,1,2011-12-08 13:36:00,3.75,14056,United Kingdom,3.75,2011,12,December,Thursday
581400,22844,VINTAGE CREAM DOG FOOD CONTAINER,3,2011-12-08 13:36:00,8.5,14056,United Kingdom,25.5,2011,12,December,Thursday
581400,85053,FRENCH ENAMEL CANDLEHOLDER,3,2011-12-08 13:36:00,2.1,14056,United Kingdom,6.300000000000001,2011,12,December,Thursday
581400,23505,PLAYING CARDS I LOVE LONDON,1,2011-12-08 13:36:00,1.25,14056,United Kingdom,1.25,2011,12,December,Thursday
581400,20713,JUMBO BAG OWLS,1,2011-12-08 13:36:00,2.08,14056,United Kingdom,2.08,2011,12,December,Thursday
581400,23201,JUMBO BAG ALPHABET,1,2011-12-08 13:36:00,2.08,14056,United Kingdom,2.08,2011,12,December,Thursday
581400,20717,STRAWBERRY SHOPPER BAG,2,2011-12-08 13:36:00,1.25,14056,United Kingdom,2.5,2011,12,December,Thursday
581400,20719,WOODLAND CHARLOTTE BAG,3,2011-12-08 13:36:00,0.85,14056,United Kingdom,2.55,2011,12,December,Thursday
581400,23208,LUNCH BAG VINTAGE LEAF DESIGN,5,2011-12-08 13:36:00,1.65,14056,United Kingdom,8.25,2011,12,December,Thursday
581400,20725,LUNCH BAG RED RETROSPOT,2,2011-12-08 13:36:00,1.65,14056,United Kingdom,3.3,2011,12,December,Thursday
581400,22730,ALARM CLOCK BAKELIKE IVORY,2,2011-12-08 13:36:00,3.75,14056,United Kingdom,7.5,2011,12,December,Thursday
581400,22726,ALARM CLOCK BAKELIKE GREEN,4,2011-12-08 13:36:00,3.75,14056,United Kingdom,15.0,2011,12,December,Thursday
581400,22722,SET OF 6 SPICE TINS PANTRY DESIGN,7,2011-12-08 13:36:00,3.95,14056,United Kingdom,27.650000000000002,2011,12,December,Thursday
581400,22553,PLASTERS IN TIN SKULLS,3,2011-12-08 13:36:00,1.65,14056,United Kingdom,4.949999999999999,2011,12,December,Thursday
581400,20727,LUNCH BAG  BLACK SKULL.,2,2011-12-08 13:36:00,1.65,14056,United Kingdom,3.3,2011,12,December,Thursday
581400,23207,LUNCH BAG ALPHABET DESIGN,5,2011-12-08 13:36:00,1.65,14056,United Kingdom,8.25,2011,12,December,Thursday
581400,22382,LUNCH BAG SPACEBOY DESIGN,5,2011-12-08 13:36:00,1.65,14056,United Kingdom,8.25,2011,12,December,Thursday
581400,23660,HENRIETTA HEN MUG,2,2011-12-08 13:36:00,1.65,14056,United Kingdom,3.3,2011,12,December,Thursday
581400,23275,SET OF 3 HANGING OWLS OLLIE BEAK,12,2011-12-08 13:36:00,1.25,14056,United Kingdom,15.0,2011,12,December,Thursday
581400,22917,HERB MARKER ROSEMARY,8,2011-12-08 13:36:00,0.65,14056,United Kingdom,5.2,2011,12,December,Thursday
581400,22918,HERB MARKER PARSLEY,12,2011-12-08 13:36:00,0.65,14056,United Kingdom,7.800000000000001,2011,12,December,Thursday
581400,22920,HERB MARKER BASIL,9,2011-12-08 13:36:00,0.65,14056,United Kingdom,5.8500000000000005,2011,12,December,Thursday
581400,21930,JUMBO STORAGE BAG SKULLS,1,2011-12-08 13:36:00,2.08,14056,United Kingdom,2.08,2011,12,December,Thursday
581400,22691,DOORMAT WELCOME SUNRISE,3,2011-12-08 13:36:00,8.25,14056,United Kingdom,24.75,2011,12,December,Thursday
581400,21523,DOORMAT FANCY FONT HOME SWEET HOME,2,2011-12-08 13:36:00,8.25,14056,United Kingdom,16.5,2011,12,December,Thursday
581399,23535,WALL ART BICYCLE SAFETY,4,2011-12-08 13:27:00,5.95,17528,United Kingdom,23.8,2011,12,December,Thursday
581399,22083,PAPER CHAIN KIT RETROSPOT,6,2011-12-08 13:27:00,2.95,17528,United Kingdom,17.700000000000003,2011,12,December,Thursday
581399,22547,MINI JIGSAW DINOSAUR,48,2011-12-08 13:27:00,0.19,17528,United Kingdom,9.120000000000001,2011,12,December,Thursday
581399,22543,MINI JIGSAW BAKE A CAKE,48,2011-12-08 13:27:00,0.19,17528,United Kingdom,9.120000000000001,2011,12,December,Thursday
581399,23497,CLASSIC CHROME BICYCLE BELL,12,2011-12-08 13:27:00,1.45,17528,United Kingdom,17.4,2011,12,December,Thursday
581399,22385,JUMBO BAG SPACEBOY DESIGN,10,2011-12-08 13:27:00,2.08,17528,United Kingdom,20.8,2011,12,December,Thursday
581399,23201,JUMBO BAG ALPHABET,10,2011-12-08 13:27:00,2.08,17528,United Kingdom,20.8,2011,12,December,Thursday
581399,23118,PARISIENNE JEWELLERY DRAWER,4,2011-12-08 13:27:00,7.5,17528,United Kingdom,30.0,2011,12,December,Thursday
581399,22037,ROBOT BIRTHDAY CARD,12,2011-12-08 13:27:00,0.42,17528,United Kingdom,5.04,2011,12,December,Thursday
581399,22029,SPACEBOY BIRTHDAY CARD,12,2011-12-08 13:27:00,0.42,17528,United Kingdom,5.04,2011,12,December,Thursday
581399,22031,BOTANICAL LAVENDER BIRTHDAY CARD,12,2011-12-08 13:27:00,0.42,17528,United Kingdom,5.04,2011,12,December,Thursday
581399,22819,"BIRTHDAY CARD, RETRO SPOT",12,2011-12-08 13:27:00,0.42,17528,United Kingdom,5.04,2011,12,December,Thursday
581399,23012,GLASS APOTHECARY BOTTLE PERFUME,4,2011-12-08 13:27:00,3.95,17528,United Kingdom,15.8,2011,12,December,Thursday
581399,23013,GLASS APOTHECARY BOTTLE TONIC,4,2011-12-08 13:27:00,3.95,17528,United Kingdom,15.8,2011,12,December,Thursday
581398,85136C,RED SHARK HELICOPTER,1,2011-12-08 13:26:00,7.95,17243,United Kingdom,7.95,2011,12,December,Thursday
581398,21055,TOOL BOX SOFT TOY,1,2011-12-08 13:26:00,8.95,17243,United Kingdom,8.95,2011,12,December,Thursday
581398,48138,DOORMAT UNION FLAG,10,2011-12-08 13:26:00,7.08,17243,United Kingdom,70.8,2011,12,December,Thursday
581398,84029G,KNITTED UNION FLAG HOT WATER BOTTLE,36,2011-12-08 13:26:00,3.75,17243,United Kingdom,135.0,2011,12,December,Thursday
581398,22112,CHOCOLATE HOT WATER BOTTLE,12,2011-12-08 13:26:00,4.95,17243,United Kingdom,59.400000000000006,2011,12,December,Thursday
581398,23356,LOVE HOT WATER BOTTLE,24,2011-12-08 13:26:00,4.95,17243,United Kingdom,118.80000000000001,2011,12,December,Thursday
581398,23355,HOT WATER BOTTLE KEEP CALM,24,2011-12-08 13:26:00,4.15,17243,United Kingdom,99.60000000000001,2011,12,December,Thursday
581398,23284,DOORMAT KEEP CALM AND COME IN,10,2011-12-08 13:26:00,7.08,17243,United Kingdom,70.8,2011,12,December,Thursday
581398,48116,DOORMAT MULTICOLOUR STRIPE,4,2011-12-08 13:26:00,8.25,17243,United Kingdom,33.0,2011,12,December,Thursday
581397,21843,RED RETROSPOT CAKE STAND,3,2011-12-08 13:25:00,10.95,17668,United Kingdom,32.849999999999994,2011,12,December,Thursday
581397,22423,REGENCY CAKESTAND 3 TIER,3,2011-12-08 13:25:00,12.75,17668,United Kingdom,38.25,2011,12,December,Thursday
581397,72760B,VINTAGE CREAM 3 BASKET CAKE STAND,2,2011-12-08 13:25:00,9.95,17668,United Kingdom,19.9,2011,12,December,Thursday
581397,22776,SWEETHEART 3 TIER CAKE STAND,2,2011-12-08 13:25:00,9.95,17668,United Kingdom,19.9,2011,12,December,Thursday
581397,37495,FAIRY CAKE BIRTHDAY CANDLE SET,4,2011-12-08 13:25:00,3.75,17668,United Kingdom,15.0,2011,12,December,Thursday
581397,21121,SET/10 RED POLKADOT PARTY CANDLES,24,2011-12-08 13:25:00,1.25,17668,United Kingdom,30.0,2011,12,December,Thursday
581397,21123,SET/10 IVORY POLKADOT PARTY CANDLES,24,2011-12-08 13:25:00,1.25,17668,United Kingdom,30.0,2011,12,December,Thursday
581396,21756,BATH BUILDING BLOCK WORD,18,2011-12-08 13:22:00,5.45,15189,United Kingdom,98.10000000000001,2011,12,December,Thursday
581396,22138,BAKING SET 9 PIECE RETROSPOT,48,2011-12-08 13:22:00,4.25,15189,United Kingdom,204.0,2011,12,December,Thursday
581396,22139,RETROSPOT TEA SET CERAMIC 11 PC,24,2011-12-08 13:22:00,4.25,15189,United Kingdom,102.0,2011,12,December,Thursday
581395,23485,BOTANICAL GARDENS WALL CLOCK,1,2011-12-08 13:18:00,25.0,16892,United Kingdom,25.0,2011,12,December,Thursday
581395,22086,PAPER CHAIN KIT 50'S CHRISTMAS,1,2011-12-08 13:18:00,2.95,16892,United Kingdom,2.95,2011,12,December,Thursday
581395,23240,SET OF 4 KNICK KNACK TINS DOILY,1,2011-12-08 13:18:00,4.15,16892,United Kingdom,4.15,2011,12,December,Thursday
581395,23080,RED METAL BOX TOP SECRET,1,2011-12-08 13:18:00,8.25,16892,United Kingdom,8.25,2011,12,December,Thursday
581395,23359,SET OF 12 T-LIGHTS VINTAGE DOILY,1,2011-12-08 13:18:00,1.95,16892,United Kingdom,1.95,2011,12,December,Thursday
581395,23370,SET 36 COLOURING PENCILS DOILY,1,2011-12-08 13:18:00,1.25,16892,United Kingdom,1.25,2011,12,December,Thursday
581395,22982,PANTRY PASTRY BRUSH,2,2011-12-08 13:18:00,1.25,16892,United Kingdom,2.5,2011,12,December,Thursday
581395,22753,SMALL YELLOW BABUSHKA NOTEBOOK,1,2011-12-08 13:18:00,0.21,16892,United Kingdom,0.21,2011,12,December,Thursday
581395,22208,WOOD STAMP SET THANK YOU,1,2011-12-08 13:18:00,0.83,16892,United Kingdom,0.83,2011,12,December,Thursday
581395,21755,LOVE BUILDING BLOCK WORD,1,2011-12-08 13:18:00,6.25,16892,United Kingdom,6.25,2011,12,December,Thursday
581395,22507,MEMO BOARD RETROSPOT  DESIGN,1,2011-12-08 13:18:00,4.95,16892,United Kingdom,4.95,2011,12,December,Thursday
581395,21623,VINTAGE UNION JACK MEMOBOARD,1,2011-12-08 13:18:00,9.95,16892,United Kingdom,9.95,2011,12,December,Thursday
581395,23256,CHILDRENS CUTLERY SPACEBOY,1,2011-12-08 13:18:00,4.15,16892,United Kingdom,4.15,2011,12,December,Thursday
581395,84997B,CHILDRENS CUTLERY RETROSPOT RED,1,2011-12-08 13:18:00,4.15,16892,United Kingdom,4.15,2011,12,December,Thursday
581395,85123A,CREAM HANGING HEART T-LIGHT HOLDER,6,2011-12-08 13:18:00,2.95,16892,United Kingdom,17.700000000000003,2011,12,December,Thursday
581395,23301,GARDENERS KNEELING PAD KEEP CALM,4,2011-12-08 13:18:00,1.65,16892,United Kingdom,6.6,2011,12,December,Thursday
581395,23300,GARDENERS KNEELING PAD CUP OF TEA,4,2011-12-08 13:18:00,1.65,16892,United Kingdom,6.6,2011,12,December,Thursday
581395,23302,KNEELING MAT HOUSEWORK  DESIGN,2,2011-12-08 13:18:00,0.79,16892,United Kingdom,1.58,2011,12,December,Thursday
581395,23081,GREEN METAL BOX ARMY SUPPLIES,1,2011-12-08 13:18:00,8.25,16892,United Kingdom,8.25,2011,12,December,Thursday
581395,22442,GROW YOUR OWN FLOWERS SET OF 3,3,2011-12-08 13:18:00,1.95,16892,United Kingdom,5.85,2011,12,December,Thursday
581394,21733,RED HANGING HEART T-LIGHT HOLDER,4,2011-12-08 13:15:00,2.95,16892,United Kingdom,11.8,2011,12,December,Thursday
581385,84029G,KNITTED UNION FLAG HOT WATER BOTTLE,24,2011-12-08 13:11:00,3.75,13298,United Kingdom,90.0,2011,12,December,Thursday
581385,21479,WHITE SKULL HOT WATER BOTTLE,72,2011-12-08 13:11:00,3.75,13298,United Kingdom,270.0,2011,12,December,Thursday
581383,21791,VINTAGE HEADS AND TAILS CARD GAME,12,2011-12-08 13:04:00,1.25,15399,United Kingdom,15.0,2011,12,December,Thursday
581383,22550,HOLIDAY FUN LUDO,4,2011-12-08 13:04:00,3.75,15399,United Kingdom,15.0,2011,12,December,Thursday
581383,21912,VINTAGE SNAKES & LADDERS,4,2011-12-08 13:04:00,3.75,15399,United Kingdom,15.0,2011,12,December,Thursday
581383,21616,4 PEAR BOTANICAL DINNER CANDLES,6,2011-12-08 13:04:00,3.75,15399,United Kingdom,22.5,2011,12,December,Thursday
581383,22393,PAPERWEIGHT VINTAGE COLLAGE,12,2011-12-08 13:04:00,0.39,15399,United Kingdom,4.68,2011,12,December,Thursday
581383,21933,PINK VINTAGE PAISLEY PICNIC BAG,10,2011-12-08 13:04:00,1.65,15399,United Kingdom,16.5,2011,12,December,Thursday
581383,35953,FOLKART STAR CHRISTMAS DECORATIONS,12,2011-12-08 13:04:00,0.39,15399,United Kingdom,4.68,2011,12,December,Thursday
581383,35967,FOLK ART METAL STAR T-LIGHT HOLDER,12,2011-12-08 13:04:00,0.39,15399,United Kingdom,4.68,2011,12,December,Thursday
581383,85179C,PINK BITTY LIGHT CHAIN,12,2011-12-08 13:04:00,1.25,15399,United Kingdom,15.0,2011,12,December,Thursday
581383,21494,ROTATING LEAVES T-LIGHT HOLDER,12,2011-12-08 13:04:00,1.25,15399,United Kingdom,15.0,2011,12,December,Thursday
581383,22909,SET OF 20 VINTAGE CHRISTMAS NAPKINS,12,2011-12-08 13:04:00,0.85,15399,United Kingdom,10.2,2011,12,December,Thursday
581383,22086,PAPER CHAIN KIT 50'S CHRISTMAS,6,2011-12-08 13:04:00,2.95,15399,United Kingdom,17.700000000000003,2011,12,December,Thursday
581383,22910,PAPER CHAIN KIT VINTAGE CHRISTMAS,6,2011-12-08 13:04:00,2.95,15399,United Kingdom,17.700000000000003,2011,12,December,Thursday
581383,84012,MAGIC SHEEP WOOL GROWING FROM PAPER,24,2011-12-08 13:04:00,0.85,15399,United Kingdom,20.4,2011,12,December,Thursday
581383,23300,GARDENERS KNEELING PAD CUP OF TEA,12,2011-12-08 13:04:00,1.65,15399,United Kingdom,19.799999999999997,2011,12,December,Thursday
581383,23301,GARDENERS KNEELING PAD KEEP CALM,12,2011-12-08 13:04:00,1.65,15399,United Kingdom,19.799999999999997,2011,12,December,Thursday
581383,20725,LUNCH BAG RED RETROSPOT,10,2011-12-08 13:04:00,1.65,15399,United Kingdom,16.5,2011,12,December,Thursday
581383,23206,LUNCH BAG APPLE DESIGN,10,2011-12-08 13:04:00,1.65,15399,United Kingdom,16.5,2011,12,December,Thursday
581382,22457,NATURAL SLATE HEART CHALKBOARD,6,2011-12-08 12:57:00,2.95,13860,United Kingdom,17.700000000000003,2011,12,December,Thursday
581382,22295,HEART FILIGREE DOVE LARGE,12,2011-12-08 12:57:00,1.65,13860,United Kingdom,19.799999999999997,2011,12,December,Thursday
581382,23215,JINGLE BELL HEART ANTIQUE SILVER,12,2011-12-08 12:57:00,2.08,13860,United Kingdom,24.96,2011,12,December,Thursday
581382,21314,SMALL GLASS HEART TRINKET POT,8,2011-12-08 12:57:00,2.1,13860,United Kingdom,16.8,2011,12,December,Thursday
581382,22779,WOODEN OWLS LIGHT GARLAND,4,2011-12-08 12:57:00,4.25,13860,United Kingdom,17.0,2011,12,December,Thursday
581382,22780,LIGHT GARLAND BUTTERFILES PINK,4,2011-12-08 12:57:00,4.25,13860,United Kingdom,17.0,2011,12,December,Thursday
581382,23083,SET 6 PAPER TABLE LANTERN STARS,6,2011-12-08 12:57:00,3.75,13860,United Kingdom,22.5,2011,12,December,Thursday
581382,22784,LANTERN CREAM GAZEBO,3,2011-12-08 12:57:00,4.95,13860,United Kingdom,14.850000000000001,2011,12,December,Thursday
581382,23407,SET OF 2 TRAYS HOME SWEET HOME,2,2011-12-08 12:57:00,9.95,13860,United Kingdom,19.9,2011,12,December,Thursday
581382,20726,LUNCH BAG WOODLAND,10,2011-12-08 12:57:00,1.65,13860,United Kingdom,16.5,2011,12,December,Thursday
581382,22326,ROUND SNACK BOXES SET OF4 WOODLAND,6,2011-12-08 12:57:00,2.95,13860,United Kingdom,17.700000000000003,2011,12,December,Thursday
581382,22178,VICTORIAN GLASS HANGING T-LIGHT,6,2011-12-08 12:57:00,1.95,13860,United Kingdom,11.7,2011,12,December,Thursday
581382,23199,JUMBO BAG APPLES,10,2011-12-08 12:57:00,2.08,13860,United Kingdom,20.8,2011,12,December,Thursday
581382,23111,PARISIENNE SEWING BOX,2,2011-12-08 12:57:00,12.5,13860,United Kingdom,25.0,2011,12,December,Thursday
581382,22338,STAR DECORATION PAINTED ZINC,48,2011-12-08 12:57:00,0.19,13860,United Kingdom,9.120000000000001,2011,12,December,Thursday
581382,22209,WOOD STAMP SET HAPPY BIRTHDAY,24,2011-12-08 12:57:00,0.83,13860,United Kingdom,19.919999999999998,2011,12,December,Thursday
581382,22163,HEART STRING MEMO HOLDER HANGING,12,2011-12-08 12:57:00,0.79,13860,United Kingdom,9.48,2011,12,December,Thursday
581382,22231,JIGSAW TREE WITH BIRDHOUSE,12,2011-12-08 12:57:00,0.59,13860,United Kingdom,7.08,2011,12,December,Thursday
581382,22228,BUNNY WOODEN PAINTED WITH BIRD,12,2011-12-08 12:57:00,0.39,13860,United Kingdom,4.68,2011,12,December,Thursday
581382,22597,MUSICAL ZINC HEART DECORATION,24,2011-12-08 12:57:00,0.29,13860,United Kingdom,6.959999999999999,2011,12,December,Thursday
581381,23109,PACK OF SIX LED TEA LIGHTS,18,2011-12-08 12:54:00,2.89,16933,United Kingdom,52.02,2011,12,December,Thursday
581381,72800E,4 IVORY DINNER CANDLES SILVER FLOCK,3,2011-12-08 12:54:00,0.79,16933,United Kingdom,2.37,2011,12,December,Thursday
581381,84947,ANTIQUE SILVER TEA GLASS ENGRAVED,6,2011-12-08 12:54:00,1.25,16933,United Kingdom,7.5,2011,12,December,Thursday
581381,84946,ANTIQUE SILVER T-LIGHT GLASS,6,2011-12-08 12:54:00,1.25,16933,United Kingdom,7.5,2011,12,December,Thursday
581381,21344,MOROCCAN BEATEN METAL DISH,2,2011-12-08 12:54:00,9.95,16933,United Kingdom,19.9,2011,12,December,Thursday
581381,22800,ANTIQUE TALL SWIRLGLASS TRINKET POT,4,2011-12-08 12:54:00,3.75,16933,United Kingdom,15.0,2011,12,December,Thursday
581381,22798,ANTIQUE GLASS DRESSING TABLE POT,4,2011-12-08 12:54:00,2.95,16933,United Kingdom,11.8,2011,12,December,Thursday
581381,72799E,IVORY PILLAR CANDLE SILVER FLOCK,12,2011-12-08 12:54:00,0.79,16933,United Kingdom,9.48,2011,12,December,Thursday
581381,23534,WALL ART STOP FOR TEA,1,2011-12-08 12:54:00,5.95,16933,United Kingdom,5.95,2011,12,December,Thursday
581381,22113,GREY HEART HOT WATER BOTTLE,4,2011-12-08 12:54:00,4.25,16933,United Kingdom,17.0,2011,12,December,Thursday
581381,72783,BLACK SIL'T SQU CANDLE PLATE,4,2011-12-08 12:54:00,2.1,16933,United Kingdom,8.4,2011,12,December,Thursday
581381,72780,BLACK SILOUETTE CANDLE PLATE,4,2011-12-08 12:54:00,0.85,16933,United Kingdom,3.4,2011,12,December,Thursday
581381,23538,WALL ART VINTAGE HEART,2,2011-12-08 12:54:00,4.95,16933,United Kingdom,9.9,2011,12,December,Thursday
581381,23082,SET 6 PAPER TABLE LANTERN HEARTS,12,2011-12-08 12:54:00,3.75,16933,United Kingdom,45.0,2011,12,December,Thursday
581381,23083,SET 6 PAPER TABLE LANTERN STARS,15,2011-12-08 12:54:00,3.75,16933,United Kingdom,56.25,2011,12,December,Thursday
581381,22801,ANTIQUE GLASS PEDESTAL BOWL,4,2011-12-08 12:54:00,3.75,16933,United Kingdom,15.0,2011,12,December,Thursday
581381,23381,PACK OF 12 VINTAGE LEAF TISSUES,12,2011-12-08 12:54:00,0.39,16933,United Kingdom,4.68,2011,12,December,Thursday
581381,23378,PACK OF 12 50'S CHRISTMAS TISSUES,12,2011-12-08 12:54:00,0.39,16933,United Kingdom,4.68,2011,12,December,Thursday
581381,21484,CHICK GREY HOT WATER BOTTLE,3,2011-12-08 12:54:00,4.25,16933,United Kingdom,12.75,2011,12,December,Thursday
581381,22411,JUMBO SHOPPER VINTAGE RED PAISLEY,2,2011-12-08 12:54:00,2.08,16933,United Kingdom,4.16,2011,12,December,Thursday
581381,23202,JUMBO BAG VINTAGE LEAF,2,2011-12-08 12:54:00,2.08,16933,United Kingdom,4.16,2011,12,December,Thursday
581381,23283,DOORMAT VINTAGE LEAF,1,2011-12-08 12:54:00,8.25,16933,United Kingdom,8.25,2011,12,December,Thursday
581381,23232,WRAP VINTAGE LEAF DESIGN,25,2011-12-08 12:54:00,0.42,16933,United Kingdom,10.5,2011,12,December,Thursday
581381,21034,REX CASH+CARRY JUMBO SHOPPER,3,2011-12-08 12:54:00,0.95,16933,United Kingdom,2.8499999999999996,2011,12,December,Thursday
581380,23498,CLASSIC BICYCLE CLIPS,12,2011-12-08 12:52:00,1.45,13102,United Kingdom,17.4,2011,12,December,Thursday
581380,23598,PAPER BUNTING VINTAGE PARTY,6,2011-12-08 12:52:00,2.95,13102,United Kingdom,17.700000000000003,2011,12,December,Thursday
581380,22466,FAIRY TALE COTTAGE NIGHT LIGHT,12,2011-12-08 12:52:00,1.95,13102,United Kingdom,23.4,2011,12,December,Thursday
581380,23313,VINTAGE CHRISTMAS BUNTING,5,2011-12-08 12:52:00,4.95,13102,United Kingdom,24.75,2011,12,December,Thursday
581380,22910,PAPER CHAIN KIT VINTAGE CHRISTMAS,12,2011-12-08 12:52:00,2.95,13102,United Kingdom,35.400000000000006,2011,12,December,Thursday
581380,23234,BISCUIT TIN VINTAGE CHRISTMAS,18,2011-12-08 12:52:00,2.89,13102,United Kingdom,52.02,2011,12,December,Thursday
581380,22630,DOLLY GIRL LUNCH BOX,12,2011-12-08 12:52:00,1.95,13102,United Kingdom,23.4,2011,12,December,Thursday
581379,21109,LARGE CAKE TOWEL CHOCOLATE SPOTS,12,2011-12-08 12:50:00,1.95,13954,United Kingdom,23.4,2011,12,December,Thursday
581379,21417,COCKLE SHELL DISH,12,2011-12-08 12:50:00,0.79,13954,United Kingdom,9.48,2011,12,December,Thursday
581379,22061,LARGE CAKE STAND  HANGING STRAWBERY,8,2011-12-08 12:50:00,2.95,13954,United Kingdom,23.6,2011,12,December,Thursday
581379,22221,CAKE STAND LOVEBIRD 2 TIER PINK,6,2011-12-08 12:50:00,2.95,13954,United Kingdom,17.700000000000003,2011,12,December,Thursday
581379,22476,EMPIRE UNION JACK TV DINNER TRAY,8,2011-12-08 12:50:00,1.95,13954,United Kingdom,15.6,2011,12,December,Thursday
581379,22596,CHRISTMAS STAR WISH LIST CHALKBOARD,12,2011-12-08 12:50:00,0.39,13954,United Kingdom,4.68,2011,12,December,Thursday
581379,22723,SET OF 6 HERB TINS SKETCHBOOK,12,2011-12-08 12:50:00,1.25,13954,United Kingdom,15.0,2011,12,December,Thursday
581379,23143,ZINC WIRE KITCHEN ORGANISER,4,2011-12-08 12:50:00,3.95,13954,United Kingdom,15.8,2011,12,December,Thursday
581379,23320,GIANT 50'S CHRISTMAS CRACKER,12,2011-12-08 12:50:00,1.25,13954,United Kingdom,15.0,2011,12,December,Thursday
581379,84707A,SILVER JEWELLED MIRROR TRINKET TRAY,12,2011-12-08 12:50:00,1.95,13954,United Kingdom,23.4,2011,12,December,Thursday
581379,23253,16 PIECE CUTLERY SET PANTRY DESIGN,2,2011-12-08 12:50:00,15.95,13954,United Kingdom,31.9,2011,12,December,Thursday
581379,22847,BREAD BIN DINER STYLE IVORY,1,2011-12-08 12:50:00,16.95,13954,United Kingdom,16.95,2011,12,December,Thursday
581378,85150,LADIES & GENTLEMEN METAL SIGN,2,2011-12-08 12:50:00,2.55,17673,United Kingdom,5.1,2011,12,December,Thursday
581378,85152,HAND OVER THE CHOCOLATE   SIGN,2,2011-12-08 12:50:00,2.1,17673,United Kingdom,4.2,2011,12,December,Thursday
581378,21164,HOME SWEET HOME METAL SIGN,2,2011-12-08 12:50:00,2.95,17673,United Kingdom,5.9,2011,12,December,Thursday
581378,21172,PARTY METAL SIGN,3,2011-12-08 12:50:00,1.45,17673,United Kingdom,4.35,2011,12,December,Thursday
581378,21162,TOXIC AREA  DOOR HANGER,4,2011-12-08 12:50:00,0.39,17673,United Kingdom,1.56,2011,12,December,Thursday
581378,72122,COFFEE SCENT PILLAR CANDLE,3,2011-12-08 12:50:00,0.95,17673,United Kingdom,2.8499999999999996,2011,12,December,Thursday
581378,17012C,ORIGAMI LAVENDER INCENSE/CANDL SET,4,2011-12-08 12:50:00,0.85,17673,United Kingdom,3.4,2011,12,December,Thursday
581378,17012F,ORIGAMI SANDLEWOOD INCENSE/CAND SET,6,2011-12-08 12:50:00,0.85,17673,United Kingdom,5.1,2011,12,December,Thursday
581378,17012D,ORIGAMI ROSE INCENSE/CANDLE SET,6,2011-12-08 12:50:00,0.85,17673,United Kingdom,5.1,2011,12,December,Thursday
581378,21790,VINTAGE SNAP CARDS,6,2011-12-08 12:50:00,0.85,17673,United Kingdom,5.1,2011,12,December,Thursday
581378,21791,VINTAGE HEADS AND TAILS CARD GAME,4,2011-12-08 12:50:00,1.25,17673,United Kingdom,5.0,2011,12,December,Thursday
581378,23128,FELTCRAFT BOY JEAN-PAUL KIT,2,2011-12-08 12:50:00,4.95,17673,United Kingdom,9.9,2011,12,December,Thursday
581378,23126,FELTCRAFT GIRL AMELIE KIT,2,2011-12-08 12:50:00,4.95,17673,United Kingdom,9.9,2011,12,December,Thursday
581378,23127,FELTCRAFT GIRL NICOLE KIT,2,2011-12-08 12:50:00,4.95,17673,United Kingdom,9.9,2011,12,December,Thursday
581378,22439,6 ROCKET BALLOONS,10,2011-12-08 12:50:00,0.65,17673,United Kingdom,6.5,2011,12,December,Thursday
581378,21328,BALLOONS  WRITING SET,4,2011-12-08 12:50:00,1.65,17673,United Kingdom,6.6,2011,12,December,Thursday
581378,21329,DINOSAURS  WRITING SET,2,2011-12-08 12:50:00,1.65,17673,United Kingdom,3.3,2011,12,December,Thursday
581378,21327,SKULLS WRITING SET,2,2011-12-08 12:50:00,1.65,17673,United Kingdom,3.3,2011,12,December,Thursday
581378,22566,FELTCRAFT HAIRBAND PINK AND PURPLE,4,2011-12-08 12:50:00,0.85,17673,United Kingdom,3.4,2011,12,December,Thursday
581378,20974,12 PENCILS SMALL TUBE SKULL,3,2011-12-08 12:50:00,0.65,17673,United Kingdom,1.9500000000000002,2011,12,December,Thursday
581378,21918,SET 12 KIDS COLOUR  CHALK STICKS,6,2011-12-08 12:50:00,0.42,17673,United Kingdom,2.52,2011,12,December,Thursday
581378,20979,36 PENCILS TUBE RED RETROSPOT,2,2011-12-08 12:50:00,1.25,17673,United Kingdom,2.5,2011,12,December,Thursday
581378,84692,BOX OF 24 COCKTAIL PARASOLS,12,2011-12-08 12:50:00,0.42,17673,United Kingdom,5.04,2011,12,December,Thursday
581377,21108,FAIRY CAKE FLANNEL ASSORTED COLOUR,18,2011-12-08 12:44:00,0.79,14138,United Kingdom,14.22,2011,12,December,Thursday
581377,23076,ICE CREAM SUNDAE LIP GLOSS,24,2011-12-08 12:44:00,1.25,14138,United Kingdom,30.0,2011,12,December,Thursday
581377,22809,SET OF 6 T-LIGHTS SANTA,12,2011-12-08 12:44:00,2.95,14138,United Kingdom,35.400000000000006,2011,12,December,Thursday
581377,22112,CHOCOLATE HOT WATER BOTTLE,3,2011-12-08 12:44:00,4.95,14138,United Kingdom,14.850000000000001,2011,12,December,Thursday
581377,22114,HOT WATER BOTTLE TEA AND SYMPATHY,4,2011-12-08 12:44:00,4.25,14138,United Kingdom,17.0,2011,12,December,Thursday
581377,22111,SCOTTIE DOG HOT WATER BOTTLE,6,2011-12-08 12:44:00,4.95,14138,United Kingdom,29.700000000000003,2011,12,December,Thursday
581377,21481,FAWN BLUE HOT WATER BOTTLE,4,2011-12-08 12:44:00,3.75,14138,United Kingdom,15.0,2011,12,December,Thursday
581377,21484,CHICK GREY HOT WATER BOTTLE,4,2011-12-08 12:44:00,4.25,14138,United Kingdom,17.0,2011,12,December,Thursday
581377,23355,HOT WATER BOTTLE KEEP CALM,4,2011-12-08 12:44:00,4.95,14138,United Kingdom,19.8,2011,12,December,Thursday
581377,22867,HAND WARMER BIRD DESIGN,12,2011-12-08 12:44:00,2.1,14138,United Kingdom,25.200000000000003,2011,12,December,Thursday
581377,22865,HAND WARMER OWL DESIGN,12,2011-12-08 12:44:00,2.1,14138,United Kingdom,25.200000000000003,2011,12,December,Thursday
581377,22866,HAND WARMER SCOTTY DOG DESIGN,24,2011-12-08 12:44:00,2.1,14138,United Kingdom,50.400000000000006,2011,12,December,Thursday
581377,23439,HAND WARMER RED LOVE HEART,12,2011-12-08 12:44:00,2.1,14138,United Kingdom,25.200000000000003,2011,12,December,Thursday
581377,22632,HAND WARMER RED RETROSPOT,12,2011-12-08 12:44:00,2.1,14138,United Kingdom,25.200000000000003,2011,12,December,Thursday
581376,22586,FELTCRAFT HAIRBAND PINK AND BLUE,6,2011-12-08 12:43:00,0.85,14719,United Kingdom,5.1,2011,12,December,Thursday
581376,20975,12 PENCILS SMALL TUBE RED RETROSPOT,4,2011-12-08 12:43:00,0.65,14719,United Kingdom,2.6,2011,12,December,Thursday
581376,23367,SET 12 COLOUR PENCILS SPACEBOY,4,2011-12-08 12:43:00,0.65,14719,United Kingdom,2.6,2011,12,December,Thursday
581376,20973,12 PENCIL SMALL TUBE WOODLAND,4,2011-12-08 12:43:00,0.65,14719,United Kingdom,2.6,2011,12,December,Thursday
581376,23366,SET 12 COLOURING PENCILS DOILY,4,2011-12-08 12:43:00,0.65,14719,United Kingdom,2.6,2011,12,December,Thursday
581376,22211,WOOD STAMP SET FLOWERS,4,2011-12-08 12:43:00,0.83,14719,United Kingdom,3.32,2011,12,December,Thursday
581376,22561,WOODEN SCHOOL COLOURING SET,4,2011-12-08 12:43:00,1.65,14719,United Kingdom,6.6,2011,12,December,Thursday
581376,23569,TRADTIONAL ALPHABET STAMP SET,4,2011-12-08 12:43:00,4.95,14719,United Kingdom,19.8,2011,12,December,Thursday
581376,22669,RED BABY BUNTING,5,2011-12-08 12:43:00,2.95,14719,United Kingdom,14.75,2011,12,December,Thursday
581376,22360,GLASS JAR ENGLISH CONFECTIONERY,4,2011-12-08 12:43:00,2.95,14719,United Kingdom,11.8,2011,12,December,Thursday
581376,84991,60 TEATIME FAIRY CAKE CASES,6,2011-12-08 12:43:00,0.55,14719,United Kingdom,3.3000000000000003,2011,12,December,Thursday
581376,23307,SET OF 60 PANTRY DESIGN CAKE CASES,6,2011-12-08 12:43:00,0.55,14719,United Kingdom,3.3000000000000003,2011,12,December,Thursday
581376,22951,60 CAKE CASES DOLLY GIRL DESIGN,6,2011-12-08 12:43:00,0.55,14719,United Kingdom,3.3000000000000003,2011,12,December,Thursday
581376,22417,PACK OF 60 SPACEBOY CAKE CASES,6,2011-12-08 12:43:00,0.55,14719,United Kingdom,3.3000000000000003,2011,12,December,Thursday
581376,22668,PINK BABY BUNTING,5,2011-12-08 12:43:00,2.95,14719,United Kingdom,14.75,2011,12,December,Thursday
581376,22276,WASH BAG VINTAGE ROSE PAISLEY,4,2011-12-08 12:43:00,2.55,14719,United Kingdom,10.2,2011,12,December,Thursday
581376,22277,COSMETIC BAG VINTAGE ROSE PAISLEY,4,2011-12-08 12:43:00,2.1,14719,United Kingdom,8.4,2011,12,December,Thursday
581376,84378,SET OF 3 HEART COOKIE CUTTERS,5,2011-12-08 12:43:00,1.45,14719,United Kingdom,7.25,2011,12,December,Thursday
581376,84380,SET OF 3 BUTTERFLY COOKIE CUTTERS,5,2011-12-08 12:43:00,1.45,14719,United Kingdom,7.25,2011,12,December,Thursday
581376,22966,GINGERBREAD MAN COOKIE CUTTER,2,2011-12-08 12:43:00,1.25,14719,United Kingdom,2.5,2011,12,December,Thursday
581376,23552,BICYCLE PUNCTURE REPAIR KIT,1,2011-12-08 12:43:00,2.08,14719,United Kingdom,2.08,2011,12,December,Thursday
581376,23308,SET OF 60 VINTAGE LEAF CAKE CASES,4,2011-12-08 12:43:00,0.55,14719,United Kingdom,2.2,2011,12,December,Thursday
581376,21977,PACK OF 60 PINK PAISLEY CAKE CASES,6,2011-12-08 12:43:00,0.55,14719,United Kingdom,3.3000000000000003,2011,12,December,Thursday
581376,84992,72 SWEETHEART FAIRY CAKE CASES,6,2011-12-08 12:43:00,0.55,14719,United Kingdom,3.3000000000000003,2011,12,December,Thursday
581376,21975,PACK OF 60 DINOSAUR CAKE CASES,4,2011-12-08 12:43:00,0.55,14719,United Kingdom,2.2,2011,12,December,Thursday
581376,22139,RETROSPOT TEA SET CERAMIC 11 PC,4,2011-12-08 12:43:00,4.95,14719,United Kingdom,19.8,2011,12,December,Thursday
581376,85032B,BLOSSOM IMAGES GIFT WRAP SET,2,2011-12-08 12:43:00,0.65,14719,United Kingdom,1.3,2011,12,December,Thursday
581376,85032C,CURIOUS IMAGES GIFT WRAP SET,2,2011-12-08 12:43:00,0.65,14719,United Kingdom,1.3,2011,12,December,Thursday
581376,85032A,ROMANTIC IMAGES GIFT WRAP SET,2,2011-12-08 12:43:00,0.65,14719,United Kingdom,1.3,2011,12,December,Thursday
581376,85019A,ROMANTIC IMAGES NOTEBOOK SET,2,2011-12-08 12:43:00,1.25,14719,United Kingdom,2.5,2011,12,December,Thursday
581376,85019B,BLOSSOM  IMAGES NOTEBOOK SET,2,2011-12-08 12:43:00,1.25,14719,United Kingdom,2.5,2011,12,December,Thursday
581376,70006,LOVE HEART POCKET WARMER,4,2011-12-08 12:43:00,0.79,14719,United Kingdom,3.16,2011,12,December,Thursday
581376,22834,HAND WARMER BABUSHKA DESIGN,6,2011-12-08 12:43:00,2.1,14719,United Kingdom,12.600000000000001,2011,12,December,Thursday
581376,22866,HAND WARMER SCOTTY DOG DESIGN,6,2011-12-08 12:43:00,2.1,14719,United Kingdom,12.600000000000001,2011,12,December,Thursday
581376,22867,HAND WARMER BIRD DESIGN,6,2011-12-08 12:43:00,2.1,14719,United Kingdom,12.600000000000001,2011,12,December,Thursday
581376,23439,HAND WARMER RED LOVE HEART,6,2011-12-08 12:43:00,2.1,14719,United Kingdom,12.600000000000001,2011,12,December,Thursday
581376,22865,HAND WARMER OWL DESIGN,6,2011-12-08 12:43:00,2.1,14719,United Kingdom,12.600000000000001,2011,12,December,Thursday
581376,22633,HAND WARMER UNION JACK,6,2011-12-08 12:43:00,2.1,14719,United Kingdom,12.600000000000001,2011,12,December,Thursday
581376,22112,CHOCOLATE HOT WATER BOTTLE,2,2011-12-08 12:43:00,4.95,14719,United Kingdom,9.9,2011,12,December,Thursday
581376,23127,FELTCRAFT GIRL NICOLE KIT,2,2011-12-08 12:43:00,4.95,14719,United Kingdom,9.9,2011,12,December,Thursday
581376,22645,CERAMIC HEART FAIRY CAKE MONEY BANK,4,2011-12-08 12:43:00,0.39,14719,United Kingdom,1.56,2011,12,December,Thursday
581376,22750,FELTCRAFT PRINCESS LOLA DOLL,1,2011-12-08 12:43:00,3.75,14719,United Kingdom,3.75,2011,12,December,Thursday
581376,22751,FELTCRAFT PRINCESS OLIVIA DOLL,1,2011-12-08 12:43:00,3.75,14719,United Kingdom,3.75,2011,12,December,Thursday
581376,22556,PLASTERS IN TIN CIRCUS PARADE,6,2011-12-08 12:43:00,1.65,14719,United Kingdom,9.899999999999999,2011,12,December,Thursday
581376,22555,PLASTERS IN TIN STRONGMAN,6,2011-12-08 12:43:00,1.65,14719,United Kingdom,9.899999999999999,2011,12,December,Thursday
581376,22557,PLASTERS IN TIN VINTAGE PAISLEY,6,2011-12-08 12:43:00,1.65,14719,United Kingdom,9.899999999999999,2011,12,December,Thursday
581376,22554,PLASTERS IN TIN WOODLAND ANIMALS,6,2011-12-08 12:43:00,1.65,14719,United Kingdom,9.899999999999999,2011,12,December,Thursday
581376,22557,PLASTERS IN TIN VINTAGE PAISLEY,4,2011-12-08 12:43:00,1.65,14719,United Kingdom,6.6,2011,12,December,Thursday
581376,22551,PLASTERS IN TIN SPACEBOY,6,2011-12-08 12:43:00,1.65,14719,United Kingdom,9.899999999999999,2011,12,December,Thursday
581376,22555,PLASTERS IN TIN STRONGMAN,4,2011-12-08 12:43:00,1.65,14719,United Kingdom,6.6,2011,12,December,Thursday
581376,23076,ICE CREAM SUNDAE LIP GLOSS,24,2011-12-08 12:43:00,1.25,14719,United Kingdom,30.0,2011,12,December,Thursday
581376,22969,HOMEMADE JAM SCENTED CANDLES,12,2011-12-08 12:43:00,1.45,14719,United Kingdom,17.4,2011,12,December,Thursday
581376,22767,TRIPLE PHOTO FRAME CORNICE,1,2011-12-08 12:43:00,9.95,14719,United Kingdom,9.95,2011,12,December,Thursday
581376,23301,GARDENERS KNEELING PAD KEEP CALM,1,2011-12-08 12:43:00,1.65,14719,United Kingdom,1.65,2011,12,December,Thursday
581375,23535,WALL ART BICYCLE SAFETY,8,2011-12-08 12:36:00,5.95,16210,United Kingdom,47.6,2011,12,December,Thursday
581375,21705,BAG 500g SWIRLY MARBLES,48,2011-12-08 12:36:00,0.39,16210,United Kingdom,18.72,2011,12,December,Thursday
581375,23552,BICYCLE PUNCTURE REPAIR KIT,6,2011-12-08 12:36:00,2.08,16210,United Kingdom,12.48,2011,12,December,Thursday
581375,23498,CLASSIC BICYCLE CLIPS,12,2011-12-08 12:36:00,1.45,16210,United Kingdom,17.4,2011,12,December,Thursday
581375,21137,BLACK RECORD COVER FRAME,960,2011-12-08 12:36:00,3.39,16210,United Kingdom,3254.4,2011,12,December,Thursday
581375,23536,WALL ART VILLAGE SHOW,4,2011-12-08 12:36:00,5.95,16210,United Kingdom,23.8,2011,12,December,Thursday
581375,23555,LANDMARK FRAME NOTTING HILL,3,2011-12-08 12:36:00,12.5,16210,United Kingdom,37.5,2011,12,December,Thursday
581375,23558,LANDMARK FRAME LONDON BRIDGE,3,2011-12-08 12:36:00,12.5,16210,United Kingdom,37.5,2011,12,December,Thursday
581375,23553,LANDMARK FRAME CAMDEN TOWN,3,2011-12-08 12:36:00,12.5,16210,United Kingdom,37.5,2011,12,December,Thursday
581375,23556,LANDMARK FRAME COVENT GARDEN,3,2011-12-08 12:36:00,12.5,16210,United Kingdom,37.5,2011,12,December,Thursday
581375,23554,LANDMARK FRAME OXFORD STREET,3,2011-12-08 12:36:00,12.5,16210,United Kingdom,37.5,2011,12,December,Thursday
581375,23557,LANDMARK FRAME BAKER STREET,3,2011-12-08 12:36:00,12.5,16210,United Kingdom,37.5,2011,12,December,Thursday
581361,22178,VICTORIAN GLASS HANGING T-LIGHT,48,2011-12-08 12:31:00,1.95,17522,United Kingdom,93.6,2011,12,December,Thursday
581361,22495,SET OF 2 ROUND TINS CAMEMBERT,12,2011-12-08 12:31:00,0.79,17522,United Kingdom,9.48,2011,12,December,Thursday
581361,22496,SET OF 2 ROUND TINS DUTCH CHEESE,12,2011-12-08 12:31:00,0.79,17522,United Kingdom,9.48,2011,12,December,Thursday
581361,22500,SET OF 2 TINS JARDIN DE PROVENCE,6,2011-12-08 12:31:00,1.25,17522,United Kingdom,7.5,2011,12,December,Thursday
581361,22721,SET OF 3 CAKE TINS SKETCHBOOK,12,2011-12-08 12:31:00,1.95,17522,United Kingdom,23.4,2011,12,December,Thursday
581361,23235,STORAGE TIN VINTAGE LEAF,12,2011-12-08 12:31:00,1.25,17522,United Kingdom,15.0,2011,12,December,Thursday
581358,22979,PANTRY WASHING UP BRUSH,12,2011-12-08 12:30:00,1.45,17436,United Kingdom,17.4,2011,12,December,Thursday
581358,22300,COFFEE MUG DOG + BALL DESIGN,6,2011-12-08 12:30:00,2.55,17436,United Kingdom,15.299999999999999,2011,12,December,Thursday
581358,22301,COFFEE MUG CAT + BIRD DESIGN,6,2011-12-08 12:30:00,2.55,17436,United Kingdom,15.299999999999999,2011,12,December,Thursday
581358,22971,QUEENS GUARD COFFEE MUG,12,2011-12-08 12:30:00,2.55,17436,United Kingdom,30.599999999999998,2011,12,December,Thursday
581358,22970,LONDON BUS COFFEE MUG,6,2011-12-08 12:30:00,2.55,17436,United Kingdom,15.299999999999999,2011,12,December,Thursday
581357,21285,RETROSPOT CANDLE  MEDIUM,12,2011-12-08 12:29:00,0.39,13314,United Kingdom,4.68,2011,12,December,Thursday
581357,22215,CAKE STAND WHITE TWO TIER LACE,6,2011-12-08 12:29:00,2.95,13314,United Kingdom,17.700000000000003,2011,12,December,Thursday
581357,22442,GROW YOUR OWN FLOWERS SET OF 3,12,2011-12-08 12:29:00,1.95,13314,United Kingdom,23.4,2011,12,December,Thursday
581357,22509,SEWING BOX RETROSPOT DESIGN,4,2011-12-08 12:29:00,3.95,13314,United Kingdom,15.8,2011,12,December,Thursday
581357,23415,HOME SWEET HOME HOOK,12,2011-12-08 12:29:00,0.39,13314,United Kingdom,4.68,2011,12,December,Thursday
581357,23552,BICYCLE PUNCTURE REPAIR KIT,6,2011-12-08 12:29:00,2.08,13314,United Kingdom,12.48,2011,12,December,Thursday
581357,22986,WRAP GINGHAM ROSE,25,2011-12-08 12:29:00,0.42,13314,United Kingdom,10.5,2011,12,December,Thursday
581357,16156S,WRAP PINK FAIRY CAKES,25,2011-12-08 12:29:00,0.42,13314,United Kingdom,10.5,2011,12,December,Thursday
581357,22045,SPACEBOY GIFT WRAP,25,2011-12-08 12:29:00,0.42,13314,United Kingdom,10.5,2011,12,December,Thursday
581357,84251G,"GREETING CARD, OVERCROWDED POOL.",12,2011-12-08 12:29:00,0.19,13314,United Kingdom,2.2800000000000002,2011,12,December,Thursday
581357,21499,BLUE POLKADOT WRAP,25,2011-12-08 12:29:00,0.42,13314,United Kingdom,10.5,2011,12,December,Thursday
581357,22624,IVORY KITCHEN SCALES,2,2011-12-08 12:29:00,8.5,13314,United Kingdom,17.0,2011,12,December,Thursday
581357,22424,ENAMEL BREAD BIN CREAM,1,2011-12-08 12:29:00,12.75,13314,United Kingdom,12.75,2011,12,December,Thursday
581357,23205,CHARLOTTE BAG VINTAGE ALPHABET,10,2011-12-08 12:29:00,0.85,13314,United Kingdom,8.5,2011,12,December,Thursday
581357,22866,HAND WARMER SCOTTY DOG DESIGN,12,2011-12-08 12:29:00,2.1,13314,United Kingdom,25.200000000000003,2011,12,December,Thursday
581356,22692,DOORMAT WELCOME TO OUR HOME,2,2011-12-08 12:28:00,8.25,17830,United Kingdom,16.5,2011,12,December,Thursday
581356,21524,DOORMAT SPOTTY HOME SWEET HOME,2,2011-12-08 12:28:00,8.25,17830,United Kingdom,16.5,2011,12,December,Thursday
581356,21523,DOORMAT FANCY FONT HOME SWEET HOME,2,2011-12-08 12:28:00,8.25,17830,United Kingdom,16.5,2011,12,December,Thursday
581356,48187,DOORMAT NEW ENGLAND,2,2011-12-08 12:28:00,8.25,17830,United Kingdom,16.5,2011,12,December,Thursday
581356,22487,WHITE WOOD GARDEN PLANT LADDER,1,2011-12-08 12:28:00,9.95,17830,United Kingdom,9.95,2011,12,December,Thursday
581356,22969,HOMEMADE JAM SCENTED CANDLES,12,2011-12-08 12:28:00,1.45,17830,United Kingdom,17.4,2011,12,December,Thursday
581356,85123A,WHITE HANGING HEART T-LIGHT HOLDER,6,2011-12-08 12:28:00,2.95,17830,United Kingdom,17.700000000000003,2011,12,December,Thursday
581352,23328,SET 6 SCHOOL MILK BOTTLES IN CRATE,1,2011-12-08 12:26:00,3.75,14698,United Kingdom,3.75,2011,12,December,Thursday
581352,22481,BLACK TEA TOWEL CLASSIC DESIGN,4,2011-12-08 12:26:00,0.39,14698,United Kingdom,1.56,2011,12,December,Thursday
581352,22562,MONSTERS STENCIL CRAFT,1,2011-12-08 12:26:00,1.25,14698,United Kingdom,1.25,2011,12,December,Thursday
581352,22564,ALPHABET STENCIL CRAFT,1,2011-12-08 12:26:00,1.25,14698,United Kingdom,1.25,2011,12,December,Thursday
581352,22673,FRENCH GARDEN SIGN BLUE METAL,1,2011-12-08 12:26:00,1.25,14698,United Kingdom,1.25,2011,12,December,Thursday
581352,23360,SET 8 CANDLES VINTAGE DOILY,2,2011-12-08 12:26:00,1.95,14698,United Kingdom,3.9,2011,12,December,Thursday
581352,72811,SMALL ZINC/GLASS CANDLEHOLDER,2,2011-12-08 12:26:00,1.49,14698,United Kingdom,2.98,2011,12,December,Thursday
581352,84978,HANGING HEART JAR T-LIGHT HOLDER,2,2011-12-08 12:26:00,1.25,14698,United Kingdom,2.5,2011,12,December,Thursday
581352,35004B,SET OF 3 BLACK FLYING DUCKS,1,2011-12-08 12:26:00,5.45,14698,United Kingdom,5.45,2011,12,December,Thursday
581352,82494L,WOODEN FRAME ANTIQUE WHITE,1,2011-12-08 12:26:00,2.95,14698,United Kingdom,2.95,2011,12,December,Thursday
581352,84032B,CHARLIE + LOLA RED HOT WATER BOTTLE,1,2011-12-08 12:26:00,0.79,14698,United Kingdom,0.79,2011,12,December,Thursday
581352,22481,BLACK TEA TOWEL CLASSIC DESIGN,2,2011-12-08 12:26:00,0.39,14698,United Kingdom,0.78,2011,12,December,Thursday
581352,22551,PLASTERS IN TIN SPACEBOY,1,2011-12-08 12:26:00,1.65,14698,United Kingdom,1.65,2011,12,December,Thursday
581352,23019,SMALL APOTHECARY MEASURING JAR,1,2011-12-08 12:26:00,8.25,14698,United Kingdom,8.25,2011,12,December,Thursday
581352,23201,JUMBO BAG ALPHABET,1,2011-12-08 12:26:00,2.08,14698,United Kingdom,2.08,2011,12,December,Thursday
581352,23320,GIANT 50'S CHRISTMAS CRACKER,2,2011-12-08 12:26:00,1.25,14698,United Kingdom,2.5,2011,12,December,Thursday
581352,23533,WALL ART GARDEN HAVEN,1,2011-12-08 12:26:00,1.95,14698,United Kingdom,1.95,2011,12,December,Thursday
581352,23323,WHITE WICKER STAR,2,2011-12-08 12:26:00,2.1,14698,United Kingdom,4.2,2011,12,December,Thursday
581352,85231B,CINAMMON SET OF 9 T-LIGHTS,3,2011-12-08 12:26:00,0.85,14698,United Kingdom,2.55,2011,12,December,Thursday
581352,23143,ZINC WIRE KITCHEN ORGANISER,1,2011-12-08 12:26:00,3.95,14698,United Kingdom,3.95,2011,12,December,Thursday
581352,23457,LARGE PARLOUR PICTURE FRAME,1,2011-12-08 12:26:00,4.95,14698,United Kingdom,4.95,2011,12,December,Thursday
581352,23455,SMALL PARLOUR PICTURE FRAME,2,2011-12-08 12:26:00,2.89,14698,United Kingdom,5.78,2011,12,December,Thursday
581352,22905,CALENDAR IN SEASON DESIGN,3,2011-12-08 12:26:00,1.25,14698,United Kingdom,3.75,2011,12,December,Thursday
581352,23576,SNACK TRAY RED VINTAGE DOILY,1,2011-12-08 12:26:00,1.95,14698,United Kingdom,1.95,2011,12,December,Thursday
581352,23578,SNACK TRAY RED GINGHAM,2,2011-12-08 12:26:00,1.95,14698,United Kingdom,3.9,2011,12,December,Thursday
581352,22675,FRENCH KITCHEN SIGN BLUE METAL,2,2011-12-08 12:26:00,1.25,14698,United Kingdom,2.5,2011,12,December,Thursday
581352,22673,FRENCH GARDEN SIGN BLUE METAL,2,2011-12-08 12:26:00,1.25,14698,United Kingdom,2.5,2011,12,December,Thursday
581352,21314,SMALL GLASS HEART TRINKET POT,2,2011-12-08 12:26:00,2.1,14698,United Kingdom,4.2,2011,12,December,Thursday
581352,23151,ZINC SWEETHEART SOAP DISH,2,2011-12-08 12:26:00,0.79,14698,United Kingdom,1.58,2011,12,December,Thursday
581352,22185,SLATE TILE NATURAL HANGING,4,2011-12-08 12:26:00,0.79,14698,United Kingdom,3.16,2011,12,December,Thursday
581352,21441,BLUE BIRDHOUSE DECORATION,8,2011-12-08 12:26:00,0.19,14698,United Kingdom,1.52,2011,12,December,Thursday
581352,21442,GREEN BIRDHOUSE DECORATION,8,2011-12-08 12:26:00,0.19,14698,United Kingdom,1.52,2011,12,December,Thursday
581352,23106,ZINC HEARTS PLANT POT HOLDER,2,2011-12-08 12:26:00,0.79,14698,United Kingdom,1.58,2011,12,December,Thursday
581352,22171,3 HOOK PHOTO SHELF ANTIQUE WHITE,1,2011-12-08 12:26:00,8.5,14698,United Kingdom,8.5,2011,12,December,Thursday
581352,85034B,3 WHITE CHOC MORRIS BOXED CANDLES,2,2011-12-08 12:26:00,1.25,14698,United Kingdom,2.5,2011,12,December,Thursday
581352,23569,TRADTIONAL ALPHABET STAMP SET,1,2011-12-08 12:26:00,4.95,14698,United Kingdom,4.95,2011,12,December,Thursday
581352,23571,TRADITIONAL NAUGHTS & CROSSES,3,2011-12-08 12:26:00,1.65,14698,United Kingdom,4.949999999999999,2011,12,December,Thursday
581352,22118,JOY WOODEN BLOCK LETTERS,2,2011-12-08 12:26:00,1.25,14698,United Kingdom,2.5,2011,12,December,Thursday
581352,22721,SET OF 3 CAKE TINS SKETCHBOOK,5,2011-12-08 12:26:00,1.95,14698,United Kingdom,9.75,2011,12,December,Thursday
581352,22138,BAKING SET 9 PIECE RETROSPOT,2,2011-12-08 12:26:00,4.95,14698,United Kingdom,9.9,2011,12,December,Thursday
581352,84978,HANGING HEART JAR T-LIGHT HOLDER,6,2011-12-08 12:26:00,1.25,14698,United Kingdom,7.5,2011,12,December,Thursday
581352,22723,SET OF 6 HERB TINS SKETCHBOOK,5,2011-12-08 12:26:00,1.25,14698,United Kingdom,6.25,2011,12,December,Thursday
581352,21034,REX CASH+CARRY JUMBO SHOPPER,1,2011-12-08 12:26:00,0.95,14698,United Kingdom,0.95,2011,12,December,Thursday
581345,47566,PARTY BUNTING,5,2011-12-08 12:15:00,4.95,17315,United Kingdom,24.75,2011,12,December,Thursday
581345,22852,DOG BOWL VINTAGE CREAM,2,2011-12-08 12:15:00,4.25,17315,United Kingdom,8.5,2011,12,December,Thursday
581345,23084,RABBIT NIGHT LIGHT,1,2011-12-08 12:15:00,2.08,17315,United Kingdom,2.08,2011,12,December,Thursday
581345,22667,RECIPE BOX RETROSPOT,4,2011-12-08 12:15:00,2.95,17315,United Kingdom,11.8,2011,12,December,Thursday
581345,23300,GARDENERS KNEELING PAD CUP OF TEA,8,2011-12-08 12:15:00,1.65,17315,United Kingdom,13.2,2011,12,December,Thursday
581345,23301,GARDENERS KNEELING PAD KEEP CALM,8,2011-12-08 12:15:00,1.65,17315,United Kingdom,13.2,2011,12,December,Thursday
581345,22151,PLACE SETTING WHITE HEART,24,2011-12-08 12:15:00,0.42,17315,United Kingdom,10.08,2011,12,December,Thursday
581345,72800C,4 PINK DINNER CANDLE SILVER FLOCK,12,2011-12-08 12:15:00,0.79,17315,United Kingdom,9.48,2011,12,December,Thursday
581345,72800B,4 PURPLE FLOCK DINNER CANDLES,12,2011-12-08 12:15:00,0.79,17315,United Kingdom,9.48,2011,12,December,Thursday
581345,22488,NATURAL SLATE RECTANGLE CHALKBOARD,6,2011-12-08 12:15:00,1.65,17315,United Kingdom,9.899999999999999,2011,12,December,Thursday
581345,85059,FRENCH ENAMEL WATER BASIN,2,2011-12-08 12:15:00,3.75,17315,United Kingdom,7.5,2011,12,December,Thursday
581345,22495,SET OF 2 ROUND TINS CAMEMBERT,2,2011-12-08 12:15:00,0.79,17315,United Kingdom,1.58,2011,12,December,Thursday
581345,22500,SET OF 2 TINS JARDIN DE PROVENCE,2,2011-12-08 12:15:00,1.25,17315,United Kingdom,2.5,2011,12,December,Thursday
581345,22698,PINK REGENCY TEACUP AND SAUCER,9,2011-12-08 12:15:00,2.95,17315,United Kingdom,26.55,2011,12,December,Thursday
581345,22699,ROSES REGENCY TEACUP AND SAUCER,10,2011-12-08 12:15:00,2.95,17315,United Kingdom,29.5,2011,12,December,Thursday
581338,23344,JUMBO BAG 50'S CHRISTMAS,140,2011-12-08 12:12:00,1.79,14646,Netherlands,250.6,2011,12,December,Thursday
581336,23459,DOLLY CABINET 2 DRAWERS,2,2011-12-08 12:10:00,12.5,16161,United Kingdom,25.0,2011,12,December,Thursday
581336,23458,DOLLY CABINET 3 DRAWERS,2,2011-12-08 12:10:00,14.95,16161,United Kingdom,29.9,2011,12,December,Thursday
581336,82483,WOOD 2 DRAWER CABINET WHITE FINISH,2,2011-12-08 12:10:00,6.95,16161,United Kingdom,13.9,2011,12,December,Thursday
581336,82486,3 DRAWER ANTIQUE WHITE WOOD CABINET,2,2011-12-08 12:10:00,8.95,16161,United Kingdom,17.9,2011,12,December,Thursday
581336,85066,CREAM SWEETHEART MINI CHEST,2,2011-12-08 12:10:00,12.75,16161,United Kingdom,25.5,2011,12,December,Thursday
581336,22617,BAKING SET SPACEBOY DESIGN,3,2011-12-08 12:10:00,4.95,16161,United Kingdom,14.850000000000001,2011,12,December,Thursday
581336,22138,BAKING SET 9 PIECE RETROSPOT,3,2011-12-08 12:10:00,4.95,16161,United Kingdom,14.850000000000001,2011,12,December,Thursday
581336,23302,KNEELING MAT HOUSEWORK  DESIGN,24,2011-12-08 12:10:00,0.79,16161,United Kingdom,18.96,2011,12,December,Thursday
581336,23143,ZINC WIRE KITCHEN ORGANISER,4,2011-12-08 12:10:00,3.95,16161,United Kingdom,15.8,2011,12,December,Thursday
581336,22119,PEACE WOODEN BLOCK LETTERS,12,2011-12-08 12:10:00,1.95,16161,United Kingdom,23.4,2011,12,December,Thursday
581336,22960,JAM MAKING SET WITH JARS,6,2011-12-08 12:10:00,4.25,16161,United Kingdom,25.5,2011,12,December,Thursday
581336,23275,SET OF 3 HANGING OWLS OLLIE BEAK,12,2011-12-08 12:10:00,1.25,16161,United Kingdom,15.0,2011,12,December,Thursday
581336,22909,SET OF 20 VINTAGE CHRISTMAS NAPKINS,12,2011-12-08 12:10:00,0.85,16161,United Kingdom,10.2,2011,12,December,Thursday
581336,23118,PARISIENNE JEWELLERY DRAWER,2,2011-12-08 12:10:00,7.5,16161,United Kingdom,15.0,2011,12,December,Thursday
581336,23111,PARISIENNE SEWING BOX,2,2011-12-08 12:10:00,12.5,16161,United Kingdom,25.0,2011,12,December,Thursday
581336,21258,VICTORIAN SEWING BOX LARGE,1,2011-12-08 12:10:00,12.75,16161,United Kingdom,12.75,2011,12,December,Thursday
581336,23444,Next Day Carriage,1,2011-12-08 12:10:00,15.0,16161,United Kingdom,15.0,2011,12,December,Thursday
581335,21944,KITTENS DESIGN FLANNEL,12,2011-12-08 12:07:00,0.39,15214,United Kingdom,4.68,2011,12,December,Thursday
581335,22075,6 RIBBONS ELEGANT CHRISTMAS,24,2011-12-08 12:07:00,0.39,15214,United Kingdom,9.36,2011,12,December,Thursday
581335,22446,PIN CUSHION BABUSHKA PINK,12,2011-12-08 12:07:00,1.25,15214,United Kingdom,15.0,2011,12,December,Thursday
581335,22509,SEWING BOX RETROSPOT DESIGN,4,2011-12-08 12:07:00,3.95,15214,United Kingdom,15.8,2011,12,December,Thursday
581335,22596,CHRISTMAS STAR WISH LIST CHALKBOARD,12,2011-12-08 12:07:00,0.39,15214,United Kingdom,4.68,2011,12,December,Thursday
581335,22701,PINK DOG BOWL,12,2011-12-08 12:07:00,0.79,15214,United Kingdom,9.48,2011,12,December,Thursday
581335,22703,PINK CAT BOWL,12,2011-12-08 12:07:00,0.59,15214,United Kingdom,7.08,2011,12,December,Thursday
581335,22808,SET OF 6 T-LIGHTS EASTER CHICKS,12,2011-12-08 12:07:00,1.25,15214,United Kingdom,15.0,2011,12,December,Thursday
581335,22806,SET OF 6 T-LIGHTS WEDDING CAKE,12,2011-12-08 12:07:00,1.25,15214,United Kingdom,15.0,2011,12,December,Thursday
581335,84819,DANISH ROSE ROUND SEWING BOX,16,2011-12-08 12:07:00,0.79,15214,United Kingdom,12.64,2011,12,December,Thursday
581335,85034B,3 WHITE CHOC MORRIS BOXED CANDLES,12,2011-12-08 12:07:00,1.25,15214,United Kingdom,15.0,2011,12,December,Thursday
581335,21506,"FANCY FONT BIRTHDAY CARD, ",12,2011-12-08 12:07:00,0.42,15214,United Kingdom,5.04,2011,12,December,Thursday
581334,85123A,CREAM HANGING HEART T-LIGHT HOLDER,4,2011-12-08 12:07:00,2.95,17841,United Kingdom,11.8,2011,12,December,Thursday
581334,21733,RED HANGING HEART T-LIGHT HOLDER,4,2011-12-08 12:07:00,2.95,17841,United Kingdom,11.8,2011,12,December,Thursday
581334,20727,LUNCH BAG  BLACK SKULL.,5,2011-12-08 12:07:00,1.65,17841,United Kingdom,8.25,2011,12,December,Thursday
581334,22384,LUNCH BAG PINK POLKADOT,2,2011-12-08 12:07:00,1.65,17841,United Kingdom,3.3,2011,12,December,Thursday
581334,20978,36 PENCILS TUBE SKULLS,5,2011-12-08 12:07:00,1.25,17841,United Kingdom,6.25,2011,12,December,Thursday
581334,23208,LUNCH BAG VINTAGE LEAF DESIGN,5,2011-12-08 12:07:00,1.65,17841,United Kingdom,8.25,2011,12,December,Thursday
581334,22383,LUNCH BAG SUKI DESIGN,5,2011-12-08 12:07:00,1.65,17841,United Kingdom,8.25,2011,12,December,Thursday
581334,20979,36 PENCILS TUBE RED RETROSPOT,5,2011-12-08 12:07:00,1.25,17841,United Kingdom,6.25,2011,12,December,Thursday
581334,23321,SMALL WHITE HEART OF WICKER,3,2011-12-08 12:07:00,1.65,17841,United Kingdom,4.949999999999999,2011,12,December,Thursday
581334,22666,RECIPE BOX PANTRY YELLOW DESIGN,3,2011-12-08 12:07:00,2.95,17841,United Kingdom,8.850000000000001,2011,12,December,Thursday
581334,20973,12 PENCIL SMALL TUBE WOODLAND,2,2011-12-08 12:07:00,0.65,17841,United Kingdom,1.3,2011,12,December,Thursday
581334,20975,12 PENCILS SMALL TUBE RED RETROSPOT,1,2011-12-08 12:07:00,0.65,17841,United Kingdom,0.65,2011,12,December,Thursday
581334,22594,CHRISTMAS GINGHAM TREE,3,2011-12-08 12:07:00,0.85,17841,United Kingdom,2.55,2011,12,December,Thursday
581334,22593,CHRISTMAS GINGHAM STAR,3,2011-12-08 12:07:00,0.85,17841,United Kingdom,2.55,2011,12,December,Thursday
581334,22795,SWEETHEART RECIPE BOOK STAND,1,2011-12-08 12:07:00,6.75,17841,United Kingdom,6.75,2011,12,December,Thursday
581334,22061,LARGE CAKE STAND  HANGING STRAWBERY,1,2011-12-08 12:07:00,2.95,17841,United Kingdom,2.95,2011,12,December,Thursday
581334,20724,RED RETROSPOT CHARLOTTE BAG,6,2011-12-08 12:07:00,0.85,17841,United Kingdom,5.1,2011,12,December,Thursday
581334,22993,SET OF 4 PANTRY JELLY MOULDS,12,2011-12-08 12:07:00,1.25,17841,United Kingdom,15.0,2011,12,December,Thursday
581334,84510A,SET OF 4 ENGLISH ROSE COASTERS,8,2011-12-08 12:07:00,1.25,17841,United Kingdom,10.0,2011,12,December,Thursday
581334,22595,GINGHAM HEART DECORATION,8,2011-12-08 12:07:00,0.85,17841,United Kingdom,6.8,2011,12,December,Thursday
581334,23213,STAR WREATH DECORATION WITH BELL,2,2011-12-08 12:07:00,1.25,17841,United Kingdom,2.5,2011,12,December,Thursday
581334,23212,HEART WREATH DECORATION WITH BELL,2,2011-12-08 12:07:00,1.25,17841,United Kingdom,2.5,2011,12,December,Thursday
581334,23220,REINDEER HEART DECORATION GOLD,7,2011-12-08 12:07:00,0.83,17841,United Kingdom,5.81,2011,12,December,Thursday
581334,23221,REINDEER HEART DECORATION SILVER,4,2011-12-08 12:07:00,0.83,17841,United Kingdom,3.32,2011,12,December,Thursday
581334,23224,CHERUB HEART DECORATION GOLD,5,2011-12-08 12:07:00,0.83,17841,United Kingdom,4.1499999999999995,2011,12,December,Thursday
581334,23228,FILIGREE HEART BIRD WHITE,1,2011-12-08 12:07:00,1.25,17841,United Kingdom,1.25,2011,12,December,Thursday
581334,23211,RED ROCKING HORSE HAND PAINTED,5,2011-12-08 12:07:00,1.25,17841,United Kingdom,6.25,2011,12,December,Thursday
581334,23210,WHITE ROCKING HORSE HAND PAINTED,10,2011-12-08 12:07:00,1.25,17841,United Kingdom,12.5,2011,12,December,Thursday
581334,79321,CHILLI LIGHTS,24,2011-12-08 12:07:00,4.95,17841,United Kingdom,118.80000000000001,2011,12,December,Thursday
581334,22475,SKULL DESIGN TV DINNER TRAY,10,2011-12-08 12:07:00,1.95,17841,United Kingdom,19.5,2011,12,December,Thursday
581334,23500,KEY RING BASEBALL BOOT ASSORTED,2,2011-12-08 12:07:00,1.25,17841,United Kingdom,2.5,2011,12,December,Thursday
581334,22094,RED RETROSPOT TISSUE BOX,2,2011-12-08 12:07:00,0.39,17841,United Kingdom,0.78,2011,12,December,Thursday
581334,22092,BLUE PAISLEY TISSUE BOX,2,2011-12-08 12:07:00,0.39,17841,United Kingdom,0.78,2011,12,December,Thursday
581334,23322,LARGE WHITE HEART OF WICKER,2,2011-12-08 12:07:00,2.95,17841,United Kingdom,5.9,2011,12,December,Thursday
581334,22469,HEART OF WICKER SMALL,3,2011-12-08 12:07:00,1.65,17841,United Kingdom,4.949999999999999,2011,12,December,Thursday
581334,21262,WHITE GOOSE FEATHER CHRISTMAS TREE,1,2011-12-08 12:07:00,2.95,17841,United Kingdom,2.95,2011,12,December,Thursday
581334,23548,WRAP MAGIC FOREST,25,2011-12-08 12:07:00,0.42,17841,United Kingdom,10.5,2011,12,December,Thursday
581334,21867,PINK UNION JACK  LUGGAGE TAG,2,2011-12-08 12:07:00,1.25,17841,United Kingdom,2.5,2011,12,December,Thursday
581334,21866,UNION JACK FLAG LUGGAGE TAG,2,2011-12-08 12:07:00,1.25,17841,United Kingdom,2.5,2011,12,December,Thursday
581334,21865,PINK UNION JACK  PASSPORT COVER,2,2011-12-08 12:07:00,2.1,17841,United Kingdom,4.2,2011,12,December,Thursday
581334,21864,UNION JACK FLAG PASSPORT COVER,2,2011-12-08 12:07:00,2.1,17841,United Kingdom,4.2,2011,12,December,Thursday
581334,23395,BELLE JARDINIERE CUSHION COVER,22,2011-12-08 12:07:00,3.75,17841,United Kingdom,82.5,2011,12,December,Thursday
581334,21181,PLEASE ONE PERSON METAL SIGN,1,2011-12-08 12:07:00,2.1,17841,United Kingdom,2.1,2011,12,December,Thursday
581334,23241,TREASURE TIN GYMKHANA DESIGN,3,2011-12-08 12:07:00,2.08,17841,United Kingdom,6.24,2011,12,December,Thursday
581334,21668,RED STRIPE CERAMIC DRAWER KNOB,2,2011-12-08 12:07:00,1.45,17841,United Kingdom,2.9,2011,12,December,Thursday
581334,23264,SET OF 3 WOODEN SLEIGH DECORATIONS,12,2011-12-08 12:07:00,1.25,17841,United Kingdom,15.0,2011,12,December,Thursday
581334,23263,SET OF 3 WOODEN HEART DECORATIONS,12,2011-12-08 12:07:00,1.25,17841,United Kingdom,15.0,2011,12,December,Thursday
581334,23300,GARDENERS KNEELING PAD CUP OF TEA,4,2011-12-08 12:07:00,1.65,17841,United Kingdom,6.6,2011,12,December,Thursday
581334,22212,FOUR HOOK  WHITE LOVEBIRDS,1,2011-12-08 12:07:00,2.1,17841,United Kingdom,2.1,2011,12,December,Thursday
581334,22498,WOODEN REGATTA BUNTING,1,2011-12-08 12:07:00,5.95,17841,United Kingdom,5.95,2011,12,December,Thursday
581334,47563A,RETRO LONGBOARD IRONING BOARD COVER,4,2011-12-08 12:07:00,1.25,17841,United Kingdom,5.0,2011,12,December,Thursday
581334,23194,GYMKHANA TREASURE BOOK BOX,1,2011-12-08 12:07:00,2.25,17841,United Kingdom,2.25,2011,12,December,Thursday
581334,22420,LIPSTICK PEN BABY PINK,14,2011-12-08 12:07:00,0.42,17841,United Kingdom,5.88,2011,12,December,Thursday
581334,22419,LIPSTICK PEN RED,2,2011-12-08 12:07:00,0.42,17841,United Kingdom,0.84,2011,12,December,Thursday
581334,47421,ASSORTED COLOUR LIZARD SUCTION HOOK,3,2011-12-08 12:07:00,0.42,17841,United Kingdom,1.26,2011,12,December,Thursday
581334,47421,ASSORTED COLOUR LIZARD SUCTION HOOK,4,2011-12-08 12:07:00,0.42,17841,United Kingdom,1.68,2011,12,December,Thursday
581334,85199S,SMALL HANGING IVORY/RED WOOD BIRD,5,2011-12-08 12:07:00,0.42,17841,United Kingdom,2.1,2011,12,December,Thursday
581334,22196,SMALL HEART MEASURING SPOONS,4,2011-12-08 12:07:00,0.85,17841,United Kingdom,3.4,2011,12,December,Thursday
581334,84920,PINK FLOWER FABRIC PONY,3,2011-12-08 12:07:00,3.75,17841,United Kingdom,11.25,2011,12,December,Thursday
581334,22919,HERB MARKER MINT,2,2011-12-08 12:07:00,0.65,17841,United Kingdom,1.3,2011,12,December,Thursday
581334,22917,HERB MARKER ROSEMARY,2,2011-12-08 12:07:00,0.65,17841,United Kingdom,1.3,2011,12,December,Thursday
581334,22916,HERB MARKER THYME,2,2011-12-08 12:07:00,0.65,17841,United Kingdom,1.3,2011,12,December,Thursday
581334,22921,HERB MARKER CHIVES,2,2011-12-08 12:07:00,0.65,17841,United Kingdom,1.3,2011,12,December,Thursday
581334,22918,HERB MARKER PARSLEY,2,2011-12-08 12:07:00,0.65,17841,United Kingdom,1.3,2011,12,December,Thursday
581334,22920,HERB MARKER BASIL,2,2011-12-08 12:07:00,0.65,17841,United Kingdom,1.3,2011,12,December,Thursday
581334,22439,6 ROCKET BALLOONS,2,2011-12-08 12:07:00,0.65,17841,United Kingdom,1.3,2011,12,December,Thursday
581334,22430,ENAMEL WATERING CAN CREAM,1,2011-12-08 12:07:00,4.95,17841,United Kingdom,4.95,2011,12,December,Thursday
581334,23266,SET OF 3 WOODEN STOCKING DECORATION,12,2011-12-08 12:07:00,1.25,17841,United Kingdom,15.0,2011,12,December,Thursday
581334,23265,SET OF 3 WOODEN TREE DECORATIONS,12,2011-12-08 12:07:00,1.25,17841,United Kingdom,15.0,2011,12,December,Thursday
581334,23407,SET OF 2 TRAYS HOME SWEET HOME,2,2011-12-08 12:07:00,9.95,17841,United Kingdom,19.9,2011,12,December,Thursday
581334,23081,GREEN METAL BOX ARMY SUPPLIES,1,2011-12-08 12:07:00,8.25,17841,United Kingdom,8.25,2011,12,December,Thursday
581334,22941,CHRISTMAS LIGHTS 10 REINDEER,2,2011-12-08 12:07:00,8.5,17841,United Kingdom,17.0,2011,12,December,Thursday
581334,22469,HEART OF WICKER SMALL,1,2011-12-08 12:07:00,1.65,17841,United Kingdom,1.65,2011,12,December,Thursday
581334,23103,JINGLE BELL HEART DECORATION,1,2011-12-08 12:07:00,1.65,17841,United Kingdom,1.65,2011,12,December,Thursday
581334,23214,JINGLE BELL HEART ANTIQUE GOLD,1,2011-12-08 12:07:00,2.08,17841,United Kingdom,2.08,2011,12,December,Thursday
581334,22179,SET 10 NIGHT OWL LIGHTS,1,2011-12-08 12:07:00,6.75,17841,United Kingdom,6.75,2011,12,December,Thursday
581334,20972,PINK CREAM FELT CRAFT TRINKET BOX,1,2011-12-08 12:07:00,1.25,17841,United Kingdom,1.25,2011,12,December,Thursday
581334,23165,LARGE CERAMIC TOP STORAGE JAR,1,2011-12-08 12:07:00,1.65,17841,United Kingdom,1.65,2011,12,December,Thursday
581334,21889,WOODEN BOX OF DOMINOES,1,2011-12-08 12:07:00,1.25,17841,United Kingdom,1.25,2011,12,December,Thursday
581334,22807,SET OF 6 T-LIGHTS TOADSTOOLS,1,2011-12-08 12:07:00,1.25,17841,United Kingdom,1.25,2011,12,December,Thursday
581334,84828,JUNGLE POPSICLES ICE LOLLY MOULDS,1,2011-12-08 12:07:00,1.25,17841,United Kingdom,1.25,2011,12,December,Thursday
581334,22757,LARGE RED BABUSHKA NOTEBOOK,2,2011-12-08 12:07:00,0.39,17841,United Kingdom,0.78,2011,12,December,Thursday
581334,22756,LARGE YELLOW BABUSHKA NOTEBOOK,1,2011-12-08 12:07:00,0.39,17841,United Kingdom,0.39,2011,12,December,Thursday
581334,22758,LARGE PURPLE BABUSHKA NOTEBOOK,1,2011-12-08 12:07:00,0.39,17841,United Kingdom,0.39,2011,12,December,Thursday
581334,23192,BUNDLE OF 3 ALPHABET EXERCISE BOOKS,2,2011-12-08 12:07:00,1.65,17841,United Kingdom,3.3,2011,12,December,Thursday
581334,22663,JUMBO BAG DOLLY GIRL DESIGN,1,2011-12-08 12:07:00,2.08,17841,United Kingdom,2.08,2011,12,December,Thursday
581334,22150,3 STRIPEY MICE FELTCRAFT,1,2011-12-08 12:07:00,1.95,17841,United Kingdom,1.95,2011,12,December,Thursday
581334,23179,CLOCK MAGNET MUM'S KITCHEN,1,2011-12-08 12:07:00,1.25,17841,United Kingdom,1.25,2011,12,December,Thursday
581334,22953,BIRTHDAY PARTY CORDON BARRIER TAPE,1,2011-12-08 12:07:00,1.25,17841,United Kingdom,1.25,2011,12,December,Thursday
581334,84951B,SET OF 4 BLACK LOVEBIRD COASTERS,1,2011-12-08 12:07:00,0.79,17841,United Kingdom,0.79,2011,12,December,Thursday
581334,23075,PARLOUR CERAMIC WALL HOOK,1,2011-12-08 12:07:00,4.15,17841,United Kingdom,4.15,2011,12,December,Thursday
581334,84519B,CARROT CHARLIE+LOLA COASTER SET,1,2011-12-08 12:07:00,1.25,17841,United Kingdom,1.25,2011,12,December,Thursday
581334,20969,RED FLORAL FELTCRAFT SHOULDER BAG,1,2011-12-08 12:07:00,3.75,17841,United Kingdom,3.75,2011,12,December,Thursday
581334,23191,BUNDLE OF 3 RETRO NOTE BOOKS,1,2011-12-08 12:07:00,1.65,17841,United Kingdom,1.65,2011,12,December,Thursday
581334,21935,SUKI  SHOULDER BAG,2,2011-12-08 12:07:00,1.65,17841,United Kingdom,3.3,2011,12,December,Thursday
581334,72351A,SET/6 TURQUOISE BUTTERFLY T-LIGHTS,1,2011-12-08 12:07:00,2.1,17841,United Kingdom,2.1,2011,12,December,Thursday
581334,20961,STRAWBERRY BATH SPONGE,2,2011-12-08 12:07:00,1.25,17841,United Kingdom,2.5,2011,12,December,Thursday
581334,84375,SET OF 20 KIDS COOKIE CUTTERS,1,2011-12-08 12:07:00,2.1,17841,United Kingdom,2.1,2011,12,December,Thursday
581334,21985,PACK OF 12 HEARTS DESIGN TISSUES,1,2011-12-08 12:07:00,0.39,17841,United Kingdom,0.39,2011,12,December,Thursday
581334,85199S,SMALL HANGING IVORY/RED WOOD BIRD,1,2011-12-08 12:07:00,0.42,17841,United Kingdom,0.42,2011,12,December,Thursday
581334,22726,ALARM CLOCK BAKELIKE GREEN,1,2011-12-08 12:07:00,3.75,17841,United Kingdom,3.75,2011,12,December,Thursday
581334,22727,ALARM CLOCK BAKELIKE RED,1,2011-12-08 12:07:00,3.75,17841,United Kingdom,3.75,2011,12,December,Thursday
581334,21174,POTTERING IN THE SHED METAL SIGN,1,2011-12-08 12:07:00,2.08,17841,United Kingdom,2.08,2011,12,December,Thursday
581334,22726,ALARM CLOCK BAKELIKE GREEN,2,2011-12-08 12:07:00,3.75,17841,United Kingdom,7.5,2011,12,December,Thursday
581334,22775,PURPLE DRAWERKNOB ACRYLIC EDWARDIAN,12,2011-12-08 12:07:00,1.25,17841,United Kingdom,15.0,2011,12,December,Thursday
581334,21479,WHITE SKULL HOT WATER BOTTLE,2,2011-12-08 12:07:00,4.25,17841,United Kingdom,8.5,2011,12,December,Thursday
581334,22464,HANGING METAL HEART LANTERN,1,2011-12-08 12:07:00,0.79,17841,United Kingdom,0.79,2011,12,December,Thursday
581334,22309,TEA COSY RED  STRIPE,1,2011-12-08 12:07:00,2.55,17841,United Kingdom,2.55,2011,12,December,Thursday
581334,21485,RETROSPOT HEART HOT WATER BOTTLE,1,2011-12-08 12:07:00,4.95,17841,United Kingdom,4.95,2011,12,December,Thursday
581334,84032B,CHARLIE + LOLA RED HOT WATER BOTTLE,2,2011-12-08 12:07:00,0.79,17841,United Kingdom,1.58,2011,12,December,Thursday
581334,84032A,CHARLIE+LOLA PINK HOT WATER BOTTLE,2,2011-12-08 12:07:00,0.79,17841,United Kingdom,1.58,2011,12,December,Thursday
581334,84031A,CHARLIE+LOLA RED HOT WATER BOTTLE,1,2011-12-08 12:07:00,1.25,17841,United Kingdom,1.25,2011,12,December,Thursday
581334,84031B,CHARLIE LOLA BLUE HOT WATER BOTTLE,1,2011-12-08 12:07:00,1.25,17841,United Kingdom,1.25,2011,12,December,Thursday
581334,23355,HOT WATER BOTTLE KEEP CALM,2,2011-12-08 12:07:00,4.95,17841,United Kingdom,9.9,2011,12,December,Thursday
581334,22308,TEA COSY BLUE STRIPE,1,2011-12-08 12:07:00,2.55,17841,United Kingdom,2.55,2011,12,December,Thursday
581334,21232,STRAWBERRY CERAMIC TRINKET POT,4,2011-12-08 12:07:00,1.25,17841,United Kingdom,5.0,2011,12,December,Thursday
581334,85174,S/4 CACTI CANDLES,1,2011-12-08 12:07:00,4.95,17841,United Kingdom,4.95,2011,12,December,Thursday
581334,35471D,SET OF 3 BIRD LIGHT PINK FEATHER,24,2011-12-08 12:07:00,0.39,17841,United Kingdom,9.36,2011,12,December,Thursday
581334,23148,MINIATURE ANTIQUE ROSE HOOK IVORY,3,2011-12-08 12:07:00,0.83,17841,United Kingdom,2.4899999999999998,2011,12,December,Thursday
581334,22841,ROUND CAKE TIN VINTAGE GREEN,1,2011-12-08 12:07:00,7.95,17841,United Kingdom,7.95,2011,12,December,Thursday
581334,22365,DOORMAT RESPECTABLE HOUSE,1,2011-12-08 12:07:00,8.25,17841,United Kingdom,8.25,2011,12,December,Thursday
581334,21137,BLACK RECORD COVER FRAME,2,2011-12-08 12:07:00,3.75,17841,United Kingdom,7.5,2011,12,December,Thursday
581334,22041,"RECORD FRAME 7"" SINGLE SIZE ",3,2011-12-08 12:07:00,2.55,17841,United Kingdom,7.6499999999999995,2011,12,December,Thursday
581334,22838,3 TIER CAKE TIN RED AND CREAM,1,2011-12-08 12:07:00,14.95,17841,United Kingdom,14.95,2011,12,December,Thursday
581334,22473,TV DINNER TRAY VINTAGE PAISLEY,1,2011-12-08 12:07:00,1.95,17841,United Kingdom,1.95,2011,12,December,Thursday
581334,22077,6 RIBBONS RUSTIC CHARM,1,2011-12-08 12:07:00,1.95,17841,United Kingdom,1.95,2011,12,December,Thursday
581334,23399,HOME SWEET HOME HANGING HEART,3,2011-12-08 12:07:00,0.85,17841,United Kingdom,2.55,2011,12,December,Thursday
581334,22893,MINI CAKE STAND T-LIGHT HOLDER,12,2011-12-08 12:07:00,0.42,17841,United Kingdom,5.04,2011,12,December,Thursday
581334,22371,AIRLINE BAG VINTAGE TOKYO 78,1,2011-12-08 12:07:00,4.25,17841,United Kingdom,4.25,2011,12,December,Thursday
581334,21926,RED/CREAM STRIPE CUSHION COVER,8,2011-12-08 12:07:00,1.25,17841,United Kingdom,10.0,2011,12,December,Thursday
581333,23531,WALL ART BIG LOVE,3,2011-12-08 12:05:00,6.95,15159,United Kingdom,20.85,2011,12,December,Thursday
581333,23526,WALL ART DOG LICENCE,4,2011-12-08 12:05:00,5.95,15159,United Kingdom,23.8,2011,12,December,Thursday
581333,23532,WALL ART WORK REST AND PLAY,6,2011-12-08 12:05:00,1.95,15159,United Kingdom,11.7,2011,12,December,Thursday
581333,23535,WALL ART BICYCLE SAFETY,4,2011-12-08 12:05:00,5.95,15159,United Kingdom,23.8,2011,12,December,Thursday
581333,23536,WALL ART VILLAGE SHOW,4,2011-12-08 12:05:00,5.95,15159,United Kingdom,23.8,2011,12,December,Thursday
581327,23084,RABBIT NIGHT LIGHT,48,2011-12-08 11:56:00,1.79,15187,United Kingdom,85.92,2011,12,December,Thursday
581327,84945,MULTI COLOUR SILVER T-LIGHT HOLDER,72,2011-12-08 11:56:00,0.85,15187,United Kingdom,61.199999999999996,2011,12,December,Thursday
581327,22991,GIRAFFE WOODEN RULER,12,2011-12-08 11:56:00,1.95,15187,United Kingdom,23.4,2011,12,December,Thursday
581327,22992,REVOLVER WOODEN RULER,12,2011-12-08 11:56:00,1.95,15187,United Kingdom,23.4,2011,12,December,Thursday
581327,22630,DOLLY GIRL LUNCH BOX,12,2011-12-08 11:56:00,1.95,15187,United Kingdom,23.4,2011,12,December,Thursday
581327,22663,JUMBO BAG DOLLY GIRL DESIGN,10,2011-12-08 11:56:00,2.08,15187,United Kingdom,20.8,2011,12,December,Thursday
581327,21929,JUMBO BAG PINK VINTAGE PAISLEY,10,2011-12-08 11:56:00,2.08,15187,United Kingdom,20.8,2011,12,December,Thursday
581327,23199,JUMBO BAG APPLES,10,2011-12-08 11:56:00,2.08,15187,United Kingdom,20.8,2011,12,December,Thursday
581327,22355,CHARLOTTE BAG SUKI DESIGN,10,2011-12-08 11:56:00,0.85,15187,United Kingdom,8.5,2011,12,December,Thursday
581327,23205,CHARLOTTE BAG VINTAGE ALPHABET,10,2011-12-08 11:56:00,0.85,15187,United Kingdom,8.5,2011,12,December,Thursday
581327,23391,I LOVE LONDON MINI BACKPACK,4,2011-12-08 11:56:00,4.15,15187,United Kingdom,16.6,2011,12,December,Thursday
581327,23388,WOODLAND MINI BACKPACK,4,2011-12-08 11:56:00,4.15,15187,United Kingdom,16.6,2011,12,December,Thursday
581325,21791,VINTAGE HEADS AND TAILS CARD GAME,4,2011-12-08 11:53:00,1.25,15877,United Kingdom,5.0,2011,12,December,Thursday
581325,21790,VINTAGE SNAP CARDS,6,2011-12-08 11:53:00,0.85,15877,United Kingdom,5.1,2011,12,December,Thursday
581325,20749,ASSORTED COLOUR MINI CASES,4,2011-12-08 11:53:00,7.95,15877,United Kingdom,31.8,2011,12,December,Thursday
581325,22966,GINGERBREAD MAN COOKIE CUTTER,2,2011-12-08 11:53:00,1.25,15877,United Kingdom,2.5,2011,12,December,Thursday
581325,23512,EMBROIDERED RIBBON REEL ROSIE,2,2011-12-08 11:53:00,2.08,15877,United Kingdom,4.16,2011,12,December,Thursday
581325,23511,EMBROIDERED RIBBON REEL EMILY,2,2011-12-08 11:53:00,2.08,15877,United Kingdom,4.16,2011,12,December,Thursday
581325,22561,WOODEN SCHOOL COLOURING SET,5,2011-12-08 11:53:00,1.65,15877,United Kingdom,8.25,2011,12,December,Thursday
581325,84997D,CHILDRENS CUTLERY POLKADOT PINK,1,2011-12-08 11:53:00,4.15,15877,United Kingdom,4.15,2011,12,December,Thursday
581325,84997C,CHILDRENS CUTLERY POLKADOT BLUE,1,2011-12-08 11:53:00,4.15,15877,United Kingdom,4.15,2011,12,December,Thursday
581325,84997A,CHILDRENS CUTLERY POLKADOT GREEN,4,2011-12-08 11:53:00,4.15,15877,United Kingdom,16.6,2011,12,December,Thursday
581325,22739,RIBBON REEL CHRISTMAS SOCK BAUBLE,3,2011-12-08 11:53:00,1.65,15877,United Kingdom,4.949999999999999,2011,12,December,Thursday
581325,22178,VICTORIAN GLASS HANGING T-LIGHT,18,2011-12-08 11:53:00,1.95,15877,United Kingdom,35.1,2011,12,December,Thursday
581325,22627,MINT KITCHEN SCALES,1,2011-12-08 11:53:00,8.5,15877,United Kingdom,8.5,2011,12,December,Thursday
581325,21889,WOODEN BOX OF DOMINOES,6,2011-12-08 11:53:00,1.25,15877,United Kingdom,7.5,2011,12,December,Thursday
581325,22622,BOX OF VINTAGE ALPHABET BLOCKS,2,2011-12-08 11:53:00,11.95,15877,United Kingdom,23.9,2011,12,December,Thursday
581325,16169E,WRAP 50'S  CHRISTMAS,100,2011-12-08 11:53:00,0.42,15877,United Kingdom,42.0,2011,12,December,Thursday
581325,22959,WRAP CHRISTMAS VILLAGE,25,2011-12-08 11:53:00,0.42,15877,United Kingdom,10.5,2011,12,December,Thursday
581325,23569,TRADTIONAL ALPHABET STAMP SET,4,2011-12-08 11:53:00,4.95,15877,United Kingdom,19.8,2011,12,December,Thursday
581325,23013,GLASS APOTHECARY BOTTLE TONIC,2,2011-12-08 11:53:00,3.95,15877,United Kingdom,7.9,2011,12,December,Thursday
581325,22182,CAKE STAND VICTORIAN FILIGREE SMALL,4,2011-12-08 11:53:00,1.25,15877,United Kingdom,5.0,2011,12,December,Thursday
581324,23407,SET OF 2 TRAYS HOME SWEET HOME,2,2011-12-08 11:53:00,9.95,14217,United Kingdom,19.9,2011,12,December,Thursday
581324,21115,ROSE CARAVAN DOORSTOP,8,2011-12-08 11:53:00,1.95,14217,United Kingdom,15.6,2011,12,December,Thursday
581324,23425,STORAGE TIN HOME SWEET HOME,12,2011-12-08 11:53:00,0.79,14217,United Kingdom,9.48,2011,12,December,Thursday
581324,23284,DOORMAT KEEP CALM AND COME IN,2,2011-12-08 11:53:00,8.25,14217,United Kingdom,16.5,2011,12,December,Thursday
581324,20685,DOORMAT RED RETROSPOT,2,2011-12-08 11:53:00,8.25,14217,United Kingdom,16.5,2011,12,December,Thursday
581324,22690,DOORMAT HOME SWEET HOME BLUE,2,2011-12-08 11:53:00,8.25,14217,United Kingdom,16.5,2011,12,December,Thursday
581310,16238,PARTY TIME PENCIL ERASERS,1,2011-12-08 11:43:00,0.21,16442,United Kingdom,0.21,2011,12,December,Thursday
581310,16236,KITTY PENCIL ERASERS,1,2011-12-08 11:43:00,0.21,16442,United Kingdom,0.21,2011,12,December,Thursday
581310,23499,SET 12 VINTAGE DOILY CHALK,1,2011-12-08 11:43:00,0.42,16442,United Kingdom,0.42,2011,12,December,Thursday
581310,21429,RED GINGHAM ROSE JEWELLERY BOX,1,2011-12-08 11:43:00,1.95,16442,United Kingdom,1.95,2011,12,December,Thursday
581310,23552,BICYCLE PUNCTURE REPAIR KIT,2,2011-12-08 11:43:00,2.08,16442,United Kingdom,4.16,2011,12,December,Thursday
581310,23101,SILVER STARS TABLE DECORATION,2,2011-12-08 11:43:00,0.83,16442,United Kingdom,1.66,2011,12,December,Thursday
581310,23503,PLAYING CARDS KEEP CALM & CARRY ON,1,2011-12-08 11:43:00,1.25,16442,United Kingdom,1.25,2011,12,December,Thursday
581310,22616,PACK OF 12 LONDON TISSUES,1,2011-12-08 11:43:00,0.39,16442,United Kingdom,0.39,2011,12,December,Thursday
581310,21064,BOOM BOX SPEAKER BOYS,1,2011-12-08 11:43:00,1.25,16442,United Kingdom,1.25,2011,12,December,Thursday
581310,22551,PLASTERS IN TIN SPACEBOY,1,2011-12-08 11:43:00,1.65,16442,United Kingdom,1.65,2011,12,December,Thursday
581310,23369,SET 36 COLOUR PENCILS LOVE LONDON,1,2011-12-08 11:43:00,1.25,16442,United Kingdom,1.25,2011,12,December,Thursday
581310,22422,TOOTHPASTE TUBE PEN,1,2011-12-08 11:43:00,0.12,16442,United Kingdom,0.12,2011,12,December,Thursday
581310,21832,CHOCOLATE CALCULATOR,1,2011-12-08 11:43:00,1.65,16442,United Kingdom,1.65,2011,12,December,Thursday
581310,23100,SILVER BELLS TABLE DECORATION,1,2011-12-08 11:43:00,1.25,16442,United Kingdom,1.25,2011,12,December,Thursday
581310,21912,VINTAGE SNAKES & LADDERS,1,2011-12-08 11:43:00,3.75,16442,United Kingdom,3.75,2011,12,December,Thursday
581310,22550,HOLIDAY FUN LUDO,1,2011-12-08 11:43:00,3.75,16442,United Kingdom,3.75,2011,12,December,Thursday
581310,21592,RETROSPOT CIGAR BOX MATCHES,2,2011-12-08 11:43:00,0.39,16442,United Kingdom,0.78,2011,12,December,Thursday
581310,23340,VINTAGE CHRISTMAS CAKE FRILL,1,2011-12-08 11:43:00,1.65,16442,United Kingdom,1.65,2011,12,December,Thursday
581310,23301,GARDENERS KNEELING PAD KEEP CALM,1,2011-12-08 11:43:00,1.65,16442,United Kingdom,1.65,2011,12,December,Thursday
581310,20712,JUMBO BAG WOODLAND ANIMALS,1,2011-12-08 11:43:00,2.08,16442,United Kingdom,2.08,2011,12,December,Thursday
581310,22745,POPPY'S PLAYHOUSE BEDROOM,1,2011-12-08 11:43:00,2.1,16442,United Kingdom,2.1,2011,12,December,Thursday
581310,22746,POPPY'S PLAYHOUSE LIVINGROOM,1,2011-12-08 11:43:00,2.1,16442,United Kingdom,2.1,2011,12,December,Thursday
581310,22748,POPPY'S PLAYHOUSE KITCHEN,1,2011-12-08 11:43:00,2.1,16442,United Kingdom,2.1,2011,12,December,Thursday
581310,22582,PACK OF 6 SWEETIE GIFT BOXES,1,2011-12-08 11:43:00,2.55,16442,United Kingdom,2.55,2011,12,December,Thursday
581310,23469,CARD HOLDER LOVE BIRD SMALL,2,2011-12-08 11:43:00,4.15,16442,United Kingdom,8.3,2011,12,December,Thursday
581310,23562,SET OF 6 RIBBONS PERFECTLY PRETTY,1,2011-12-08 11:43:00,2.89,16442,United Kingdom,2.89,2011,12,December,Thursday
581310,23343,JUMBO BAG VINTAGE CHRISTMAS,2,2011-12-08 11:43:00,2.08,16442,United Kingdom,4.16,2011,12,December,Thursday
581310,22900,SET 2 TEA TOWELS I LOVE LONDON,1,2011-12-08 11:43:00,3.25,16442,United Kingdom,3.25,2011,12,December,Thursday
581310,22367,CHILDRENS APRON SPACEBOY DESIGN,1,2011-12-08 11:43:00,1.95,16442,United Kingdom,1.95,2011,12,December,Thursday
581310,22488,NATURAL SLATE RECTANGLE CHALKBOARD,3,2011-12-08 11:43:00,1.65,16442,United Kingdom,4.949999999999999,2011,12,December,Thursday
581310,22942,CHRISTMAS LIGHTS 10 SANTAS,1,2011-12-08 11:43:00,2.95,16442,United Kingdom,2.95,2011,12,December,Thursday
581310,23438,RED SPOT GIFT BAG LARGE,6,2011-12-08 11:43:00,1.25,16442,United Kingdom,7.5,2011,12,December,Thursday
581310,22642,SET OF 4 NAPKIN CHARMS STARS,1,2011-12-08 11:43:00,0.79,16442,United Kingdom,0.79,2011,12,December,Thursday
581310,22604,SET OF 4 NAPKIN CHARMS CUTLERY,1,2011-12-08 11:43:00,2.55,16442,United Kingdom,2.55,2011,12,December,Thursday
581310,21724,PANDA AND BUNNIES STICKER SHEET,1,2011-12-08 11:43:00,0.85,16442,United Kingdom,0.85,2011,12,December,Thursday
581310,21544,SKULLS  WATER TRANSFER TATTOOS,1,2011-12-08 11:43:00,0.85,16442,United Kingdom,0.85,2011,12,December,Thursday
581310,22584,PACK OF 6 PANETTONE GIFT BOXES,2,2011-12-08 11:43:00,2.55,16442,United Kingdom,5.1,2011,12,December,Thursday
581310,22585,PACK OF 6 BIRDY GIFT TAGS,2,2011-12-08 11:43:00,1.25,16442,United Kingdom,2.5,2011,12,December,Thursday
581310,23109,PACK OF SIX LED TEA LIGHTS,1,2011-12-08 11:43:00,2.89,16442,United Kingdom,2.89,2011,12,December,Thursday
581310,23382,BOX OF 6 CHRISTMAS CAKE DECORATIONS,1,2011-12-08 11:43:00,3.75,16442,United Kingdom,3.75,2011,12,December,Thursday
581310,23579,SNACK TRAY I LOVE LONDON,1,2011-12-08 11:43:00,1.95,16442,United Kingdom,1.95,2011,12,December,Thursday
581310,21588,RETROSPOT GIANT TUBE MATCHES,1,2011-12-08 11:43:00,2.55,16442,United Kingdom,2.55,2011,12,December,Thursday
581310,23505,PLAYING CARDS I LOVE LONDON,1,2011-12-08 11:43:00,1.25,16442,United Kingdom,1.25,2011,12,December,Thursday
581310,22906,12 MESSAGE CARDS WITH ENVELOPES,1,2011-12-08 11:43:00,1.65,16442,United Kingdom,1.65,2011,12,December,Thursday
581310,23504,PLAYING CARDS JUBILEE UNION JACK,1,2011-12-08 11:43:00,1.25,16442,United Kingdom,1.25,2011,12,December,Thursday
581310,22739,RIBBON REEL CHRISTMAS SOCK BAUBLE,5,2011-12-08 11:43:00,1.65,16442,United Kingdom,8.25,2011,12,December,Thursday
581310,21098,CHRISTMAS TOILET ROLL,1,2011-12-08 11:43:00,1.25,16442,United Kingdom,1.25,2011,12,December,Thursday
581310,22743,MAKE YOUR OWN FLOWERPOWER CARD KIT,1,2011-12-08 11:43:00,0.79,16442,United Kingdom,0.79,2011,12,December,Thursday
581310,22607,WOODEN ROUNDERS GARDEN SET,1,2011-12-08 11:43:00,9.95,16442,United Kingdom,9.95,2011,12,December,Thursday
581310,84596B,SMALL DOLLY MIX DESIGN ORANGE BOWL,3,2011-12-08 11:43:00,0.42,16442,United Kingdom,1.26,2011,12,December,Thursday
581310,22210,WOOD STAMP SET BEST WISHES,1,2011-12-08 11:43:00,0.83,16442,United Kingdom,0.83,2011,12,December,Thursday
581310,22208,WOOD STAMP SET THANK YOU,1,2011-12-08 11:43:00,0.83,16442,United Kingdom,0.83,2011,12,December,Thursday
581310,22211,WOOD STAMP SET FLOWERS,1,2011-12-08 11:43:00,0.83,16442,United Kingdom,0.83,2011,12,December,Thursday
581310,22587,FELTCRAFT HAIRBAND RED AND BLUE,1,2011-12-08 11:43:00,0.85,16442,United Kingdom,0.85,2011,12,December,Thursday
581310,23501,KEY RING BASEBALL BOOT UNION JACK,1,2011-12-08 11:43:00,1.25,16442,United Kingdom,1.25,2011,12,December,Thursday
581310,22113,GREY HEART HOT WATER BOTTLE,1,2011-12-08 11:43:00,4.25,16442,United Kingdom,4.25,2011,12,December,Thursday
581310,22991,GIRAFFE WOODEN RULER,1,2011-12-08 11:43:00,1.95,16442,United Kingdom,1.95,2011,12,December,Thursday
581310,23084,RABBIT NIGHT LIGHT,1,2011-12-08 11:43:00,2.08,16442,United Kingdom,2.08,2011,12,December,Thursday
581310,23106,ZINC HEARTS PLANT POT HOLDER,1,2011-12-08 11:43:00,0.79,16442,United Kingdom,0.79,2011,12,December,Thursday
581310,84347,ROTATING SILVER ANGELS T-LIGHT HLDR,1,2011-12-08 11:43:00,2.55,16442,United Kingdom,2.55,2011,12,December,Thursday
581310,21159,MOODY BOY  DOOR HANGER,1,2011-12-08 11:43:00,0.39,16442,United Kingdom,0.39,2011,12,December,Thursday
581310,23083,SET 6 PAPER TABLE LANTERN STARS,1,2011-12-08 11:43:00,3.75,16442,United Kingdom,3.75,2011,12,December,Thursday
581310,23343,JUMBO BAG VINTAGE CHRISTMAS,1,2011-12-08 11:43:00,2.08,16442,United Kingdom,2.08,2011,12,December,Thursday
581310,23344,JUMBO BAG 50'S CHRISTMAS,1,2011-12-08 11:43:00,2.08,16442,United Kingdom,2.08,2011,12,December,Thursday
581310,21561,DINOSAUR LUNCH BOX WITH CUTLERY,1,2011-12-08 11:43:00,2.55,16442,United Kingdom,2.55,2011,12,December,Thursday
581310,22352,LUNCH BOX WITH CUTLERY RETROSPOT,1,2011-12-08 11:43:00,2.55,16442,United Kingdom,2.55,2011,12,December,Thursday
581310,23284,DOORMAT KEEP CALM AND COME IN,1,2011-12-08 11:43:00,8.25,16442,United Kingdom,8.25,2011,12,December,Thursday
581310,23283,DOORMAT VINTAGE LEAF,1,2011-12-08 11:43:00,8.25,16442,United Kingdom,8.25,2011,12,December,Thursday
581310,21559,STRAWBERRY LUNCH BOX WITH CUTLERY,1,2011-12-08 11:43:00,2.55,16442,United Kingdom,2.55,2011,12,December,Thursday
581310,23497,CLASSIC CHROME BICYCLE BELL,1,2011-12-08 11:43:00,1.45,16442,United Kingdom,1.45,2011,12,December,Thursday
581310,23498,CLASSIC BICYCLE CLIPS,1,2011-12-08 11:43:00,1.45,16442,United Kingdom,1.45,2011,12,December,Thursday
581291,23080,RED METAL BOX TOP SECRET,2,2011-12-08 11:38:00,8.25,14135,United Kingdom,16.5,2011,12,December,Thursday
581291,21495,SKULLS AND CROSSBONES WRAP,25,2011-12-08 11:38:00,0.42,14135,United Kingdom,10.5,2011,12,December,Thursday
581291,23352,ROLL WRAP 50'S RED CHRISTMAS,12,2011-12-08 11:38:00,1.25,14135,United Kingdom,15.0,2011,12,December,Thursday
581291,23307,SET OF 60 PANTRY DESIGN CAKE CASES,24,2011-12-08 11:38:00,0.55,14135,United Kingdom,13.200000000000001,2011,12,December,Thursday
581291,21977,PACK OF 60 PINK PAISLEY CAKE CASES,24,2011-12-08 11:38:00,0.55,14135,United Kingdom,13.200000000000001,2011,12,December,Thursday
581291,22457,NATURAL SLATE HEART CHALKBOARD,6,2011-12-08 11:38:00,2.95,14135,United Kingdom,17.700000000000003,2011,12,December,Thursday
581291,21189,WHITE HONEYCOMB PAPER GARLAND,12,2011-12-08 11:38:00,1.65,14135,United Kingdom,19.799999999999997,2011,12,December,Thursday
581291,22636,CHILDS BREAKFAST SET CIRCUS PARADE,4,2011-12-08 11:38:00,8.5,14135,United Kingdom,34.0,2011,12,December,Thursday
581285,22086,PAPER CHAIN KIT 50'S CHRISTMAS,18,2011-12-08 11:36:00,2.95,13394,United Kingdom,53.1,2011,12,December,Thursday
581285,22910,PAPER CHAIN KIT VINTAGE CHRISTMAS,6,2011-12-08 11:36:00,2.95,13394,United Kingdom,17.700000000000003,2011,12,December,Thursday
581285,22302,COFFEE MUG PEARS  DESIGN,6,2011-12-08 11:36:00,2.55,13394,United Kingdom,15.299999999999999,2011,12,December,Thursday
581285,22993,SET OF 4 PANTRY JELLY MOULDS,12,2011-12-08 11:36:00,1.25,13394,United Kingdom,15.0,2011,12,December,Thursday
581285,23307,SET OF 60 PANTRY DESIGN CAKE CASES,24,2011-12-08 11:36:00,0.55,13394,United Kingdom,13.200000000000001,2011,12,December,Thursday
581285,22178,VICTORIAN GLASS HANGING T-LIGHT,6,2011-12-08 11:36:00,1.95,13394,United Kingdom,11.7,2011,12,December,Thursday
581285,22304,COFFEE MUG BLUE PAISLEY DESIGN,36,2011-12-08 11:36:00,2.1,13394,United Kingdom,75.60000000000001,2011,12,December,Thursday
581285,22083,PAPER CHAIN KIT RETROSPOT,12,2011-12-08 11:36:00,2.95,13394,United Kingdom,35.400000000000006,2011,12,December,Thursday
581285,84945,MULTI COLOUR SILVER T-LIGHT HOLDER,12,2011-12-08 11:36:00,0.85,13394,United Kingdom,10.2,2011,12,December,Thursday
581285,23076,ICE CREAM SUNDAE LIP GLOSS,24,2011-12-08 11:36:00,1.25,13394,United Kingdom,30.0,2011,12,December,Thursday
581285,22460,EMBOSSED GLASS TEALIGHT HOLDER,12,2011-12-08 11:36:00,1.25,13394,United Kingdom,15.0,2011,12,December,Thursday
581285,84949,SILVER HANGING T-LIGHT HOLDER,6,2011-12-08 11:36:00,1.65,13394,United Kingdom,9.899999999999999,2011,12,December,Thursday
581281,23111,PARISIENNE SEWING BOX,8,2011-12-08 11:36:00,10.4,18109,United Kingdom,83.2,2011,12,December,Thursday
581281,85066,CREAM SWEETHEART MINI CHEST,16,2011-12-08 11:36:00,10.95,18109,United Kingdom,175.2,2011,12,December,Thursday
581281,23118,PARISIENNE JEWELLERY DRAWER,16,2011-12-08 11:36:00,6.65,18109,United Kingdom,106.4,2011,12,December,Thursday
581281,82484,WOOD BLACK BOARD ANT WHITE FINISH,6,2011-12-08 11:36:00,7.95,18109,United Kingdom,47.7,2011,12,December,Thursday
581281,22169,FAMILY ALBUM WHITE PICTURE FRAME,4,2011-12-08 11:36:00,8.5,18109,United Kingdom,34.0,2011,12,December,Thursday
581281,22961,JAM MAKING SET PRINTED,10,2011-12-08 11:36:00,1.45,18109,United Kingdom,14.5,2011,12,December,Thursday
581281,22722,SET OF 6 SPICE TINS PANTRY DESIGN,3,2011-12-08 11:36:00,3.95,18109,United Kingdom,11.850000000000001,2011,12,December,Thursday
581281,22667,RECIPE BOX RETROSPOT,4,2011-12-08 11:36:00,2.95,18109,United Kingdom,11.8,2011,12,December,Thursday
581281,21259,VICTORIAN SEWING BOX SMALL,12,2011-12-08 11:36:00,5.95,18109,United Kingdom,71.4,2011,12,December,Thursday
581281,22720,SET OF 3 CAKE TINS PANTRY DESIGN,12,2011-12-08 11:36:00,4.95,18109,United Kingdom,59.400000000000006,2011,12,December,Thursday
581281,22171,3 HOOK PHOTO SHELF ANTIQUE WHITE,2,2011-12-08 11:36:00,8.5,18109,United Kingdom,17.0,2011,12,December,Thursday
581281,22763,KEY CABINET MA CAMPAGNE,2,2011-12-08 11:36:00,9.95,18109,United Kingdom,19.9,2011,12,December,Thursday
581281,22151,PLACE SETTING WHITE HEART,96,2011-12-08 11:36:00,0.42,18109,United Kingdom,40.32,2011,12,December,Thursday
581279,22215,CAKE STAND WHITE TWO TIER LACE,12,2011-12-08 11:35:00,2.95,12437,France,35.400000000000006,2011,12,December,Thursday
581279,22423,REGENCY CAKESTAND 3 TIER,6,2011-12-08 11:35:00,12.75,12437,France,76.5,2011,12,December,Thursday
581279,POST,POSTAGE,3,2011-12-08 11:35:00,18.0,12437,France,54.0,2011,12,December,Thursday
581266,23561,SET OF 6 RIBBONS PARTY,12,2011-12-08 11:25:00,2.89,12621,Germany,34.68,2011,12,December,Thursday
581266,21576,LETS GO SHOPPING COTTON TOTE BAG,6,2011-12-08 11:25:00,2.25,12621,Germany,13.5,2011,12,December,Thursday
581266,20719,WOODLAND CHARLOTTE BAG,10,2011-12-08 11:25:00,0.85,12621,Germany,8.5,2011,12,December,Thursday
581266,23388,WOODLAND MINI BACKPACK,4,2011-12-08 11:25:00,4.15,12621,Germany,16.6,2011,12,December,Thursday
581266,21507,ELEPHANT BIRTHDAY CARD,12,2011-12-08 11:25:00,0.42,12621,Germany,5.04,2011,12,December,Thursday
581266,21519,GIN & TONIC DIET GREETING CARD,12,2011-12-08 11:25:00,0.42,12621,Germany,5.04,2011,12,December,Thursday
581266,16169E,WRAP 50'S  CHRISTMAS,25,2011-12-08 11:25:00,0.42,12621,Germany,10.5,2011,12,December,Thursday
581266,22704,WRAP RED APPLES,25,2011-12-08 11:25:00,0.42,12621,Germany,10.5,2011,12,December,Thursday
581266,22709,WRAP WEDDING DAY,25,2011-12-08 11:25:00,0.42,12621,Germany,10.5,2011,12,December,Thursday
581266,23233,WRAP POPPIES  DESIGN,25,2011-12-08 11:25:00,0.42,12621,Germany,10.5,2011,12,December,Thursday
581266,23349,ROLL WRAP VINTAGE CHRISTMAS,12,2011-12-08 11:25:00,1.25,12621,Germany,15.0,2011,12,December,Thursday
581266,23232,WRAP VINTAGE LEAF DESIGN,75,2011-12-08 11:25:00,0.42,12621,Germany,31.5,2011,12,December,Thursday
581266,22818,CARD CHRISTMAS VILLAGE,12,2011-12-08 11:25:00,0.42,12621,Germany,5.04,2011,12,December,Thursday
581266,22734,SET OF 6 RIBBONS VINTAGE CHRISTMAS,12,2011-12-08 11:25:00,2.89,12621,Germany,34.68,2011,12,December,Thursday
581266,22736,RIBBON REEL MAKING SNOWMEN,10,2011-12-08 11:25:00,1.65,12621,Germany,16.5,2011,12,December,Thursday
581266,22739,RIBBON REEL CHRISTMAS SOCK BAUBLE,10,2011-12-08 11:25:00,1.65,12621,Germany,16.5,2011,12,December,Thursday
581266,22737,RIBBON REEL CHRISTMAS PRESENT,10,2011-12-08 11:25:00,1.65,12621,Germany,16.5,2011,12,December,Thursday
581266,22738,RIBBON REEL SNOWY VILLAGE,10,2011-12-08 11:25:00,1.65,12621,Germany,16.5,2011,12,December,Thursday
581266,22487,WHITE WOOD GARDEN PLANT LADDER,1,2011-12-08 11:25:00,9.95,12621,Germany,9.95,2011,12,December,Thursday
581266,22564,ALPHABET STENCIL CRAFT,12,2011-12-08 11:25:00,1.25,12621,Germany,15.0,2011,12,December,Thursday
581266,22077,6 RIBBONS RUSTIC CHARM,12,2011-12-08 11:25:00,1.95,12621,Germany,23.4,2011,12,December,Thursday
581266,22078,RIBBON REEL LACE DESIGN,10,2011-12-08 11:25:00,2.1,12621,Germany,21.0,2011,12,December,Thursday
581266,22964,3 PIECE SPACEBOY COOKIE CUTTER SET,12,2011-12-08 11:25:00,2.1,12621,Germany,25.200000000000003,2011,12,December,Thursday
581266,84375,SET OF 20 KIDS COOKIE CUTTERS,12,2011-12-08 11:25:00,2.1,12621,Germany,25.200000000000003,2011,12,December,Thursday
581266,23053,RECYCLED ACAPULCO MAT PINK,2,2011-12-08 11:25:00,8.25,12621,Germany,16.5,2011,12,December,Thursday
581266,23191,BUNDLE OF 3 RETRO NOTE BOOKS,12,2011-12-08 11:25:00,1.65,12621,Germany,19.799999999999997,2011,12,December,Thursday
581266,22992,REVOLVER WOODEN RULER,12,2011-12-08 11:25:00,1.95,12621,Germany,23.4,2011,12,December,Thursday
581266,21628,TRIANGULAR POUFFE VINTAGE,1,2011-12-08 11:25:00,14.95,12621,Germany,14.95,2011,12,December,Thursday
581266,22547,MINI JIGSAW DINOSAUR,48,2011-12-08 11:25:00,0.19,12621,Germany,9.120000000000001,2011,12,December,Thursday
581266,22629,SPACEBOY LUNCH BOX,64,2011-12-08 11:25:00,1.65,12621,Germany,105.6,2011,12,December,Thursday
581266,84006,MAGIC TREE -PAPER FLOWERS,24,2011-12-08 11:25:00,0.85,12621,Germany,20.4,2011,12,December,Thursday
581266,22326,ROUND SNACK BOXES SET OF4 WOODLAND,18,2011-12-08 11:25:00,2.95,12621,Germany,53.1,2011,12,December,Thursday
581266,22328,ROUND SNACK BOXES SET OF 4 FRUITS,18,2011-12-08 11:25:00,2.95,12621,Germany,53.1,2011,12,December,Thursday
581266,17003,BROCADE RING PURSE,72,2011-12-08 11:25:00,0.39,12621,Germany,28.080000000000002,2011,12,December,Thursday
581266,22972,CHILDREN'S SPACEBOY MUG,12,2011-12-08 11:25:00,1.65,12621,Germany,19.799999999999997,2011,12,December,Thursday
581266,21914,BLUE HARMONICA IN BOX,12,2011-12-08 11:25:00,1.25,12621,Germany,15.0,2011,12,December,Thursday
581266,21703,BAG 125g SWIRLY MARBLES,12,2011-12-08 11:25:00,0.42,12621,Germany,5.04,2011,12,December,Thursday
581266,21209,MULTICOLOUR HONEYCOMB FAN,12,2011-12-08 11:25:00,0.39,12621,Germany,4.68,2011,12,December,Thursday
581266,21208,PASTEL COLOUR HONEYCOMB FAN,12,2011-12-08 11:25:00,0.39,12621,Germany,4.68,2011,12,December,Thursday
581266,21194,PINK  HONEYCOMB PAPER FAN,12,2011-12-08 11:25:00,0.65,12621,Germany,7.800000000000001,2011,12,December,Thursday
581266,16008,SMALL FOLDING SCISSOR(POINTED EDGE),48,2011-12-08 11:25:00,0.12,12621,Germany,5.76,2011,12,December,Thursday
581266,85032C,CURIOUS IMAGES GIFT WRAP SET,12,2011-12-08 11:25:00,0.65,12621,Germany,7.800000000000001,2011,12,December,Thursday
581266,85032B,BLOSSOM IMAGES GIFT WRAP SET,12,2011-12-08 11:25:00,0.65,12621,Germany,7.800000000000001,2011,12,December,Thursday
581266,22075,6 RIBBONS ELEGANT CHRISTMAS,24,2011-12-08 11:25:00,0.39,12621,Germany,9.36,2011,12,December,Thursday
581266,22074,6 RIBBONS SHIMMERING PINKS,24,2011-12-08 11:25:00,0.39,12621,Germany,9.36,2011,12,December,Thursday
581266,22123,PING MICROWAVE APRON,12,2011-12-08 11:25:00,0.79,12621,Germany,9.48,2011,12,December,Thursday
581266,22438,BALLOON ART MAKE YOUR OWN FLOWERS,50,2011-12-08 11:25:00,0.39,12621,Germany,19.5,2011,12,December,Thursday
581266,23239,SET OF 4 KNICK KNACK TINS POPPIES,6,2011-12-08 11:25:00,1.65,12621,Germany,9.899999999999999,2011,12,December,Thursday
581266,23552,BICYCLE PUNCTURE REPAIR KIT,12,2011-12-08 11:25:00,2.08,12621,Germany,24.96,2011,12,December,Thursday
581266,23497,CLASSIC CHROME BICYCLE BELL,12,2011-12-08 11:25:00,1.45,12621,Germany,17.4,2011,12,December,Thursday
581266,23498,CLASSIC BICYCLE CLIPS,12,2011-12-08 11:25:00,1.45,12621,Germany,17.4,2011,12,December,Thursday
581266,23569,TRADTIONAL ALPHABET STAMP SET,12,2011-12-08 11:25:00,4.95,12621,Germany,59.400000000000006,2011,12,December,Thursday
581266,23570,TRADITIONAL PICK UP STICKS GAME,12,2011-12-08 11:25:00,1.25,12621,Germany,15.0,2011,12,December,Thursday
581266,23489,VINTAGE BELLS GARLAND,6,2011-12-08 11:25:00,2.89,12621,Germany,17.34,2011,12,December,Thursday
581266,23562,SET OF 6 RIBBONS PERFECTLY PRETTY,12,2011-12-08 11:25:00,2.89,12621,Germany,34.68,2011,12,December,Thursday
581266,23560,SET OF 6 RIBBONS COUNTRY STYLE,12,2011-12-08 11:25:00,2.89,12621,Germany,34.68,2011,12,December,Thursday
581266,POST,POSTAGE,5,2011-12-08 11:25:00,18.0,12621,Germany,90.0,2011,12,December,Thursday
581253,23427,STOOL HOME SWEET HOME,1,2011-12-08 11:15:00,12.5,16891,United Kingdom,12.5,2011,12,December,Thursday
581253,21533,RETROSPOT LARGE MILK JUG,1,2011-12-08 11:15:00,4.95,16891,United Kingdom,4.95,2011,12,December,Thursday
581253,22776,SWEETHEART 3 TIER CAKE STAND,1,2011-12-08 11:15:00,9.95,16891,United Kingdom,9.95,2011,12,December,Thursday
581253,21733,RED HANGING HEART T-LIGHT HOLDER,2,2011-12-08 11:15:00,2.95,16891,United Kingdom,5.9,2011,12,December,Thursday
581253,85123A,WHITE HANGING HEART T-LIGHT HOLDER,2,2011-12-08 11:15:00,2.95,16891,United Kingdom,5.9,2011,12,December,Thursday
581253,22509,SEWING BOX RETROSPOT DESIGN,2,2011-12-08 11:15:00,3.95,16891,United Kingdom,7.9,2011,12,December,Thursday
581253,23413,DECORATIVE VINTAGE COFFEE  BOX,3,2011-12-08 11:15:00,4.95,16891,United Kingdom,14.850000000000001,2011,12,December,Thursday
581253,22364,GLASS JAR DIGESTIVE BISCUITS,1,2011-12-08 11:15:00,2.95,16891,United Kingdom,2.95,2011,12,December,Thursday
581253,22361,GLASS JAR DAISY FRESH COTTON WOOL,1,2011-12-08 11:15:00,2.95,16891,United Kingdom,2.95,2011,12,December,Thursday
581253,22363,GLASS JAR MARMALADE,1,2011-12-08 11:15:00,2.95,16891,United Kingdom,2.95,2011,12,December,Thursday
581253,22624,IVORY KITCHEN SCALES,1,2011-12-08 11:15:00,8.5,16891,United Kingdom,8.5,2011,12,December,Thursday
581253,23598,PAPER BUNTING VINTAGE PARTY,2,2011-12-08 11:15:00,2.95,16891,United Kingdom,5.9,2011,12,December,Thursday
581253,20932,PINK POT PLANT CANDLE,1,2011-12-08 11:15:00,1.25,16891,United Kingdom,1.25,2011,12,December,Thursday
581253,20933,YELLOW POT PLANT CANDLE,1,2011-12-08 11:15:00,2.95,16891,United Kingdom,2.95,2011,12,December,Thursday
581253,22141,CHRISTMAS CRAFT TREE TOP ANGEL,1,2011-12-08 11:15:00,2.1,16891,United Kingdom,2.1,2011,12,December,Thursday
581253,22144,CHRISTMAS CRAFT LITTLE FRIENDS,1,2011-12-08 11:15:00,2.1,16891,United Kingdom,2.1,2011,12,December,Thursday
581253,22142,CHRISTMAS CRAFT WHITE FAIRY,1,2011-12-08 11:15:00,1.45,16891,United Kingdom,1.45,2011,12,December,Thursday
581253,22694,WICKER STAR,4,2011-12-08 11:15:00,2.1,16891,United Kingdom,8.4,2011,12,December,Thursday
581252,23127,FELTCRAFT GIRL NICOLE KIT,4,2011-12-08 11:02:00,4.95,14129,United Kingdom,19.8,2011,12,December,Thursday
581252,23126,FELTCRAFT GIRL AMELIE KIT,4,2011-12-08 11:02:00,4.95,14129,United Kingdom,19.8,2011,12,December,Thursday
581252,23040,PAPER LANTERN 9 POINT SNOW STAR,6,2011-12-08 11:02:00,5.75,14129,United Kingdom,34.5,2011,12,December,Thursday
581252,22585,PACK OF 6 BIRDY GIFT TAGS,12,2011-12-08 11:02:00,1.25,14129,United Kingdom,15.0,2011,12,December,Thursday
581252,22563,HAPPY STENCIL CRAFT,12,2011-12-08 11:02:00,1.25,14129,United Kingdom,15.0,2011,12,December,Thursday
581252,22562,MONSTERS STENCIL CRAFT,12,2011-12-08 11:02:00,1.25,14129,United Kingdom,15.0,2011,12,December,Thursday
581252,22544,MINI JIGSAW SPACEBOY,24,2011-12-08 11:02:00,0.42,14129,United Kingdom,10.08,2011,12,December,Thursday
581252,22150,3 STRIPEY MICE FELTCRAFT,12,2011-12-08 11:02:00,1.95,14129,United Kingdom,23.4,2011,12,December,Thursday
581251,22941,CHRISTMAS LIGHTS 10 REINDEER,2,2011-12-08 11:02:00,8.5,18210,United Kingdom,17.0,2011,12,December,Thursday
581251,21914,BLUE HARMONICA IN BOX,12,2011-12-08 11:02:00,1.25,18210,United Kingdom,15.0,2011,12,December,Thursday
581251,22193,RED DINER WALL CLOCK,2,2011-12-08 11:02:00,8.5,18210,United Kingdom,17.0,2011,12,December,Thursday
581251,22727,ALARM CLOCK BAKELIKE RED,4,2011-12-08 11:02:00,3.75,18210,United Kingdom,15.0,2011,12,December,Thursday
581251,22728,ALARM CLOCK BAKELIKE PINK,4,2011-12-08 11:02:00,3.75,18210,United Kingdom,15.0,2011,12,December,Thursday
581251,84978,HANGING HEART JAR T-LIGHT HOLDER,12,2011-12-08 11:02:00,1.25,18210,United Kingdom,15.0,2011,12,December,Thursday
581251,22111,SCOTTIE DOG HOT WATER BOTTLE,3,2011-12-08 11:02:00,4.95,18210,United Kingdom,14.850000000000001,2011,12,December,Thursday
581251,23494,VINTAGE DOILY DELUXE SEWING KIT,3,2011-12-08 11:02:00,5.95,18210,United Kingdom,17.85,2011,12,December,Thursday
581251,22627,MINT KITCHEN SCALES,2,2011-12-08 11:02:00,8.5,18210,United Kingdom,17.0,2011,12,December,Thursday
581251,22326,ROUND SNACK BOXES SET OF4 WOODLAND,6,2011-12-08 11:02:00,2.95,18210,United Kingdom,17.700000000000003,2011,12,December,Thursday
581251,23081,GREEN METAL BOX ARMY SUPPLIES,2,2011-12-08 11:02:00,8.25,18210,United Kingdom,16.5,2011,12,December,Thursday
581246,22694,WICKER STAR,1,2011-12-08 10:59:00,2.1,15453,United Kingdom,2.1,2011,12,December,Thursday
581246,82484,WOOD BLACK BOARD ANT WHITE FINISH,1,2011-12-08 10:59:00,7.95,15453,United Kingdom,7.95,2011,12,December,Thursday
581246,21876,POTTERING MUG,2,2011-12-08 10:59:00,1.65,15453,United Kingdom,3.3,2011,12,December,Thursday
581246,23400,SHELF WITH 4 HOOKS HOME SWEET HOME,1,2011-12-08 10:59:00,6.25,15453,United Kingdom,6.25,2011,12,December,Thursday
581246,22121,NOEL WOODEN BLOCK LETTERS,1,2011-12-08 10:59:00,5.95,15453,United Kingdom,5.95,2011,12,December,Thursday
581246,23404,HOME SWEET HOME BLACKBOARD,1,2011-12-08 10:59:00,4.95,15453,United Kingdom,4.95,2011,12,December,Thursday
581246,23401,RUSTIC MIRROR WITH LACE HEART,1,2011-12-08 10:59:00,6.25,15453,United Kingdom,6.25,2011,12,December,Thursday
581246,22577,WOODEN HEART CHRISTMAS SCANDINAVIAN,10,2011-12-08 10:59:00,0.29,15453,United Kingdom,2.9,2011,12,December,Thursday
581246,22581,WOOD STOCKING CHRISTMAS SCANDISPOT,5,2011-12-08 10:59:00,0.29,15453,United Kingdom,1.45,2011,12,December,Thursday
581246,82494L,WOODEN FRAME ANTIQUE WHITE,1,2011-12-08 10:59:00,2.95,15453,United Kingdom,2.95,2011,12,December,Thursday
581246,82482,WOODEN PICTURE FRAME WHITE FINISH,1,2011-12-08 10:59:00,2.95,15453,United Kingdom,2.95,2011,12,December,Thursday
581246,23496,PANTRY KITCHEN THERMOMETER,2,2011-12-08 10:59:00,1.25,15453,United Kingdom,2.5,2011,12,December,Thursday
581246,23323,WHITE WICKER STAR,1,2011-12-08 10:59:00,2.1,15453,United Kingdom,2.1,2011,12,December,Thursday
581246,22469,HEART OF WICKER SMALL,2,2011-12-08 10:59:00,1.65,15453,United Kingdom,3.3,2011,12,December,Thursday
581246,23321,SMALL WHITE HEART OF WICKER,2,2011-12-08 10:59:00,1.65,15453,United Kingdom,3.3,2011,12,December,Thursday
581246,23322,LARGE WHITE HEART OF WICKER,1,2011-12-08 10:59:00,2.95,15453,United Kingdom,2.95,2011,12,December,Thursday
581246,23103,JINGLE BELL HEART DECORATION,4,2011-12-08 10:59:00,1.65,15453,United Kingdom,6.6,2011,12,December,Thursday
581246,22804,PINK HANGING HEART T-LIGHT HOLDER,1,2011-12-08 10:59:00,2.95,15453,United Kingdom,2.95,2011,12,December,Thursday
581246,85123A,WHITE HANGING HEART T-LIGHT HOLDER,1,2011-12-08 10:59:00,2.95,15453,United Kingdom,2.95,2011,12,December,Thursday
581246,22470,HEART OF WICKER LARGE,1,2011-12-08 10:59:00,2.95,15453,United Kingdom,2.95,2011,12,December,Thursday
581246,22695,WICKER WREATH SMALL,2,2011-12-08 10:59:00,0.59,15453,United Kingdom,1.18,2011,12,December,Thursday
581246,21754,HOME BUILDING BLOCK WORD,1,2011-12-08 10:59:00,6.25,15453,United Kingdom,6.25,2011,12,December,Thursday
581246,22171,3 HOOK PHOTO SHELF ANTIQUE WHITE,1,2011-12-08 10:59:00,8.5,15453,United Kingdom,8.5,2011,12,December,Thursday
581246,22633,HAND WARMER UNION JACK,2,2011-12-08 10:59:00,2.1,15453,United Kingdom,4.2,2011,12,December,Thursday
581246,23439,HAND WARMER RED LOVE HEART,2,2011-12-08 10:59:00,2.1,15453,United Kingdom,4.2,2011,12,December,Thursday
581246,22632,HAND WARMER RED RETROSPOT,2,2011-12-08 10:59:00,2.1,15453,United Kingdom,4.2,2011,12,December,Thursday
581246,22865,HAND WARMER OWL DESIGN,4,2011-12-08 10:59:00,2.1,15453,United Kingdom,8.4,2011,12,December,Thursday
581246,21411,GINGHAM HEART  DOORSTOP RED,1,2011-12-08 10:59:00,1.95,15453,United Kingdom,1.95,2011,12,December,Thursday
581246,23301,GARDENERS KNEELING PAD KEEP CALM,6,2011-12-08 10:59:00,1.65,15453,United Kingdom,9.899999999999999,2011,12,December,Thursday
581246,23300,GARDENERS KNEELING PAD CUP OF TEA,6,2011-12-08 10:59:00,1.65,15453,United Kingdom,9.899999999999999,2011,12,December,Thursday
581241,22922,FRIDGE MAGNETS US DINER ASSORTED,12,2011-12-08 10:58:00,0.85,15520,United Kingdom,10.2,2011,12,December,Thursday
581241,22924,FRIDGE MAGNETS LA VIE EN ROSE,12,2011-12-08 10:58:00,0.85,15520,United Kingdom,10.2,2011,12,December,Thursday
581241,22923,FRIDGE MAGNETS LES ENFANTS ASSORTED,12,2011-12-08 10:58:00,0.85,15520,United Kingdom,10.2,2011,12,December,Thursday
581241,21169,YOU'RE CONFUSING ME METAL SIGN,12,2011-12-08 10:58:00,1.69,15520,United Kingdom,20.28,2011,12,December,Thursday
581241,22915,ASSORTED BOTTLE TOP  MAGNETS,120,2011-12-08 10:58:00,0.19,15520,United Kingdom,22.8,2011,12,December,Thursday
581241,22672,FRENCH BATHROOM SIGN BLUE METAL,12,2011-12-08 10:58:00,1.65,15520,United Kingdom,19.799999999999997,2011,12,December,Thursday
581241,22115,METAL SIGN EMPIRE TEA,12,2011-12-08 10:58:00,0.79,15520,United Kingdom,9.48,2011,12,December,Thursday
581241,21908,CHOCOLATE THIS WAY METAL SIGN,12,2011-12-08 10:58:00,2.1,15520,United Kingdom,25.200000000000003,2011,12,December,Thursday
581241,82600,N0 SINGING METAL SIGN,12,2011-12-08 10:58:00,2.1,15520,United Kingdom,25.200000000000003,2011,12,December,Thursday
581241,85152,HAND OVER THE CHOCOLATE   SIGN,12,2011-12-08 10:58:00,2.1,15520,United Kingdom,25.200000000000003,2011,12,December,Thursday
581241,23426,METAL SIGN DROP YOUR PANTS,12,2011-12-08 10:58:00,2.89,15520,United Kingdom,34.68,2011,12,December,Thursday
581241,21181,PLEASE ONE PERSON METAL SIGN,12,2011-12-08 10:58:00,2.1,15520,United Kingdom,25.200000000000003,2011,12,December,Thursday
581241,82582,AREA PATROLLED METAL SIGN,12,2011-12-08 10:58:00,2.1,15520,United Kingdom,25.200000000000003,2011,12,December,Thursday
581241,21174,POTTERING IN THE SHED METAL SIGN,12,2011-12-08 10:58:00,2.08,15520,United Kingdom,24.96,2011,12,December,Thursday
581241,22675,FRENCH KITCHEN SIGN BLUE METAL,12,2011-12-08 10:58:00,1.25,15520,United Kingdom,15.0,2011,12,December,Thursday
581241,22674,FRENCH TOILET SIGN BLUE METAL,12,2011-12-08 10:58:00,1.25,15520,United Kingdom,15.0,2011,12,December,Thursday
581241,21770,OPEN CLOSED METAL SIGN,2,2011-12-08 10:58:00,4.95,15520,United Kingdom,9.9,2011,12,December,Thursday
581241,22670,FRENCH WC SIGN BLUE METAL,12,2011-12-08 10:58:00,1.25,15520,United Kingdom,15.0,2011,12,December,Thursday
581237,23498,CLASSIC BICYCLE CLIPS,1,2011-12-08 10:40:00,1.45,15443,United Kingdom,1.45,2011,12,December,Thursday
581237,23507,MINI PLAYING CARDS BUFFALO BILL,1,2011-12-08 10:40:00,0.42,15443,United Kingdom,0.42,2011,12,December,Thursday
581237,23509,MINI PLAYING CARDS FUN FAIR,2,2011-12-08 10:40:00,0.42,15443,United Kingdom,0.84,2011,12,December,Thursday
581237,23508,MINI PLAYING CARDS DOLLY GIRL,3,2011-12-08 10:40:00,0.42,15443,United Kingdom,1.26,2011,12,December,Thursday
581237,23497,CLASSIC CHROME BICYCLE BELL,1,2011-12-08 10:40:00,1.45,15443,United Kingdom,1.45,2011,12,December,Thursday
581237,22952,60 CAKE CASES VINTAGE CHRISTMAS,4,2011-12-08 10:40:00,0.55,15443,United Kingdom,2.2,2011,12,December,Thursday
581237,23552,BICYCLE PUNCTURE REPAIR KIT,3,2011-12-08 10:40:00,2.08,15443,United Kingdom,6.24,2011,12,December,Thursday
581237,23378,PACK OF 12 50'S CHRISTMAS TISSUES,5,2011-12-08 10:40:00,0.39,15443,United Kingdom,1.9500000000000002,2011,12,December,Thursday
581237,21916,SET 12 RETRO WHITE CHALK STICKS,4,2011-12-08 10:40:00,0.42,15443,United Kingdom,1.68,2011,12,December,Thursday
581237,21889,WOODEN BOX OF DOMINOES,1,2011-12-08 10:40:00,1.25,15443,United Kingdom,1.25,2011,12,December,Thursday
581237,23569,TRADTIONAL ALPHABET STAMP SET,2,2011-12-08 10:40:00,4.95,15443,United Kingdom,9.9,2011,12,December,Thursday
581237,23497,CLASSIC CHROME BICYCLE BELL,4,2011-12-08 10:40:00,1.45,15443,United Kingdom,5.8,2011,12,December,Thursday
581237,23552,BICYCLE PUNCTURE REPAIR KIT,1,2011-12-08 10:40:00,2.08,15443,United Kingdom,2.08,2011,12,December,Thursday
581237,23508,MINI PLAYING CARDS DOLLY GIRL,1,2011-12-08 10:40:00,0.42,15443,United Kingdom,0.42,2011,12,December,Thursday
581237,23507,MINI PLAYING CARDS BUFFALO BILL,3,2011-12-08 10:40:00,0.42,15443,United Kingdom,1.26,2011,12,December,Thursday
581237,22948,METAL DECORATION NAUGHTY CHILDREN,7,2011-12-08 10:40:00,0.85,15443,United Kingdom,5.95,2011,12,December,Thursday
581237,21889,WOODEN BOX OF DOMINOES,4,2011-12-08 10:40:00,1.25,15443,United Kingdom,5.0,2011,12,December,Thursday
581237,23378,PACK OF 12 50'S CHRISTMAS TISSUES,1,2011-12-08 10:40:00,0.39,15443,United Kingdom,0.39,2011,12,December,Thursday
581237,23503,PLAYING CARDS KEEP CALM & CARRY ON,4,2011-12-08 10:40:00,1.25,15443,United Kingdom,5.0,2011,12,December,Thursday
581237,21135,VICTORIAN  METAL POSTCARD SPRING,8,2011-12-08 10:40:00,1.69,15443,United Kingdom,13.52,2011,12,December,Thursday
581237,23552,BICYCLE PUNCTURE REPAIR KIT,2,2011-12-08 10:40:00,2.08,15443,United Kingdom,4.16,2011,12,December,Thursday
581237,22910,PAPER CHAIN KIT VINTAGE CHRISTMAS,6,2011-12-08 10:40:00,2.95,15443,United Kingdom,17.700000000000003,2011,12,December,Thursday
581237,82567,"AIRLINE LOUNGE,METAL SIGN",4,2011-12-08 10:40:00,2.1,15443,United Kingdom,8.4,2011,12,December,Thursday
581237,82582,AREA PATROLLED METAL SIGN,2,2011-12-08 10:40:00,2.1,15443,United Kingdom,4.2,2011,12,December,Thursday
581237,21174,POTTERING IN THE SHED METAL SIGN,2,2011-12-08 10:40:00,2.08,15443,United Kingdom,4.16,2011,12,December,Thursday
581237,23503,PLAYING CARDS KEEP CALM & CARRY ON,2,2011-12-08 10:40:00,1.25,15443,United Kingdom,2.5,2011,12,December,Thursday
581237,22086,PAPER CHAIN KIT 50'S CHRISTMAS,7,2011-12-08 10:40:00,2.95,15443,United Kingdom,20.650000000000002,2011,12,December,Thursday
581237,22910,PAPER CHAIN KIT VINTAGE CHRISTMAS,1,2011-12-08 10:40:00,2.95,15443,United Kingdom,2.95,2011,12,December,Thursday
581237,22086,PAPER CHAIN KIT 50'S CHRISTMAS,8,2011-12-08 10:40:00,2.95,15443,United Kingdom,23.6,2011,12,December,Thursday
581237,22910,PAPER CHAIN KIT VINTAGE CHRISTMAS,8,2011-12-08 10:40:00,2.95,15443,United Kingdom,23.6,2011,12,December,Thursday
581237,22086,PAPER CHAIN KIT 50'S CHRISTMAS,2,2011-12-08 10:40:00,2.95,15443,United Kingdom,5.9,2011,12,December,Thursday
581237,22909,SET OF 20 VINTAGE CHRISTMAS NAPKINS,7,2011-12-08 10:40:00,0.85,15443,United Kingdom,5.95,2011,12,December,Thursday
581237,23229,VINTAGE DONKEY TAIL GAME,3,2011-12-08 10:40:00,3.75,15443,United Kingdom,11.25,2011,12,December,Thursday
581237,22360,GLASS JAR ENGLISH CONFECTIONERY,1,2011-12-08 10:40:00,2.95,15443,United Kingdom,2.95,2011,12,December,Thursday
581237,22362,GLASS JAR PEACOCK BATH SALTS,1,2011-12-08 10:40:00,2.95,15443,United Kingdom,2.95,2011,12,December,Thursday
581237,21591,COSY HOUR CIGAR BOX MATCHES,24,2011-12-08 10:40:00,1.25,15443,United Kingdom,30.0,2011,12,December,Thursday
581237,22111,SCOTTIE DOG HOT WATER BOTTLE,2,2011-12-08 10:40:00,4.95,15443,United Kingdom,9.9,2011,12,December,Thursday
581237,22112,CHOCOLATE HOT WATER BOTTLE,2,2011-12-08 10:40:00,4.95,15443,United Kingdom,9.9,2011,12,December,Thursday
581237,22835,HOT WATER BOTTLE I AM SO POORLY,2,2011-12-08 10:40:00,4.95,15443,United Kingdom,9.9,2011,12,December,Thursday
581237,23355,HOT WATER BOTTLE KEEP CALM,4,2011-12-08 10:40:00,4.95,15443,United Kingdom,19.8,2011,12,December,Thursday
581237,21485,RETROSPOT HEART HOT WATER BOTTLE,2,2011-12-08 10:40:00,4.95,15443,United Kingdom,9.9,2011,12,December,Thursday
581237,22113,GREY HEART HOT WATER BOTTLE,1,2011-12-08 10:40:00,4.25,15443,United Kingdom,4.25,2011,12,December,Thursday
581237,84030E,ENGLISH ROSE HOT WATER BOTTLE,2,2011-12-08 10:40:00,4.25,15443,United Kingdom,8.5,2011,12,December,Thursday
581237,22113,GREY HEART HOT WATER BOTTLE,3,2011-12-08 10:40:00,4.25,15443,United Kingdom,12.75,2011,12,December,Thursday
581237,23356,LOVE HOT WATER BOTTLE,2,2011-12-08 10:40:00,5.95,15443,United Kingdom,11.9,2011,12,December,Thursday
581237,23328,SET 6 SCHOOL MILK BOTTLES IN CRATE,6,2011-12-08 10:40:00,3.75,15443,United Kingdom,22.5,2011,12,December,Thursday
581237,84991,60 TEATIME FAIRY CAKE CASES,1,2011-12-08 10:40:00,0.55,15443,United Kingdom,0.55,2011,12,December,Thursday
581237,22951,60 CAKE CASES DOLLY GIRL DESIGN,2,2011-12-08 10:40:00,0.55,15443,United Kingdom,1.1,2011,12,December,Thursday
581237,21977,PACK OF 60 PINK PAISLEY CAKE CASES,3,2011-12-08 10:40:00,0.55,15443,United Kingdom,1.6500000000000001,2011,12,December,Thursday
581237,22361,GLASS JAR DAISY FRESH COTTON WOOL,2,2011-12-08 10:40:00,2.95,15443,United Kingdom,5.9,2011,12,December,Thursday
581237,23012,GLASS APOTHECARY BOTTLE PERFUME,2,2011-12-08 10:40:00,3.95,15443,United Kingdom,7.9,2011,12,December,Thursday
581236,22059,CERAMIC STRAWBERRY DESIGN MUG,24,2011-12-08 10:39:00,0.39,13468,United Kingdom,9.36,2011,12,December,Thursday
581236,22055,MINI CAKE STAND  HANGING STRAWBERY,16,2011-12-08 10:39:00,0.39,13468,United Kingdom,6.24,2011,12,December,Thursday
581236,22063,CERAMIC BOWL WITH STRAWBERRY DESIGN,18,2011-12-08 10:39:00,0.79,13468,United Kingdom,14.22,2011,12,December,Thursday
581236,22646,CERAMIC STRAWBERRY CAKE MONEY BANK,36,2011-12-08 10:39:00,0.39,13468,United Kingdom,14.040000000000001,2011,12,December,Thursday
581236,22644,CERAMIC CHERRY CAKE MONEY BANK,36,2011-12-08 10:39:00,0.39,13468,United Kingdom,14.040000000000001,2011,12,December,Thursday
581236,22645,CERAMIC HEART FAIRY CAKE MONEY BANK,36,2011-12-08 10:39:00,0.39,13468,United Kingdom,14.040000000000001,2011,12,December,Thursday
581236,23320,GIANT 50'S CHRISTMAS CRACKER,12,2011-12-08 10:39:00,1.25,13468,United Kingdom,15.0,2011,12,December,Thursday
581236,21623,VINTAGE UNION JACK MEMOBOARD,2,2011-12-08 10:39:00,9.95,13468,United Kingdom,19.9,2011,12,December,Thursday
581236,22666,RECIPE BOX PANTRY YELLOW DESIGN,6,2011-12-08 10:39:00,2.95,13468,United Kingdom,17.700000000000003,2011,12,December,Thursday
581233,22178,VICTORIAN GLASS HANGING T-LIGHT,6,2011-12-08 10:33:00,1.95,13436,United Kingdom,11.7,2011,12,December,Thursday
581233,22423,REGENCY CAKESTAND 3 TIER,2,2011-12-08 10:33:00,12.75,13436,United Kingdom,25.5,2011,12,December,Thursday
581233,22622,BOX OF VINTAGE ALPHABET BLOCKS,2,2011-12-08 10:33:00,11.95,13436,United Kingdom,23.9,2011,12,December,Thursday
581233,23176,ABC TREASURE BOOK BOX,8,2011-12-08 10:33:00,2.25,13436,United Kingdom,18.0,2011,12,December,Thursday
581233,23012,GLASS APOTHECARY BOTTLE PERFUME,4,2011-12-08 10:33:00,3.95,13436,United Kingdom,15.8,2011,12,December,Thursday
581233,22625,RED KITCHEN SCALES,2,2011-12-08 10:33:00,8.5,13436,United Kingdom,17.0,2011,12,December,Thursday
581233,23394,POSTE FRANCE CUSHION COVER,4,2011-12-08 10:33:00,3.75,13436,United Kingdom,15.0,2011,12,December,Thursday
581233,23396,LE JARDIN BOTANIQUE CUSHION COVER,4,2011-12-08 10:33:00,3.75,13436,United Kingdom,15.0,2011,12,December,Thursday
581233,84832,ZINC WILLIE WINKIE  CANDLE STICK,12,2011-12-08 10:33:00,0.85,13436,United Kingdom,10.2,2011,12,December,Thursday
581233,22846,BREAD BIN DINER STYLE RED,1,2011-12-08 10:33:00,16.95,13436,United Kingdom,16.95,2011,12,December,Thursday
581233,21497,FANCY FONTS BIRTHDAY WRAP,25,2011-12-08 10:33:00,0.42,13436,United Kingdom,10.5,2011,12,December,Thursday
581233,23455,SMALL PARLOUR PICTURE FRAME,6,2011-12-08 10:33:00,2.89,13436,United Kingdom,17.34,2011,12,December,Thursday
581232,20679,EDWARDIAN PARASOL RED,24,2011-12-08 10:26:00,5.95,12358,Austria,142.8,2011,12,December,Thursday
581232,15056N,EDWARDIAN PARASOL NATURAL,24,2011-12-08 10:26:00,5.95,12358,Austria,142.8,2011,12,December,Thursday
581232,15056BL,EDWARDIAN PARASOL BLACK,24,2011-12-08 10:26:00,5.95,12358,Austria,142.8,2011,12,December,Thursday
581232,15056P,EDWARDIAN PARASOL PINK,12,2011-12-08 10:26:00,5.95,12358,Austria,71.4,2011,12,December,Thursday
581232,22059,CERAMIC STRAWBERRY DESIGN MUG,24,2011-12-08 10:26:00,0.39,12358,Austria,9.36,2011,12,December,Thursday
581232,22646,CERAMIC STRAWBERRY CAKE MONEY BANK,36,2011-12-08 10:26:00,0.39,12358,Austria,14.040000000000001,2011,12,December,Thursday
581232,POST,POSTAGE,4,2011-12-08 10:26:00,40.0,12358,Austria,160.0,2011,12,December,Thursday
581231,23569,TRADTIONAL ALPHABET STAMP SET,4,2011-12-08 10:26:00,4.95,14291,United Kingdom,19.8,2011,12,December,Thursday
581230,22617,BAKING SET SPACEBOY DESIGN,3,2011-12-08 10:24:00,4.95,14291,United Kingdom,14.850000000000001,2011,12,December,Thursday
581230,22083,PAPER CHAIN KIT RETROSPOT,12,2011-12-08 10:24:00,2.95,14291,United Kingdom,35.400000000000006,2011,12,December,Thursday
581230,23497,CLASSIC CHROME BICYCLE BELL,12,2011-12-08 10:24:00,1.45,14291,United Kingdom,17.4,2011,12,December,Thursday
581230,22090,PAPER BUNTING RETROSPOT,12,2011-12-08 10:24:00,2.95,14291,United Kingdom,35.400000000000006,2011,12,December,Thursday
581230,22899,CHILDREN'S APRON DOLLY GIRL,6,2011-12-08 10:24:00,2.1,14291,United Kingdom,12.600000000000001,2011,12,December,Thursday
581230,23390,DOLLY GIRL MINI BACKPACK,4,2011-12-08 10:24:00,4.15,14291,United Kingdom,16.6,2011,12,December,Thursday
581230,23389,SPACEBOY MINI BACKPACK,4,2011-12-08 10:24:00,4.15,14291,United Kingdom,16.6,2011,12,December,Thursday
581230,22629,SPACEBOY LUNCH BOX,12,2011-12-08 10:24:00,1.95,14291,United Kingdom,23.4,2011,12,December,Thursday
581230,22367,CHILDRENS APRON SPACEBOY DESIGN,8,2011-12-08 10:24:00,1.95,14291,United Kingdom,15.6,2011,12,December,Thursday
581230,23281,FOLDING BUTTERFLY MIRROR RED,12,2011-12-08 10:24:00,0.83,14291,United Kingdom,9.959999999999999,2011,12,December,Thursday
581230,22138,BAKING SET 9 PIECE RETROSPOT,6,2011-12-08 10:24:00,4.95,14291,United Kingdom,29.700000000000003,2011,12,December,Thursday
581230,22139,RETROSPOT TEA SET CERAMIC 11 PC,6,2011-12-08 10:24:00,4.95,14291,United Kingdom,29.700000000000003,2011,12,December,Thursday
581230,22492,MINI PAINT SET VINTAGE,36,2011-12-08 10:24:00,0.65,14291,United Kingdom,23.400000000000002,2011,12,December,Thursday
581230,22560,TRADITIONAL MODELLING CLAY,24,2011-12-08 10:24:00,1.25,14291,United Kingdom,30.0,2011,12,December,Thursday
581230,23229,VINTAGE DONKEY TAIL GAME,6,2011-12-08 10:24:00,3.75,14291,United Kingdom,22.5,2011,12,December,Thursday
581230,22536,MAGIC DRAWING SLATE PURDEY,24,2011-12-08 10:24:00,0.42,14291,United Kingdom,10.08,2011,12,December,Thursday
581230,22534,MAGIC DRAWING SLATE SPACEBOY,24,2011-12-08 10:24:00,0.42,14291,United Kingdom,10.08,2011,12,December,Thursday
581230,22530,MAGIC DRAWING SLATE DOLLY GIRL,24,2011-12-08 10:24:00,0.42,14291,United Kingdom,10.08,2011,12,December,Thursday
581230,23368,SET 12 COLOUR PENCILS DOLLY GIRL,24,2011-12-08 10:24:00,0.65,14291,United Kingdom,15.600000000000001,2011,12,December,Thursday
581230,23367,SET 12 COLOUR PENCILS SPACEBOY,24,2011-12-08 10:24:00,0.65,14291,United Kingdom,15.600000000000001,2011,12,December,Thursday
581230,20973,12 PENCIL SMALL TUBE WOODLAND,24,2011-12-08 10:24:00,0.65,14291,United Kingdom,15.600000000000001,2011,12,December,Thursday
581230,21509,COWBOYS AND INDIANS BIRTHDAY CARD,12,2011-12-08 10:24:00,0.42,14291,United Kingdom,5.04,2011,12,December,Thursday
581230,21508,VINTAGE KID DOLLY CARD,12,2011-12-08 10:24:00,0.42,14291,United Kingdom,5.04,2011,12,December,Thursday
581230,22027,TEA PARTY BIRTHDAY CARD,12,2011-12-08 10:24:00,0.42,14291,United Kingdom,5.04,2011,12,December,Thursday
581230,22037,ROBOT BIRTHDAY CARD,12,2011-12-08 10:24:00,0.42,14291,United Kingdom,5.04,2011,12,December,Thursday
581230,22712,CARD DOLLY GIRL,12,2011-12-08 10:24:00,0.42,14291,United Kingdom,5.04,2011,12,December,Thursday
581230,22029,SPACEBOY BIRTHDAY CARD,12,2011-12-08 10:24:00,0.42,14291,United Kingdom,5.04,2011,12,December,Thursday
581230,22046,TEA PARTY  WRAPPING PAPER,25,2011-12-08 10:24:00,0.42,14291,United Kingdom,10.5,2011,12,December,Thursday
581230,22708,WRAP DOLLY GIRL,25,2011-12-08 10:24:00,0.42,14291,United Kingdom,10.5,2011,12,December,Thursday
581230,21498,RED RETROSPOT WRAP,25,2011-12-08 10:24:00,0.42,14291,United Kingdom,10.5,2011,12,December,Thursday
581230,22382,LUNCH BAG SPACEBOY DESIGN,10,2011-12-08 10:24:00,1.65,14291,United Kingdom,16.5,2011,12,December,Thursday
581230,22662,LUNCH BAG DOLLY GIRL DESIGN,10,2011-12-08 10:24:00,1.65,14291,United Kingdom,16.5,2011,12,December,Thursday
581230,23207,LUNCH BAG ALPHABET DESIGN,10,2011-12-08 10:24:00,1.65,14291,United Kingdom,16.5,2011,12,December,Thursday
581230,20726,LUNCH BAG WOODLAND,10,2011-12-08 10:24:00,1.65,14291,United Kingdom,16.5,2011,12,December,Thursday
581227,23562,SET OF 6 RIBBONS PERFECTLY PRETTY,6,2011-12-08 09:56:00,2.89,17677,United Kingdom,17.34,2011,12,December,Thursday
581227,22139,RETROSPOT TEA SET CERAMIC 11 PC,6,2011-12-08 09:56:00,4.95,17677,United Kingdom,29.700000000000003,2011,12,December,Thursday
581225,23581,JUMBO BAG PAISLEY PARK,100,2011-12-08 09:55:00,1.79,17677,United Kingdom,179.0,2011,12,December,Thursday
581225,84380,SET OF 3 BUTTERFLY COOKIE CUTTERS,12,2011-12-08 09:55:00,1.45,17677,United Kingdom,17.4,2011,12,December,Thursday
581225,84378,SET OF 3 HEART COOKIE CUTTERS,12,2011-12-08 09:55:00,1.45,17677,United Kingdom,17.4,2011,12,December,Thursday
581225,23163,REGENCY SUGAR TONGS,8,2011-12-08 09:55:00,2.49,17677,United Kingdom,19.92,2011,12,December,Thursday
581225,23293,SET OF 12 FAIRY CAKE BAKING CASES,8,2011-12-08 09:55:00,0.83,17677,United Kingdom,6.64,2011,12,December,Thursday
581225,84992,72 SWEETHEART FAIRY CAKE CASES,24,2011-12-08 09:55:00,0.55,17677,United Kingdom,13.200000000000001,2011,12,December,Thursday
581225,21976,PACK OF 60 MUSHROOM CAKE CASES,24,2011-12-08 09:55:00,0.55,17677,United Kingdom,13.200000000000001,2011,12,December,Thursday
581225,21977,PACK OF 60 PINK PAISLEY CAKE CASES,24,2011-12-08 09:55:00,0.55,17677,United Kingdom,13.200000000000001,2011,12,December,Thursday
581225,23307,SET OF 60 PANTRY DESIGN CAKE CASES,24,2011-12-08 09:55:00,0.55,17677,United Kingdom,13.200000000000001,2011,12,December,Thursday
581225,23341,PINK DINER WALL CLOCK,2,2011-12-08 09:55:00,8.5,17677,United Kingdom,17.0,2011,12,December,Thursday
581225,22192,BLUE DINER WALL CLOCK,2,2011-12-08 09:55:00,8.5,17677,United Kingdom,17.0,2011,12,December,Thursday
581225,22726,ALARM CLOCK BAKELIKE GREEN,4,2011-12-08 09:55:00,3.75,17677,United Kingdom,15.0,2011,12,December,Thursday
581225,22727,ALARM CLOCK BAKELIKE RED,4,2011-12-08 09:55:00,3.75,17677,United Kingdom,15.0,2011,12,December,Thursday
581225,22952,60 CAKE CASES VINTAGE CHRISTMAS,24,2011-12-08 09:55:00,0.55,17677,United Kingdom,13.200000000000001,2011,12,December,Thursday
581225,23350,ROLL WRAP VINTAGE SPOT,12,2011-12-08 09:55:00,1.25,17677,United Kingdom,15.0,2011,12,December,Thursday
581225,20713,JUMBO BAG OWLS,100,2011-12-08 09:55:00,1.79,17677,United Kingdom,179.0,2011,12,December,Thursday
581225,22197,POPCORN HOLDER,12,2011-12-08 09:55:00,0.85,17677,United Kingdom,10.2,2011,12,December,Thursday
581225,23084,RABBIT NIGHT LIGHT,24,2011-12-08 09:55:00,1.79,17677,United Kingdom,42.96,2011,12,December,Thursday
581225,21731,RED TOADSTOOL LED NIGHT LIGHT,24,2011-12-08 09:55:00,1.65,17677,United Kingdom,39.599999999999994,2011,12,December,Thursday
581224,23552,BICYCLE PUNCTURE REPAIR KIT,6,2011-12-08 09:47:00,2.08,17631,United Kingdom,12.48,2011,12,December,Thursday
581224,22319,HAIRCLIPS FORTIES FABRIC ASSORTED,36,2011-12-08 09:47:00,0.19,17631,United Kingdom,6.84,2011,12,December,Thursday
581224,23583,LUNCH BAG PAISLEY PARK,10,2011-12-08 09:47:00,1.65,17631,United Kingdom,16.5,2011,12,December,Thursday
581224,22722,SET OF 6 SPICE TINS PANTRY DESIGN,4,2011-12-08 09:47:00,3.95,17631,United Kingdom,15.8,2011,12,December,Thursday
581224,21485,RETROSPOT HEART HOT WATER BOTTLE,3,2011-12-08 09:47:00,4.95,17631,United Kingdom,14.850000000000001,2011,12,December,Thursday
581224,20996,JAZZ HEARTS ADDRESS BOOK,24,2011-12-08 09:47:00,0.19,17631,United Kingdom,4.5600000000000005,2011,12,December,Thursday
581224,47504H,ENGLISH ROSE SPIRIT LEVEL,12,2011-12-08 09:47:00,0.79,17631,United Kingdom,9.48,2011,12,December,Thursday
581224,51014A,"FEATHER PEN,HOT PINK",24,2011-12-08 09:47:00,0.39,17631,United Kingdom,9.36,2011,12,December,Thursday
581224,85071B,RED CHARLIE+LOLA PERSONAL DOORSIGN,24,2011-12-08 09:47:00,0.39,17631,United Kingdom,9.36,2011,12,December,Thursday
581224,21051,RIBBONS PURSE,6,2011-12-08 09:47:00,2.1,17631,United Kingdom,12.600000000000001,2011,12,December,Thursday
581223,23206,LUNCH BAG APPLE DESIGN,10,2011-12-08 09:46:00,1.65,15237,United Kingdom,16.5,2011,12,December,Thursday
581223,21462,"NURSERY A,B,C PAINTED LETTERS",8,2011-12-08 09:46:00,1.95,15237,United Kingdom,15.6,2011,12,December,Thursday
581223,22319,HAIRCLIPS FORTIES FABRIC ASSORTED,36,2011-12-08 09:46:00,0.19,15237,United Kingdom,6.84,2011,12,December,Thursday
581223,22509,SEWING BOX RETROSPOT DESIGN,4,2011-12-08 09:46:00,3.95,15237,United Kingdom,15.8,2011,12,December,Thursday
581223,22743,MAKE YOUR OWN FLOWERPOWER CARD KIT,12,2011-12-08 09:46:00,0.79,15237,United Kingdom,9.48,2011,12,December,Thursday
581223,22744,MAKE YOUR OWN MONSOON CARD KIT,12,2011-12-08 09:46:00,0.79,15237,United Kingdom,9.48,2011,12,December,Thursday
581223,23239,SET OF 4 KNICK KNACK TINS POPPIES,6,2011-12-08 09:46:00,1.65,15237,United Kingdom,9.899999999999999,2011,12,December,Thursday
581222,22197,POPCORN HOLDER,12,2011-12-08 09:46:00,0.85,14520,United Kingdom,10.2,2011,12,December,Thursday
581222,20685,DOORMAT RED RETROSPOT,4,2011-12-08 09:46:00,8.25,14520,United Kingdom,33.0,2011,12,December,Thursday
581222,85099B,JUMBO BAG RED RETROSPOT,30,2011-12-08 09:46:00,2.08,14520,United Kingdom,62.400000000000006,2011,12,December,Thursday
581221,23444,Next Day Carriage,1,2011-12-08 09:40:00,15.0,17856,United Kingdom,15.0,2011,12,December,Thursday
581221,85199L,LARGE HANGING IVORY & RED WOOD BIRD,60,2011-12-08 09:40:00,0.65,17856,United Kingdom,39.0,2011,12,December,Thursday
581221,22571,ROCKING HORSE RED CHRISTMAS,84,2011-12-08 09:40:00,0.85,17856,United Kingdom,71.39999999999999,2011,12,December,Thursday
581221,23211,RED ROCKING HORSE HAND PAINTED,48,2011-12-08 09:40:00,1.25,17856,United Kingdom,60.0,2011,12,December,Thursday
581221,23213,STAR WREATH DECORATION WITH BELL,36,2011-12-08 09:40:00,1.25,17856,United Kingdom,45.0,2011,12,December,Thursday
581221,23212,HEART WREATH DECORATION WITH BELL,36,2011-12-08 09:40:00,1.25,17856,United Kingdom,45.0,2011,12,December,Thursday
581220,16225,RATTLE SNAKE EGGS,24,2011-12-08 09:39:00,0.39,13924,United Kingdom,9.36,2011,12,December,Thursday
581220,16258A,SWIRLY CIRCULAR RUBBERS IN BAG,36,2011-12-08 09:39:00,0.19,13924,United Kingdom,6.84,2011,12,December,Thursday
581220,21411,GINGHAM HEART  DOORSTOP RED,8,2011-12-08 09:39:00,1.95,13924,United Kingdom,15.6,2011,12,December,Thursday
581220,21408,SPOTTY PINK DUCK DOORSTOP,8,2011-12-08 09:39:00,1.95,13924,United Kingdom,15.6,2011,12,December,Thursday
581220,22068,BLACK PIRATE TREASURE CHEST,48,2011-12-08 09:39:00,0.39,13924,United Kingdom,18.72,2011,12,December,Thursday
581220,22217,T-LIGHT HOLDER HANGING LACE,12,2011-12-08 09:39:00,0.39,13924,United Kingdom,4.68,2011,12,December,Thursday
581220,22299,PIG KEYRING WITH LIGHT & SOUND,48,2011-12-08 09:39:00,0.39,13924,United Kingdom,18.72,2011,12,December,Thursday
581220,22406,MONEY BOX KINGS CHOICE DESIGN,12,2011-12-08 09:39:00,0.39,13924,United Kingdom,4.68,2011,12,December,Thursday
581220,22464,HANGING METAL HEART LANTERN,12,2011-12-08 09:39:00,0.79,13924,United Kingdom,9.48,2011,12,December,Thursday
581220,22438,BALLOON ART MAKE YOUR OWN FLOWERS,50,2011-12-08 09:39:00,0.39,13924,United Kingdom,19.5,2011,12,December,Thursday
581220,22496,SET OF 2 ROUND TINS DUTCH CHEESE,12,2011-12-08 09:39:00,0.79,13924,United Kingdom,9.48,2011,12,December,Thursday
581220,22500,SET OF 2 TINS JARDIN DE PROVENCE,6,2011-12-08 09:39:00,1.25,13924,United Kingdom,7.5,2011,12,December,Thursday
581220,22646,CERAMIC STRAWBERRY CAKE MONEY BANK,36,2011-12-08 09:39:00,0.39,13924,United Kingdom,14.040000000000001,2011,12,December,Thursday
581220,22644,CERAMIC CHERRY CAKE MONEY BANK,36,2011-12-08 09:39:00,0.39,13924,United Kingdom,14.040000000000001,2011,12,December,Thursday
581220,22723,SET OF 6 HERB TINS SKETCHBOOK,12,2011-12-08 09:39:00,1.25,13924,United Kingdom,15.0,2011,12,December,Thursday
581220,22753,SMALL YELLOW BABUSHKA NOTEBOOK,24,2011-12-08 09:39:00,0.21,13924,United Kingdom,5.04,2011,12,December,Thursday
581220,22754,SMALL RED BABUSHKA NOTEBOOK,24,2011-12-08 09:39:00,0.21,13924,United Kingdom,5.04,2011,12,December,Thursday
581220,84971S,SMALL HEART FLOWERS HOOK,24,2011-12-08 09:39:00,0.39,13924,United Kingdom,9.36,2011,12,December,Thursday
581220,20992,JAZZ HEARTS PURSE NOTEBOOK,24,2011-12-08 09:39:00,0.39,13924,United Kingdom,9.36,2011,12,December,Thursday
581220,35953,FOLKART STAR CHRISTMAS DECORATIONS,24,2011-12-08 09:39:00,0.39,13924,United Kingdom,9.36,2011,12,December,Thursday
581220,23506,MINI PLAYING CARDS SPACEBOY,20,2011-12-08 09:39:00,0.42,13924,United Kingdom,8.4,2011,12,December,Thursday
581220,22422,TOOTHPASTE TUBE PEN,50,2011-12-08 09:39:00,0.12,13924,United Kingdom,6.0,2011,12,December,Thursday
581220,21115,ROSE CARAVAN DOORSTOP,8,2011-12-08 09:39:00,1.95,13924,United Kingdom,15.6,2011,12,December,Thursday
581220,22544,MINI JIGSAW SPACEBOY,48,2011-12-08 09:39:00,0.19,13924,United Kingdom,9.120000000000001,2011,12,December,Thursday
581220,23235,STORAGE TIN VINTAGE LEAF,12,2011-12-08 09:39:00,1.25,13924,United Kingdom,15.0,2011,12,December,Thursday
581220,23425,STORAGE TIN HOME SWEET HOME,12,2011-12-08 09:39:00,0.79,13924,United Kingdom,9.48,2011,12,December,Thursday
581220,22969,HOMEMADE JAM SCENTED CANDLES,12,2011-12-08 09:39:00,1.45,13924,United Kingdom,17.4,2011,12,December,Thursday
581218,21111,"SWISS ROLL TOWEL, CHOCOLATE  SPOTS",24,2011-12-08 09:23:00,1.25,14191,United Kingdom,30.0,2011,12,December,Thursday
581218,21109,LARGE CAKE TOWEL CHOCOLATE SPOTS,12,2011-12-08 09:23:00,1.95,14191,United Kingdom,23.4,2011,12,December,Thursday
581218,21285,RETROSPOT CANDLE  MEDIUM,12,2011-12-08 09:23:00,0.39,14191,United Kingdom,4.68,2011,12,December,Thursday
581218,21441,BLUE BIRDHOUSE DECORATION,24,2011-12-08 09:23:00,0.19,14191,United Kingdom,4.5600000000000005,2011,12,December,Thursday
581218,22057,CERAMIC PLATE STRAWBERRY DESIGN,32,2011-12-08 09:23:00,0.39,14191,United Kingdom,12.48,2011,12,December,Thursday
581218,22059,CERAMIC STRAWBERRY DESIGN MUG,24,2011-12-08 09:23:00,0.39,14191,United Kingdom,9.36,2011,12,December,Thursday
581218,22061,LARGE CAKE STAND  HANGING STRAWBERY,8,2011-12-08 09:23:00,2.95,14191,United Kingdom,23.6,2011,12,December,Thursday
581218,22055,MINI CAKE STAND  HANGING STRAWBERY,16,2011-12-08 09:23:00,0.39,14191,United Kingdom,6.24,2011,12,December,Thursday
581218,22063,CERAMIC BOWL WITH STRAWBERRY DESIGN,18,2011-12-08 09:23:00,0.79,14191,United Kingdom,14.22,2011,12,December,Thursday
581218,22072,RED RETROSPOT TEA CUP AND SAUCER,12,2011-12-08 09:23:00,1.25,14191,United Kingdom,15.0,2011,12,December,Thursday
581218,22199,FRYING PAN RED RETROSPOT,6,2011-12-08 09:23:00,1.25,14191,United Kingdom,7.5,2011,12,December,Thursday
581218,22200,FRYING PAN PINK POLKADOT,6,2011-12-08 09:23:00,1.25,14191,United Kingdom,7.5,2011,12,December,Thursday
581218,22201,FRYING PAN BLUE POLKADOT,6,2011-12-08 09:23:00,1.25,14191,United Kingdom,7.5,2011,12,December,Thursday
581218,22203,MILK PAN RED RETROSPOT,6,2011-12-08 09:23:00,1.25,14191,United Kingdom,7.5,2011,12,December,Thursday
581218,22204,MILK PAN BLUE POLKADOT,6,2011-12-08 09:23:00,1.25,14191,United Kingdom,7.5,2011,12,December,Thursday
581218,22220,CAKE STAND LOVEBIRD 2 TIER WHITE,6,2011-12-08 09:23:00,2.95,14191,United Kingdom,17.700000000000003,2011,12,December,Thursday
581218,22215,CAKE STAND WHITE TWO TIER LACE,6,2011-12-08 09:23:00,2.95,14191,United Kingdom,17.700000000000003,2011,12,December,Thursday
581218,22221,CAKE STAND LOVEBIRD 2 TIER PINK,6,2011-12-08 09:23:00,2.95,14191,United Kingdom,17.700000000000003,2011,12,December,Thursday
581218,22319,HAIRCLIPS FORTIES FABRIC ASSORTED,72,2011-12-08 09:23:00,0.19,14191,United Kingdom,13.68,2011,12,December,Thursday
581218,84817,DANISH ROSE DECORATIVE PLATE,24,2011-12-08 09:23:00,0.39,14191,United Kingdom,9.36,2011,12,December,Thursday
581218,84819,DANISH ROSE ROUND SEWING BOX,16,2011-12-08 09:23:00,0.79,14191,United Kingdom,12.64,2011,12,December,Thursday
581218,84820,DANISH ROSE TRINKET TRAYS,16,2011-12-08 09:23:00,0.79,14191,United Kingdom,12.64,2011,12,December,Thursday
581218,84821,DANISH ROSE DELUXE COASTER,24,2011-12-08 09:23:00,0.19,14191,United Kingdom,4.5600000000000005,2011,12,December,Thursday
581218,23552,BICYCLE PUNCTURE REPAIR KIT,6,2011-12-08 09:23:00,2.08,14191,United Kingdom,12.48,2011,12,December,Thursday
581218,23583,LUNCH BAG PAISLEY PARK,10,2011-12-08 09:23:00,1.65,14191,United Kingdom,16.5,2011,12,December,Thursday
581218,23582,VINTAGE DOILY JUMBO BAG RED,10,2011-12-08 09:23:00,2.08,14191,United Kingdom,20.8,2011,12,December,Thursday
581218,23201,JUMBO BAG ALPHABET,10,2011-12-08 09:23:00,2.08,14191,United Kingdom,20.8,2011,12,December,Thursday
581218,23581,JUMBO BAG PAISLEY PARK,10,2011-12-08 09:23:00,2.08,14191,United Kingdom,20.8,2011,12,December,Thursday
581218,22356,CHARLOTTE BAG PINK POLKADOT,10,2011-12-08 09:23:00,0.85,14191,United Kingdom,8.5,2011,12,December,Thursday
581218,20724,RED RETROSPOT CHARLOTTE BAG,10,2011-12-08 09:23:00,0.85,14191,United Kingdom,8.5,2011,12,December,Thursday
581218,20725,LUNCH BAG RED RETROSPOT,10,2011-12-08 09:23:00,1.65,14191,United Kingdom,16.5,2011,12,December,Thursday
581218,21108,FAIRY CAKE FLANNEL ASSORTED COLOUR,18,2011-12-08 09:23:00,0.79,14191,United Kingdom,14.22,2011,12,December,Thursday
581216,48187,DOORMAT NEW ENGLAND,4,2011-12-08 09:06:00,8.25,16523,United Kingdom,33.0,2011,12,December,Thursday
581216,48194,DOORMAT HEARTS,4,2011-12-08 09:06:00,8.25,16523,United Kingdom,33.0,2011,12,December,Thursday
581216,48185,DOORMAT FAIRY CAKE,4,2011-12-08 09:06:00,8.25,16523,United Kingdom,33.0,2011,12,December,Thursday
581216,23283,DOORMAT VINTAGE LEAF,2,2011-12-08 09:06:00,8.25,16523,United Kingdom,16.5,2011,12,December,Thursday
581216,48129,DOORMAT TOPIARY,2,2011-12-08 09:06:00,8.25,16523,United Kingdom,16.5,2011,12,December,Thursday
581216,23284,DOORMAT KEEP CALM AND COME IN,2,2011-12-08 09:06:00,8.25,16523,United Kingdom,16.5,2011,12,December,Thursday
581216,22690,DOORMAT HOME SWEET HOME BLUE,2,2011-12-08 09:06:00,8.25,16523,United Kingdom,16.5,2011,12,December,Thursday
581216,20685,DOORMAT RED RETROSPOT,2,2011-12-08 09:06:00,8.25,16523,United Kingdom,16.5,2011,12,December,Thursday
581216,23202,JUMBO BAG VINTAGE LEAF,30,2011-12-08 09:06:00,2.08,16523,United Kingdom,62.400000000000006,2011,12,December,Thursday
581216,23581,JUMBO BAG PAISLEY PARK,30,2011-12-08 09:06:00,2.08,16523,United Kingdom,62.400000000000006,2011,12,December,Thursday
581216,20713,JUMBO BAG OWLS,20,2011-12-08 09:06:00,2.08,16523,United Kingdom,41.6,2011,12,December,Thursday
581216,21930,JUMBO STORAGE BAG SKULLS,20,2011-12-08 09:06:00,2.08,16523,United Kingdom,41.6,2011,12,December,Thursday
581216,22411,JUMBO SHOPPER VINTAGE RED PAISLEY,30,2011-12-08 09:06:00,2.08,16523,United Kingdom,62.400000000000006,2011,12,December,Thursday
581216,22385,JUMBO BAG SPACEBOY DESIGN,20,2011-12-08 09:06:00,2.08,16523,United Kingdom,41.6,2011,12,December,Thursday
581216,85099C,JUMBO  BAG BAROQUE BLACK WHITE,30,2011-12-08 09:06:00,2.08,16523,United Kingdom,62.400000000000006,2011,12,December,Thursday
581216,23582,VINTAGE DOILY JUMBO BAG RED,30,2011-12-08 09:06:00,2.08,16523,United Kingdom,62.400000000000006,2011,12,December,Thursday
581216,23344,JUMBO BAG 50'S CHRISTMAS,30,2011-12-08 09:06:00,2.08,16523,United Kingdom,62.400000000000006,2011,12,December,Thursday
581216,85099B,JUMBO BAG RED RETROSPOT,30,2011-12-08 09:06:00,2.08,16523,United Kingdom,62.400000000000006,2011,12,December,Thursday
581216,22059,CERAMIC STRAWBERRY DESIGN MUG,24,2011-12-08 09:06:00,0.39,16523,United Kingdom,9.36,2011,12,December,Thursday
581216,22057,CERAMIC PLATE STRAWBERRY DESIGN,16,2011-12-08 09:06:00,0.39,16523,United Kingdom,6.24,2011,12,December,Thursday
581216,22599,CHRISTMAS MUSICAL ZINC STAR,48,2011-12-08 09:06:00,0.29,16523,United Kingdom,13.919999999999998,2011,12,December,Thursday
581216,22597,MUSICAL ZINC HEART DECORATION,48,2011-12-08 09:06:00,0.29,16523,United Kingdom,13.919999999999998,2011,12,December,Thursday
581216,22055,MINI CAKE STAND  HANGING STRAWBERY,32,2011-12-08 09:06:00,0.39,16523,United Kingdom,12.48,2011,12,December,Thursday
581216,22061,LARGE CAKE STAND  HANGING STRAWBERY,8,2011-12-08 09:06:00,2.95,16523,United Kingdom,23.6,2011,12,December,Thursday
581215,20983,12 PENCILS TALL TUBE RED RETROSPOT,24,2011-12-08 09:05:00,0.85,13408,United Kingdom,20.4,2011,12,December,Thursday
581215,22421,LIPSTICK PEN FUSCHIA,48,2011-12-08 09:05:00,0.42,13408,United Kingdom,20.16,2011,12,December,Thursday
581215,22727,ALARM CLOCK BAKELIKE RED,12,2011-12-08 09:05:00,3.75,13408,United Kingdom,45.0,2011,12,December,Thursday
581215,22809,SET OF 6 T-LIGHTS SANTA,36,2011-12-08 09:05:00,2.55,13408,United Kingdom,91.8,2011,12,December,Thursday
581215,23382,BOX OF 6 CHRISTMAS CAKE DECORATIONS,36,2011-12-08 09:05:00,3.29,13408,United Kingdom,118.44,2011,12,December,Thursday
581215,21181,PLEASE ONE PERSON METAL SIGN,48,2011-12-08 09:05:00,1.85,13408,United Kingdom,88.80000000000001,2011,12,December,Thursday
581215,22695,WICKER WREATH SMALL,36,2011-12-08 09:05:00,0.59,13408,United Kingdom,21.24,2011,12,December,Thursday
581215,23370,SET 36 COLOURING PENCILS DOILY,32,2011-12-08 09:05:00,1.25,13408,United Kingdom,40.0,2011,12,December,Thursday
581214,23494,VINTAGE DOILY DELUXE SEWING KIT,12,2011-12-08 08:32:00,5.95,14251,United Kingdom,71.4,2011,12,December,Thursday
581214,22969,HOMEMADE JAM SCENTED CANDLES,60,2011-12-08 08:32:00,1.45,14251,United Kingdom,87.0,2011,12,December,Thursday
581214,22910,PAPER CHAIN KIT VINTAGE CHRISTMAS,40,2011-12-08 08:32:00,2.55,14251,United Kingdom,102.0,2011,12,December,Thursday
581214,22734,SET OF 6 RIBBONS VINTAGE CHRISTMAS,12,2011-12-08 08:32:00,2.89,14251,United Kingdom,34.68,2011,12,December,Thursday
581214,22621,TRADITIONAL KNITTING NANCY,12,2011-12-08 08:32:00,1.65,14251,United Kingdom,19.799999999999997,2011,12,December,Thursday
581214,22144,CHRISTMAS CRAFT LITTLE FRIENDS,12,2011-12-08 08:32:00,2.1,14251,United Kingdom,25.200000000000003,2011,12,December,Thursday
581214,22086,PAPER CHAIN KIT 50'S CHRISTMAS,40,2011-12-08 08:32:00,2.55,14251,United Kingdom,102.0,2011,12,December,Thursday
581214,21914,BLUE HARMONICA IN BOX,12,2011-12-08 08:32:00,1.25,14251,United Kingdom,15.0,2011,12,December,Thursday
581214,21791,VINTAGE HEADS AND TAILS CARD GAME,12,2011-12-08 08:32:00,1.25,14251,United Kingdom,15.0,2011,12,December,Thursday
581214,21790,VINTAGE SNAP CARDS,12,2011-12-08 08:32:00,0.85,14251,United Kingdom,10.2,2011,12,December,Thursday
581196,23461,SWEETHEART BIRD HOUSE,4,2011-12-07 17:25:00,4.15,12935,United Kingdom,16.6,2011,12,December,Wednesday
581196,84378,SET OF 3 HEART COOKIE CUTTERS,12,2011-12-07 17:25:00,1.45,12935,United Kingdom,17.4,2011,12,December,Wednesday
581196,23504,PLAYING CARDS JUBILEE UNION JACK,12,2011-12-07 17:25:00,1.25,12935,United Kingdom,15.0,2011,12,December,Wednesday
581196,22418,10 COLOUR SPACEBOY PEN,48,2011-12-07 17:25:00,0.85,12935,United Kingdom,40.8,2011,12,December,Wednesday
581196,23310,BUBBLEGUM RING ASSORTED,36,2011-12-07 17:25:00,0.42,12935,United Kingdom,15.12,2011,12,December,Wednesday
581196,22961,JAM MAKING SET PRINTED,12,2011-12-07 17:25:00,1.45,12935,United Kingdom,17.4,2011,12,December,Wednesday
581196,23307,SET OF 60 PANTRY DESIGN CAKE CASES,24,2011-12-07 17:25:00,0.55,12935,United Kingdom,13.200000000000001,2011,12,December,Wednesday
581196,20685,DOORMAT RED RETROSPOT,2,2011-12-07 17:25:00,8.25,12935,United Kingdom,16.5,2011,12,December,Wednesday
581196,22558,CLOTHES PEGS RETROSPOT PACK 24,12,2011-12-07 17:25:00,1.65,12935,United Kingdom,19.799999999999997,2011,12,December,Wednesday
581196,22489,PACK OF 12 TRADITIONAL CRAYONS,24,2011-12-07 17:25:00,0.42,12935,United Kingdom,10.08,2011,12,December,Wednesday
581196,23570,TRADITIONAL PICK UP STICKS GAME,24,2011-12-07 17:25:00,1.25,12935,United Kingdom,30.0,2011,12,December,Wednesday
581196,85099B,JUMBO BAG RED RETROSPOT,10,2011-12-07 17:25:00,2.08,12935,United Kingdom,20.8,2011,12,December,Wednesday
581196,23581,JUMBO BAG PAISLEY PARK,10,2011-12-07 17:25:00,2.08,12935,United Kingdom,20.8,2011,12,December,Wednesday
581196,22411,JUMBO SHOPPER VINTAGE RED PAISLEY,10,2011-12-07 17:25:00,2.08,12935,United Kingdom,20.8,2011,12,December,Wednesday
581196,84992,72 SWEETHEART FAIRY CAKE CASES,24,2011-12-07 17:25:00,0.55,12935,United Kingdom,13.200000000000001,2011,12,December,Wednesday
581196,21210,SET OF 72 RETROSPOT PAPER  DOILIES,12,2011-12-07 17:25:00,1.45,12935,United Kingdom,17.4,2011,12,December,Wednesday
581196,21212,PACK OF 72 RETROSPOT CAKE CASES,24,2011-12-07 17:25:00,0.55,12935,United Kingdom,13.200000000000001,2011,12,December,Wednesday
581196,22952,60 CAKE CASES VINTAGE CHRISTMAS,24,2011-12-07 17:25:00,0.55,12935,United Kingdom,13.200000000000001,2011,12,December,Wednesday
581195,23552,BICYCLE PUNCTURE REPAIR KIT,6,2011-12-07 17:22:00,2.08,12935,United Kingdom,12.48,2011,12,December,Wednesday
581194,22059,CERAMIC STRAWBERRY DESIGN MUG,48,2011-12-07 17:17:00,0.39,15298,United Kingdom,18.72,2011,12,December,Wednesday
581194,21563,RED HEART SHAPE LOVE BUCKET,24,2011-12-07 17:17:00,0.79,15298,United Kingdom,18.96,2011,12,December,Wednesday
581194,22064,PINK DOUGHNUT TRINKET POT,48,2011-12-07 17:17:00,0.39,15298,United Kingdom,18.72,2011,12,December,Wednesday
581194,22190,LOCAL CAFE MUG,24,2011-12-07 17:17:00,0.39,15298,United Kingdom,9.36,2011,12,December,Wednesday
581194,22422,TOOTHPASTE TUBE PEN,50,2011-12-07 17:17:00,0.12,15298,United Kingdom,6.0,2011,12,December,Wednesday
581194,22646,CERAMIC STRAWBERRY CAKE MONEY BANK,36,2011-12-07 17:17:00,0.39,15298,United Kingdom,14.040000000000001,2011,12,December,Wednesday
581194,22644,CERAMIC CHERRY CAKE MONEY BANK,36,2011-12-07 17:17:00,0.39,15298,United Kingdom,14.040000000000001,2011,12,December,Wednesday
581194,22647,CERAMIC LOVE HEART MONEY BANK,36,2011-12-07 17:17:00,0.39,15298,United Kingdom,14.040000000000001,2011,12,December,Wednesday
581194,22645,CERAMIC HEART FAIRY CAKE MONEY BANK,36,2011-12-07 17:17:00,0.39,15298,United Kingdom,14.040000000000001,2011,12,December,Wednesday
581194,22807,SET OF 6 T-LIGHTS TOADSTOOLS,12,2011-12-07 17:17:00,1.25,15298,United Kingdom,15.0,2011,12,December,Wednesday
581194,23239,SET OF 4 KNICK KNACK TINS POPPIES,6,2011-12-07 17:17:00,1.65,15298,United Kingdom,9.899999999999999,2011,12,December,Wednesday
581194,35001G,HAND OPEN SHAPE GOLD,12,2011-12-07 17:17:00,1.25,15298,United Kingdom,15.0,2011,12,December,Wednesday
581194,35004G,SET OF 3 GOLD FLYING DUCKS,12,2011-12-07 17:17:00,1.95,15298,United Kingdom,23.4,2011,12,December,Wednesday
581194,21098,CHRISTMAS TOILET ROLL,24,2011-12-07 17:17:00,1.25,15298,United Kingdom,30.0,2011,12,December,Wednesday
581194,22355,CHARLOTTE BAG SUKI DESIGN,10,2011-12-07 17:17:00,0.85,15298,United Kingdom,8.5,2011,12,December,Wednesday
581194,22661,CHARLOTTE BAG DOLLY GIRL DESIGN,10,2011-12-07 17:17:00,0.85,15298,United Kingdom,8.5,2011,12,December,Wednesday
581194,79321,CHILLI LIGHTS,4,2011-12-07 17:17:00,5.75,15298,United Kingdom,23.0,2011,12,December,Wednesday
581194,22941,CHRISTMAS LIGHTS 10 REINDEER,6,2011-12-07 17:17:00,8.5,15298,United Kingdom,51.0,2011,12,December,Wednesday
581193,21135,VICTORIAN  METAL POSTCARD SPRING,4,2011-12-07 17:05:00,1.69,17097,Spain,6.76,2011,12,December,Wednesday
581193,72349B,SET/6 PURPLE BUTTERFLY T-LIGHTS,1,2011-12-07 17:05:00,2.1,17097,Spain,2.1,2011,12,December,Wednesday
581193,85034B,3 WHITE CHOC MORRIS BOXED CANDLES,4,2011-12-07 17:05:00,1.25,17097,Spain,5.0,2011,12,December,Wednesday
581193,84843,WHITE SOAP RACK WITH 2 BOTTLES,2,2011-12-07 17:05:00,5.95,17097,Spain,11.9,2011,12,December,Wednesday
581193,21216,"SET 3 RETROSPOT TEA,COFFEE,SUGAR",1,2011-12-07 17:05:00,4.95,17097,Spain,4.95,2011,12,December,Wednesday
581193,23321,SMALL WHITE HEART OF WICKER,1,2011-12-07 17:05:00,1.65,17097,Spain,1.65,2011,12,December,Wednesday
581193,22469,HEART OF WICKER SMALL,1,2011-12-07 17:05:00,1.65,17097,Spain,1.65,2011,12,December,Wednesday
581193,21883,STARS GIFT TAPE,2,2011-12-07 17:05:00,0.65,17097,Spain,1.3,2011,12,December,Wednesday
581193,21880,RED RETROSPOT TAPE,2,2011-12-07 17:05:00,0.65,17097,Spain,1.3,2011,12,December,Wednesday
581193,23493,VINTAGE DOILY TRAVEL SEWING KIT,2,2011-12-07 17:05:00,1.95,17097,Spain,3.9,2011,12,December,Wednesday
581193,22645,CERAMIC HEART FAIRY CAKE MONEY BANK,1,2011-12-07 17:05:00,0.39,17097,Spain,0.39,2011,12,December,Wednesday
581193,22644,CERAMIC CHERRY CAKE MONEY BANK,1,2011-12-07 17:05:00,0.39,17097,Spain,0.39,2011,12,December,Wednesday
581193,22464,HANGING METAL HEART LANTERN,1,2011-12-07 17:05:00,0.79,17097,Spain,0.79,2011,12,December,Wednesday
581193,22465,HANGING METAL STAR LANTERN,1,2011-12-07 17:05:00,0.79,17097,Spain,0.79,2011,12,December,Wednesday
581193,85123A,WHITE HANGING HEART T-LIGHT HOLDER,1,2011-12-07 17:05:00,2.95,17097,Spain,2.95,2011,12,December,Wednesday
581193,21733,RED HANGING HEART T-LIGHT HOLDER,1,2011-12-07 17:05:00,2.95,17097,Spain,2.95,2011,12,December,Wednesday
581193,22219,LOVEBIRD HANGING DECORATION WHITE,4,2011-12-07 17:05:00,0.85,17097,Spain,3.4,2011,12,December,Wednesday
581193,23265,SET OF 3 WOODEN TREE DECORATIONS,2,2011-12-07 17:05:00,1.25,17097,Spain,2.5,2011,12,December,Wednesday
581193,23227,FILIGREE HEART BUTTERFLY WHITE,4,2011-12-07 17:05:00,1.25,17097,Spain,5.0,2011,12,December,Wednesday
581193,23266,SET OF 3 WOODEN STOCKING DECORATION,2,2011-12-07 17:05:00,1.25,17097,Spain,2.5,2011,12,December,Wednesday
581193,23264,SET OF 3 WOODEN SLEIGH DECORATIONS,2,2011-12-07 17:05:00,1.25,17097,Spain,2.5,2011,12,December,Wednesday
581193,23263,SET OF 3 WOODEN HEART DECORATIONS,2,2011-12-07 17:05:00,1.25,17097,Spain,2.5,2011,12,December,Wednesday
581193,72741,GRAND CHOCOLATECANDLE,9,2011-12-07 17:05:00,1.45,17097,Spain,13.049999999999999,2011,12,December,Wednesday
581193,23452,HEART MINI PORTRAIT FRAME,2,2011-12-07 17:05:00,1.95,17097,Spain,3.9,2011,12,December,Wednesday
581193,22907,PACK OF 20 NAPKINS PANTRY DESIGN,1,2011-12-07 17:05:00,0.85,17097,Spain,0.85,2011,12,December,Wednesday
581193,22851,SET 20 NAPKINS FAIRY CAKES DESIGN,1,2011-12-07 17:05:00,0.85,17097,Spain,0.85,2011,12,December,Wednesday
581193,23209,LUNCH BAG VINTAGE DOILY,1,2011-12-07 17:05:00,1.65,17097,Spain,1.65,2011,12,December,Wednesday
581193,22662,LUNCH BAG DOLLY GIRL DESIGN,1,2011-12-07 17:05:00,1.65,17097,Spain,1.65,2011,12,December,Wednesday
581193,23583,LUNCH BAG PAISLEY PARK,1,2011-12-07 17:05:00,1.65,17097,Spain,1.65,2011,12,December,Wednesday
581193,22896,PEG BAG APPLES DESIGN,1,2011-12-07 17:05:00,2.55,17097,Spain,2.55,2011,12,December,Wednesday
581193,23203,JUMBO BAG VINTAGE DOILY,1,2011-12-07 17:05:00,2.08,17097,Spain,2.08,2011,12,December,Wednesday
581193,22393,PAPERWEIGHT VINTAGE COLLAGE,2,2011-12-07 17:05:00,0.39,17097,Spain,0.78,2011,12,December,Wednesday
581193,22391,PAPERWEIGHT HOME SWEET HOME,2,2011-12-07 17:05:00,0.39,17097,Spain,0.78,2011,12,December,Wednesday
581193,23454,THREE MINI HANGING FRAMES,1,2011-12-07 17:05:00,4.15,17097,Spain,4.15,2011,12,December,Wednesday
581193,84536A,ENGLISH ROSE NOTEBOOK A7 SIZE,2,2011-12-07 17:05:00,0.42,17097,Spain,0.84,2011,12,December,Wednesday
581193,84535B,FAIRY CAKES NOTEBOOK A6 SIZE,2,2011-12-07 17:05:00,0.65,17097,Spain,1.3,2011,12,December,Wednesday
581193,22755,SMALL PURPLE BABUSHKA NOTEBOOK,1,2011-12-07 17:05:00,0.21,17097,Spain,0.21,2011,12,December,Wednesday
581193,22753,SMALL YELLOW BABUSHKA NOTEBOOK,1,2011-12-07 17:05:00,0.21,17097,Spain,0.21,2011,12,December,Wednesday
581193,22754,SMALL RED BABUSHKA NOTEBOOK,1,2011-12-07 17:05:00,0.21,17097,Spain,0.21,2011,12,December,Wednesday
581193,23372,SET 36 COLOUR PENCILS DOLLY GIRL,1,2011-12-07 17:05:00,1.25,17097,Spain,1.25,2011,12,December,Wednesday
581193,23371,SET 36 COLOUR PENCILS SPACEBOY,1,2011-12-07 17:05:00,1.25,17097,Spain,1.25,2011,12,December,Wednesday
581193,23254,CHILDRENS CUTLERY DOLLY GIRL,1,2011-12-07 17:05:00,4.15,17097,Spain,4.15,2011,12,December,Wednesday
581193,22326,ROUND SNACK BOXES SET OF4 WOODLAND,2,2011-12-07 17:05:00,2.95,17097,Spain,5.9,2011,12,December,Wednesday
581193,22629,SPACEBOY LUNCH BOX,1,2011-12-07 17:05:00,1.95,17097,Spain,1.95,2011,12,December,Wednesday
581193,22631,CIRCUS PARADE LUNCH BOX,1,2011-12-07 17:05:00,1.95,17097,Spain,1.95,2011,12,December,Wednesday
581193,23290,SPACEBOY CHILDRENS BOWL,2,2011-12-07 17:05:00,1.25,17097,Spain,2.5,2011,12,December,Wednesday
581193,23289,DOLLY GIRL CHILDRENS BOWL,2,2011-12-07 17:05:00,1.25,17097,Spain,2.5,2011,12,December,Wednesday
581193,23292,SPACEBOY CHILDRENS CUP,2,2011-12-07 17:05:00,1.25,17097,Spain,2.5,2011,12,December,Wednesday
581193,23291,DOLLY GIRL CHILDRENS CUP,2,2011-12-07 17:05:00,1.25,17097,Spain,2.5,2011,12,December,Wednesday
581193,85232D,SET/3 DECOUPAGE STACKING TINS,1,2011-12-07 17:05:00,4.95,17097,Spain,4.95,2011,12,December,Wednesday
581193,22721,SET OF 3 CAKE TINS SKETCHBOOK,2,2011-12-07 17:05:00,1.95,17097,Spain,3.9,2011,12,December,Wednesday
581193,23241,TREASURE TIN GYMKHANA DESIGN,1,2011-12-07 17:05:00,2.08,17097,Spain,2.08,2011,12,December,Wednesday
581193,23247,BISCUIT TIN 50'S CHRISTMAS,1,2011-12-07 17:05:00,2.89,17097,Spain,2.89,2011,12,December,Wednesday
581192,21108,FAIRY CAKE FLANNEL ASSORTED COLOUR,18,2011-12-07 17:05:00,0.79,15883,United Kingdom,14.22,2011,12,December,Wednesday
581192,21109,LARGE CAKE TOWEL CHOCOLATE SPOTS,2,2011-12-07 17:05:00,1.95,15883,United Kingdom,3.9,2011,12,December,Wednesday
581192,72349B,SET/6 PURPLE BUTTERFLY T-LIGHTS,3,2011-12-07 17:05:00,2.1,15883,United Kingdom,6.300000000000001,2011,12,December,Wednesday
581192,23351,ROLL WRAP 50'S CHRISTMAS,1,2011-12-07 17:05:00,1.25,15883,United Kingdom,1.25,2011,12,December,Wednesday
581192,23352,ROLL WRAP 50'S RED CHRISTMAS,1,2011-12-07 17:05:00,1.25,15883,United Kingdom,1.25,2011,12,December,Wednesday
581192,20679,EDWARDIAN PARASOL RED,2,2011-12-07 17:05:00,5.95,15883,United Kingdom,11.9,2011,12,December,Wednesday
581192,22891,TEA FOR ONE POLKADOT,2,2011-12-07 17:05:00,4.25,15883,United Kingdom,8.5,2011,12,December,Wednesday
581192,22305,COFFEE MUG PINK PAISLEY DESIGN,12,2011-12-07 17:05:00,2.55,15883,United Kingdom,30.599999999999998,2011,12,December,Wednesday
581192,22303,COFFEE MUG APPLES DESIGN,12,2011-12-07 17:05:00,2.55,15883,United Kingdom,30.599999999999998,2011,12,December,Wednesday
581192,37500,TEA TIME TEAPOT IN GIFT BOX,2,2011-12-07 17:05:00,4.95,15883,United Kingdom,9.9,2011,12,December,Wednesday
581192,85034B,3 WHITE CHOC MORRIS BOXED CANDLES,3,2011-12-07 17:05:00,1.25,15883,United Kingdom,3.75,2011,12,December,Wednesday
581192,22654,DELUXE SEWING KIT,2,2011-12-07 17:05:00,5.95,15883,United Kingdom,11.9,2011,12,December,Wednesday
581192,22898,CHILDRENS APRON APPLES DESIGN,2,2011-12-07 17:05:00,1.95,15883,United Kingdom,3.9,2011,12,December,Wednesday
581192,22895,SET OF 2 TEA TOWELS APPLE AND PEARS,1,2011-12-07 17:05:00,3.25,15883,United Kingdom,3.25,2011,12,December,Wednesday
581192,22897,OVEN MITT APPLES DESIGN,2,2011-12-07 17:05:00,1.45,15883,United Kingdom,2.9,2011,12,December,Wednesday
581192,72741,GRAND CHOCOLATECANDLE,9,2011-12-07 17:05:00,1.45,15883,United Kingdom,13.049999999999999,2011,12,December,Wednesday
581192,23493,VINTAGE DOILY TRAVEL SEWING KIT,3,2011-12-07 17:05:00,1.95,15883,United Kingdom,5.85,2011,12,December,Wednesday
581192,22423,REGENCY CAKESTAND 3 TIER,2,2011-12-07 17:05:00,12.75,15883,United Kingdom,25.5,2011,12,December,Wednesday
581192,21616,4 PEAR BOTANICAL DINNER CANDLES,2,2011-12-07 17:05:00,3.75,15883,United Kingdom,7.5,2011,12,December,Wednesday
581192,21620,SET OF 4 ROSE BOTANICAL CANDLES,3,2011-12-07 17:05:00,1.25,15883,United Kingdom,3.75,2011,12,December,Wednesday
581192,23355,HOT WATER BOTTLE KEEP CALM,1,2011-12-07 17:05:00,4.95,15883,United Kingdom,4.95,2011,12,December,Wednesday
581192,22111,SCOTTIE DOG HOT WATER BOTTLE,2,2011-12-07 17:05:00,4.95,15883,United Kingdom,9.9,2011,12,December,Wednesday
581192,23357,HOT WATER BOTTLE SEX BOMB,1,2011-12-07 17:05:00,1.65,15883,United Kingdom,1.65,2011,12,December,Wednesday
581192,22819,"BIRTHDAY CARD, RETRO SPOT",12,2011-12-07 17:05:00,0.42,15883,United Kingdom,5.04,2011,12,December,Wednesday
581192,22031,BOTANICAL LAVENDER BIRTHDAY CARD,12,2011-12-07 17:05:00,0.42,15883,United Kingdom,5.04,2011,12,December,Wednesday
581192,23695,DOILY THANK YOU CARD,12,2011-12-07 17:05:00,0.42,15883,United Kingdom,5.04,2011,12,December,Wednesday
581192,22718,CARD CAT AND TREE,12,2011-12-07 17:05:00,0.42,15883,United Kingdom,5.04,2011,12,December,Wednesday
581192,21506,"FANCY FONT BIRTHDAY CARD, ",12,2011-12-07 17:05:00,0.42,15883,United Kingdom,5.04,2011,12,December,Wednesday
581192,22071,SMALL WHITE RETROSPOT MUG IN BOX,3,2011-12-07 17:05:00,3.75,15883,United Kingdom,11.25,2011,12,December,Wednesday
581191,21370,MIRRORED WALL ART FOXY,3,2011-12-07 16:56:00,1.65,17449,United Kingdom,4.949999999999999,2011,12,December,Wednesday
581191,22796,PHOTO FRAME 3 CLASSIC HANGING,1,2011-12-07 16:56:00,9.95,17449,United Kingdom,9.95,2011,12,December,Wednesday
581191,85150,LADIES & GENTLEMEN METAL SIGN,2,2011-12-07 16:56:00,2.55,17449,United Kingdom,5.1,2011,12,December,Wednesday
581191,82582,AREA PATROLLED METAL SIGN,2,2011-12-07 16:56:00,2.1,17449,United Kingdom,4.2,2011,12,December,Wednesday
581191,82567,"AIRLINE LOUNGE,METAL SIGN",1,2011-12-07 16:56:00,2.1,17449,United Kingdom,2.1,2011,12,December,Wednesday
581191,21166,COOK WITH WINE METAL SIGN,2,2011-12-07 16:56:00,2.08,17449,United Kingdom,4.16,2011,12,December,Wednesday
581191,21174,POTTERING IN THE SHED METAL SIGN,1,2011-12-07 16:56:00,2.08,17449,United Kingdom,2.08,2011,12,December,Wednesday
581191,21164,HOME SWEET HOME METAL SIGN,1,2011-12-07 16:56:00,2.95,17449,United Kingdom,2.95,2011,12,December,Wednesday
581191,23329,DECORATIVE WICKER HEART LARGE,1,2011-12-07 16:56:00,1.65,17449,United Kingdom,1.65,2011,12,December,Wednesday
581191,22269,EGG CUP NATURAL CHICKEN,16,2011-12-07 16:56:00,0.39,17449,United Kingdom,6.24,2011,12,December,Wednesday
581191,23322,LARGE WHITE HEART OF WICKER,2,2011-12-07 16:56:00,2.95,17449,United Kingdom,5.9,2011,12,December,Wednesday
581191,23430,BLUE RETRO KITCHEN WALL CLOCK,1,2011-12-07 16:56:00,8.15,17449,United Kingdom,8.15,2011,12,December,Wednesday
581191,23143,ZINC WIRE KITCHEN ORGANISER,2,2011-12-07 16:56:00,3.95,17449,United Kingdom,7.9,2011,12,December,Wednesday
581191,23428,IVORY RETRO KITCHEN WALL CLOCK,1,2011-12-07 16:56:00,8.15,17449,United Kingdom,8.15,2011,12,December,Wednesday
581191,22795,SWEETHEART RECIPE BOOK STAND,3,2011-12-07 16:56:00,6.75,17449,United Kingdom,20.25,2011,12,December,Wednesday
581191,22728,ALARM CLOCK BAKELIKE PINK,1,2011-12-07 16:56:00,3.75,17449,United Kingdom,3.75,2011,12,December,Wednesday
581191,22726,ALARM CLOCK BAKELIKE GREEN,1,2011-12-07 16:56:00,3.75,17449,United Kingdom,3.75,2011,12,December,Wednesday
581191,22730,ALARM CLOCK BAKELIKE IVORY,1,2011-12-07 16:56:00,3.75,17449,United Kingdom,3.75,2011,12,December,Wednesday
581191,22470,HEART OF WICKER LARGE,4,2011-12-07 16:56:00,2.95,17449,United Kingdom,11.8,2011,12,December,Wednesday
581191,23457,LARGE PARLOUR PICTURE FRAME,2,2011-12-07 16:56:00,4.95,17449,United Kingdom,9.9,2011,12,December,Wednesday
581191,22178,VICTORIAN GLASS HANGING T-LIGHT,6,2011-12-07 16:56:00,1.95,17449,United Kingdom,11.7,2011,12,December,Wednesday
581191,23400,SHELF WITH 4 HOOKS HOME SWEET HOME,2,2011-12-07 16:56:00,6.25,17449,United Kingdom,12.5,2011,12,December,Wednesday
581191,22171,3 HOOK PHOTO SHELF ANTIQUE WHITE,1,2011-12-07 16:56:00,8.5,17449,United Kingdom,8.5,2011,12,December,Wednesday
581191,84880,WHITE WIRE EGG HOLDER,2,2011-12-07 16:56:00,7.5,17449,United Kingdom,15.0,2011,12,December,Wednesday
581191,82494L,WOODEN FRAME ANTIQUE WHITE,4,2011-12-07 16:56:00,2.95,17449,United Kingdom,11.8,2011,12,December,Wednesday
581191,82482,WOODEN PICTURE FRAME WHITE FINISH,2,2011-12-07 16:56:00,2.95,17449,United Kingdom,5.9,2011,12,December,Wednesday
581191,22173,METAL 4 HOOK HANGER FRENCH CHATEAU,4,2011-12-07 16:56:00,3.29,17449,United Kingdom,13.16,2011,12,December,Wednesday
581191,22866,HAND WARMER SCOTTY DOG DESIGN,4,2011-12-07 16:56:00,2.1,17449,United Kingdom,8.4,2011,12,December,Wednesday
581191,21408,SPOTTY PINK DUCK DOORSTOP,1,2011-12-07 16:56:00,1.95,17449,United Kingdom,1.95,2011,12,December,Wednesday
581191,21733,RED HANGING HEART T-LIGHT HOLDER,2,2011-12-07 16:56:00,2.95,17449,United Kingdom,5.9,2011,12,December,Wednesday
581191,23357,HOT WATER BOTTLE SEX BOMB,1,2011-12-07 16:56:00,1.65,17449,United Kingdom,1.65,2011,12,December,Wednesday
581191,21730,GLASS STAR FROSTED T-LIGHT HOLDER,1,2011-12-07 16:56:00,4.95,17449,United Kingdom,4.95,2011,12,December,Wednesday
581191,23503,PLAYING CARDS KEEP CALM & CARRY ON,2,2011-12-07 16:56:00,1.25,17449,United Kingdom,2.5,2011,12,December,Wednesday
581191,23439,HAND WARMER RED LOVE HEART,4,2011-12-07 16:56:00,2.1,17449,United Kingdom,8.4,2011,12,December,Wednesday
581191,23035,DRAWER KNOB CERAMIC IVORY,18,2011-12-07 16:56:00,1.45,17449,United Kingdom,26.099999999999998,2011,12,December,Wednesday
581191,21411,GINGHAM HEART  DOORSTOP RED,2,2011-12-07 16:56:00,1.95,17449,United Kingdom,3.9,2011,12,December,Wednesday
581191,21818,GLITTER HEART DECORATION,5,2011-12-07 16:56:00,0.39,17449,United Kingdom,1.9500000000000002,2011,12,December,Wednesday
581191,23559,WOODLAND BUNNIES LOLLY MAKERS,1,2011-12-07 16:56:00,2.08,17449,United Kingdom,2.08,2011,12,December,Wednesday
581191,23571,TRADITIONAL NAUGHTS & CROSSES,1,2011-12-07 16:56:00,1.65,17449,United Kingdom,1.65,2011,12,December,Wednesday
581191,16225,RATTLE SNAKE EGGS,1,2011-12-07 16:56:00,0.39,17449,United Kingdom,0.39,2011,12,December,Wednesday
581191,90214H,"LETTER ""H"" BLING KEY RING",1,2011-12-07 16:56:00,0.29,17449,United Kingdom,0.29,2011,12,December,Wednesday
581191,90214C,"LETTER ""C"" BLING KEY RING",1,2011-12-07 16:56:00,0.29,17449,United Kingdom,0.29,2011,12,December,Wednesday
581191,90081C,LILY BROOCH OLIVE COLOUR,1,2011-12-07 16:56:00,4.95,17449,United Kingdom,4.95,2011,12,December,Wednesday
581191,90082B,DIAMANTE BOW BROOCH RED COLOUR,1,2011-12-07 16:56:00,6.35,17449,United Kingdom,6.35,2011,12,December,Wednesday
581191,90082A,DIAMANTE BOW BROOCH GREEN COLOUR,1,2011-12-07 16:56:00,6.35,17449,United Kingdom,6.35,2011,12,December,Wednesday
581191,90183A,AMBER DROP EARRINGS W LONG BEADS,1,2011-12-07 16:56:00,2.95,17449,United Kingdom,2.95,2011,12,December,Wednesday
581191,90081A,LILY BROOCH AMETHYST COLOUR,2,2011-12-07 16:56:00,4.95,17449,United Kingdom,9.9,2011,12,December,Wednesday
581191,90073,VINTAGE ENAMEL & CRYSTAL EARRINGS,2,2011-12-07 16:56:00,4.95,17449,United Kingdom,9.9,2011,12,December,Wednesday
581191,90022,EDWARDIAN DROP EARRINGS JET BLACK,2,2011-12-07 16:56:00,3.75,17449,United Kingdom,7.5,2011,12,December,Wednesday
581191,90192,JADE DROP EARRINGS W FILIGREE,2,2011-12-07 16:56:00,4.95,17449,United Kingdom,9.9,2011,12,December,Wednesday
581191,90161C,ANT COPPER LIME BOUDICCA BRACELET,2,2011-12-07 16:56:00,4.95,17449,United Kingdom,9.9,2011,12,December,Wednesday
581191,90161D,ANT COPPER PINK BOUDICCA BRACELET,2,2011-12-07 16:56:00,4.95,17449,United Kingdom,9.9,2011,12,December,Wednesday
581191,90161A,ANT COPPER RED BOUDICCA BRACELET,2,2011-12-07 16:56:00,4.95,17449,United Kingdom,9.9,2011,12,December,Wednesday
581191,90161B,ANT COPPER TURQ BOUDICCA BRACELET,2,2011-12-07 16:56:00,4.95,17449,United Kingdom,9.9,2011,12,December,Wednesday
581191,90200B,BLACK SWEETHEART BRACELET,3,2011-12-07 16:56:00,4.25,17449,United Kingdom,12.75,2011,12,December,Wednesday
581191,90200E,GREEN SWEETHEART BRACELET,3,2011-12-07 16:56:00,4.25,17449,United Kingdom,12.75,2011,12,December,Wednesday
581191,90200D,PINK SWEETHEART BRACELET,3,2011-12-07 16:56:00,4.25,17449,United Kingdom,12.75,2011,12,December,Wednesday
581191,90200A,PURPLE SWEETHEART BRACELET,3,2011-12-07 16:56:00,4.25,17449,United Kingdom,12.75,2011,12,December,Wednesday
581188,21408,SPOTTY PINK DUCK DOORSTOP,32,2011-12-07 16:47:00,1.95,17735,United Kingdom,62.4,2011,12,December,Wednesday
581188,21417,COCKLE SHELL DISH,24,2011-12-07 16:47:00,0.79,17735,United Kingdom,18.96,2011,12,December,Wednesday
581188,21415,CLAM SHELL SMALL,24,2011-12-07 16:47:00,0.79,17735,United Kingdom,18.96,2011,12,December,Wednesday
581188,21420,OYSTER TRINKET BOX,24,2011-12-07 16:47:00,0.79,17735,United Kingdom,18.96,2011,12,December,Wednesday
581188,21592,RETROSPOT CIGAR BOX MATCHES,24,2011-12-07 16:47:00,0.39,17735,United Kingdom,9.36,2011,12,December,Wednesday
581188,22059,CERAMIC STRAWBERRY DESIGN MUG,96,2011-12-07 16:47:00,0.39,17735,United Kingdom,37.44,2011,12,December,Wednesday
581188,22061,LARGE CAKE STAND  HANGING STRAWBERY,16,2011-12-07 16:47:00,2.95,17735,United Kingdom,47.2,2011,12,December,Wednesday
581188,22055,MINI CAKE STAND  HANGING STRAWBERY,32,2011-12-07 16:47:00,0.39,17735,United Kingdom,12.48,2011,12,December,Wednesday
581188,22185,SLATE TILE NATURAL HANGING,24,2011-12-07 16:47:00,0.79,17735,United Kingdom,18.96,2011,12,December,Wednesday
581188,22299,PIG KEYRING WITH LIGHT & SOUND,96,2011-12-07 16:47:00,0.39,17735,United Kingdom,37.44,2011,12,December,Wednesday
581188,22464,HANGING METAL HEART LANTERN,48,2011-12-07 16:47:00,0.79,17735,United Kingdom,37.92,2011,12,December,Wednesday
581188,22465,HANGING METAL STAR LANTERN,24,2011-12-07 16:47:00,0.79,17735,United Kingdom,18.96,2011,12,December,Wednesday
581188,22442,GROW YOUR OWN FLOWERS SET OF 3,24,2011-12-07 16:47:00,1.95,17735,United Kingdom,46.8,2011,12,December,Wednesday
581188,22990,COTTON APRON PANTRY DESIGN,12,2011-12-07 16:47:00,1.95,17735,United Kingdom,23.4,2011,12,December,Wednesday
581188,21115,ROSE CARAVAN DOORSTOP,8,2011-12-07 16:47:00,1.95,17735,United Kingdom,15.6,2011,12,December,Wednesday
581188,21698,MOCK LOBSTER FRIDGE MAGNET,24,2011-12-07 16:47:00,0.39,17735,United Kingdom,9.36,2011,12,December,Wednesday
581188,20725,LUNCH BAG RED RETROSPOT,10,2011-12-07 16:47:00,1.65,17735,United Kingdom,16.5,2011,12,December,Wednesday
581188,20728,LUNCH BAG CARS BLUE,10,2011-12-07 16:47:00,1.65,17735,United Kingdom,16.5,2011,12,December,Wednesday
581188,20726,LUNCH BAG WOODLAND,10,2011-12-07 16:47:00,1.65,17735,United Kingdom,16.5,2011,12,December,Wednesday
581188,20727,LUNCH BAG  BLACK SKULL.,10,2011-12-07 16:47:00,1.65,17735,United Kingdom,16.5,2011,12,December,Wednesday
581188,22382,LUNCH BAG SPACEBOY DESIGN,10,2011-12-07 16:47:00,1.65,17735,United Kingdom,16.5,2011,12,December,Wednesday
581188,23209,LUNCH BAG VINTAGE DOILY,10,2011-12-07 16:47:00,1.65,17735,United Kingdom,16.5,2011,12,December,Wednesday
581188,23681,LUNCH BAG RED VINTAGE DOILY,10,2011-12-07 16:47:00,1.65,17735,United Kingdom,16.5,2011,12,December,Wednesday
581188,23208,LUNCH BAG VINTAGE LEAF DESIGN,10,2011-12-07 16:47:00,1.65,17735,United Kingdom,16.5,2011,12,December,Wednesday
581188,84375,SET OF 20 KIDS COOKIE CUTTERS,12,2011-12-07 16:47:00,2.1,17735,United Kingdom,25.200000000000003,2011,12,December,Wednesday
581188,21975,PACK OF 60 DINOSAUR CAKE CASES,24,2011-12-07 16:47:00,0.55,17735,United Kingdom,13.200000000000001,2011,12,December,Wednesday
581188,22417,PACK OF 60 SPACEBOY CAKE CASES,24,2011-12-07 16:47:00,0.55,17735,United Kingdom,13.200000000000001,2011,12,December,Wednesday
581188,21213,PACK OF 72 SKULL CAKE CASES,24,2011-12-07 16:47:00,0.55,17735,United Kingdom,13.200000000000001,2011,12,December,Wednesday
581188,21976,PACK OF 60 MUSHROOM CAKE CASES,24,2011-12-07 16:47:00,0.55,17735,United Kingdom,13.200000000000001,2011,12,December,Wednesday
581188,21977,PACK OF 60 PINK PAISLEY CAKE CASES,24,2011-12-07 16:47:00,0.55,17735,United Kingdom,13.200000000000001,2011,12,December,Wednesday
581188,22951,60 CAKE CASES DOLLY GIRL DESIGN,24,2011-12-07 16:47:00,0.55,17735,United Kingdom,13.200000000000001,2011,12,December,Wednesday
581188,23294,SET OF 6 SNACK LOAF BAKING CASES,8,2011-12-07 16:47:00,0.83,17735,United Kingdom,6.64,2011,12,December,Wednesday
581188,23295,SET OF 12 MINI LOAF BAKING CASES,8,2011-12-07 16:47:00,0.83,17735,United Kingdom,6.64,2011,12,December,Wednesday
581188,23293,SET OF 12 FAIRY CAKE BAKING CASES,8,2011-12-07 16:47:00,0.83,17735,United Kingdom,6.64,2011,12,December,Wednesday
581188,23308,SET OF 60 VINTAGE LEAF CAKE CASES,24,2011-12-07 16:47:00,0.55,17735,United Kingdom,13.200000000000001,2011,12,December,Wednesday
581188,84992,72 SWEETHEART FAIRY CAKE CASES,24,2011-12-07 16:47:00,0.55,17735,United Kingdom,13.200000000000001,2011,12,December,Wednesday
581188,23309,SET OF 60 I LOVE LONDON CAKE CASES,24,2011-12-07 16:47:00,0.55,17735,United Kingdom,13.200000000000001,2011,12,December,Wednesday
581188,22845,VINTAGE CREAM CAT FOOD CONTAINER,2,2011-12-07 16:47:00,6.35,17735,United Kingdom,12.7,2011,12,December,Wednesday
581188,22844,VINTAGE CREAM DOG FOOD CONTAINER,2,2011-12-07 16:47:00,8.5,17735,United Kingdom,17.0,2011,12,December,Wednesday
581188,21088,SET/6 FRUIT SALAD PAPER CUPS,24,2011-12-07 16:47:00,0.19,17735,United Kingdom,4.5600000000000005,2011,12,December,Wednesday
581188,23582,VINTAGE DOILY JUMBO BAG RED,10,2011-12-07 16:47:00,2.08,17735,United Kingdom,20.8,2011,12,December,Wednesday
581188,22632,HAND WARMER RED RETROSPOT,12,2011-12-07 16:47:00,2.1,17735,United Kingdom,25.200000000000003,2011,12,December,Wednesday
581188,22866,HAND WARMER SCOTTY DOG DESIGN,12,2011-12-07 16:47:00,2.1,17735,United Kingdom,25.200000000000003,2011,12,December,Wednesday
581188,22867,HAND WARMER BIRD DESIGN,12,2011-12-07 16:47:00,2.1,17735,United Kingdom,25.200000000000003,2011,12,December,Wednesday
581188,70006,LOVE HEART POCKET WARMER,30,2011-12-07 16:47:00,0.79,17735,United Kingdom,23.700000000000003,2011,12,December,Wednesday
581188,21441,BLUE BIRDHOUSE DECORATION,24,2011-12-07 16:47:00,0.19,17735,United Kingdom,4.5600000000000005,2011,12,December,Wednesday
581188,21442,GREEN BIRDHOUSE DECORATION,24,2011-12-07 16:47:00,0.19,17735,United Kingdom,4.5600000000000005,2011,12,December,Wednesday
581187,21484,CHICK GREY HOT WATER BOTTLE,8,2011-12-07 16:44:00,4.25,13756,United Kingdom,34.0,2011,12,December,Wednesday
581187,21485,RETROSPOT HEART HOT WATER BOTTLE,6,2011-12-07 16:44:00,4.95,13756,United Kingdom,29.700000000000003,2011,12,December,Wednesday
581187,22727,ALARM CLOCK BAKELIKE RED,12,2011-12-07 16:44:00,3.75,13756,United Kingdom,45.0,2011,12,December,Wednesday
581187,22726,ALARM CLOCK BAKELIKE GREEN,12,2011-12-07 16:44:00,3.75,13756,United Kingdom,45.0,2011,12,December,Wednesday
581187,23077,DOUGHNUT LIP GLOSS,100,2011-12-07 16:44:00,1.25,13756,United Kingdom,125.0,2011,12,December,Wednesday
581187,22866,HAND WARMER SCOTTY DOG DESIGN,24,2011-12-07 16:44:00,2.1,13756,United Kingdom,50.400000000000006,2011,12,December,Wednesday
581187,23439,HAND WARMER RED LOVE HEART,24,2011-12-07 16:44:00,2.1,13756,United Kingdom,50.400000000000006,2011,12,December,Wednesday
581187,22865,HAND WARMER OWL DESIGN,24,2011-12-07 16:44:00,2.1,13756,United Kingdom,50.400000000000006,2011,12,December,Wednesday
581187,22867,HAND WARMER BIRD DESIGN,24,2011-12-07 16:44:00,2.1,13756,United Kingdom,50.400000000000006,2011,12,December,Wednesday
581187,21314,SMALL GLASS HEART TRINKET POT,48,2011-12-07 16:44:00,1.85,13756,United Kingdom,88.80000000000001,2011,12,December,Wednesday
581187,22312,OFFICE MUG WARMER POLKADOT,10,2011-12-07 16:44:00,2.95,13756,United Kingdom,29.5,2011,12,December,Wednesday
581186,22727,ALARM CLOCK BAKELIKE RED,8,2011-12-07 16:39:00,3.75,13756,United Kingdom,30.0,2011,12,December,Wednesday
581186,22726,ALARM CLOCK BAKELIKE GREEN,8,2011-12-07 16:39:00,3.75,13756,United Kingdom,30.0,2011,12,December,Wednesday
581186,23077,DOUGHNUT LIP GLOSS,40,2011-12-07 16:39:00,1.25,13756,United Kingdom,50.0,2011,12,December,Wednesday
581186,22866,HAND WARMER SCOTTY DOG DESIGN,12,2011-12-07 16:39:00,2.1,13756,United Kingdom,25.200000000000003,2011,12,December,Wednesday
581186,22865,HAND WARMER OWL DESIGN,12,2011-12-07 16:39:00,2.1,13756,United Kingdom,25.200000000000003,2011,12,December,Wednesday
581186,22867,HAND WARMER BIRD DESIGN,12,2011-12-07 16:39:00,2.1,13756,United Kingdom,25.200000000000003,2011,12,December,Wednesday
581186,21314,SMALL GLASS HEART TRINKET POT,24,2011-12-07 16:39:00,2.1,13756,United Kingdom,50.400000000000006,2011,12,December,Wednesday
581186,22312,OFFICE MUG WARMER POLKADOT,4,2011-12-07 16:39:00,2.95,13756,United Kingdom,11.8,2011,12,December,Wednesday
581185,22727,ALARM CLOCK BAKELIKE RED,24,2011-12-07 16:29:00,3.75,16672,United Kingdom,90.0,2011,12,December,Wednesday
581185,22726,ALARM CLOCK BAKELIKE GREEN,42,2011-12-07 16:29:00,3.75,16672,United Kingdom,157.5,2011,12,December,Wednesday
581185,22725,ALARM CLOCK BAKELIKE CHOCOLATE,6,2011-12-07 16:29:00,3.75,16672,United Kingdom,22.5,2011,12,December,Wednesday
581184,22221,CAKE STAND LOVEBIRD 2 TIER PINK,6,2011-12-07 16:24:00,2.95,12569,Germany,17.700000000000003,2011,12,December,Wednesday
581184,22475,SKULL DESIGN TV DINNER TRAY,8,2011-12-07 16:24:00,1.95,12569,Germany,15.6,2011,12,December,Wednesday
581184,22776,SWEETHEART 3 TIER CAKE STAND,2,2011-12-07 16:24:00,9.95,12569,Germany,19.9,2011,12,December,Wednesday
581184,POST,POSTAGE,2,2011-12-07 16:24:00,18.0,12569,Germany,36.0,2011,12,December,Wednesday
581184,22220,CAKE STAND LOVEBIRD 2 TIER WHITE,6,2011-12-07 16:24:00,2.95,12569,Germany,17.700000000000003,2011,12,December,Wednesday
581183,22199,FRYING PAN RED RETROSPOT,6,2011-12-07 16:24:00,1.25,12569,Germany,7.5,2011,12,December,Wednesday
581183,22200,FRYING PAN PINK POLKADOT,6,2011-12-07 16:24:00,1.25,12569,Germany,7.5,2011,12,December,Wednesday
581183,22398,MAGNETS PACK OF 4 SWALLOWS,24,2011-12-07 16:24:00,0.39,12569,Germany,9.36,2011,12,December,Wednesday
581183,22057,CERAMIC PLATE STRAWBERRY DESIGN,16,2011-12-07 16:24:00,0.39,12569,Germany,6.24,2011,12,December,Wednesday
581183,22059,CERAMIC STRAWBERRY DESIGN MUG,24,2011-12-07 16:24:00,0.39,12569,Germany,9.36,2011,12,December,Wednesday
581183,22055,MINI CAKE STAND  HANGING STRAWBERY,16,2011-12-07 16:24:00,0.39,12569,Germany,6.24,2011,12,December,Wednesday
581183,22063,CERAMIC BOWL WITH STRAWBERRY DESIGN,18,2011-12-07 16:24:00,0.79,12569,Germany,14.22,2011,12,December,Wednesday
581183,22123,PING MICROWAVE APRON,12,2011-12-07 16:24:00,0.79,12569,Germany,9.48,2011,12,December,Wednesday
581183,22124,SET OF 2 TEA TOWELS PING MICROWAVE,12,2011-12-07 16:24:00,0.79,12569,Germany,9.48,2011,12,December,Wednesday
581183,POST,POSTAGE,4,2011-12-07 16:24:00,18.0,12569,Germany,72.0,2011,12,December,Wednesday
581182,20831,GOLD PHOTO FRAME,12,2011-12-07 15:56:00,0.79,12783,Portugal,9.48,2011,12,December,Wednesday
581182,21115,ROSE CARAVAN DOORSTOP,8,2011-12-07 15:56:00,1.95,12783,Portugal,15.6,2011,12,December,Wednesday
581182,21109,LARGE CAKE TOWEL CHOCOLATE SPOTS,12,2011-12-07 15:56:00,1.95,12783,Portugal,23.4,2011,12,December,Wednesday
581182,21128,GOLD FISHING GNOME,8,2011-12-07 15:56:00,1.95,12783,Portugal,15.6,2011,12,December,Wednesday
581182,22199,FRYING PAN RED RETROSPOT,6,2011-12-07 15:56:00,1.25,12783,Portugal,7.5,2011,12,December,Wednesday
581182,22203,MILK PAN RED RETROSPOT,6,2011-12-07 15:56:00,1.25,12783,Portugal,7.5,2011,12,December,Wednesday
581182,22442,GROW YOUR OWN FLOWERS SET OF 3,12,2011-12-07 15:56:00,1.95,12783,Portugal,23.4,2011,12,December,Wednesday
581182,22496,SET OF 2 ROUND TINS DUTCH CHEESE,12,2011-12-07 15:56:00,0.79,12783,Portugal,9.48,2011,12,December,Wednesday
581182,23302,KNEELING MAT HOUSEWORK  DESIGN,24,2011-12-07 15:56:00,0.79,12783,Portugal,18.96,2011,12,December,Wednesday
581182,21907,I'M ON HOLIDAY METAL SIGN,12,2011-12-07 15:56:00,2.1,12783,Portugal,25.200000000000003,2011,12,December,Wednesday
581182,21166,COOK WITH WINE METAL SIGN,12,2011-12-07 15:56:00,2.08,12783,Portugal,24.96,2011,12,December,Wednesday
581182,23284,DOORMAT KEEP CALM AND COME IN,4,2011-12-07 15:56:00,8.25,12783,Portugal,33.0,2011,12,December,Wednesday
581182,22366,DOORMAT AIRMAIL,2,2011-12-07 15:56:00,8.25,12783,Portugal,16.5,2011,12,December,Wednesday
581182,22690,DOORMAT HOME SWEET HOME BLUE,2,2011-12-07 15:56:00,8.25,12783,Portugal,16.5,2011,12,December,Wednesday
581182,22692,DOORMAT WELCOME TO OUR HOME,2,2011-12-07 15:56:00,8.25,12783,Portugal,16.5,2011,12,December,Wednesday
581182,POST,POSTAGE,4,2011-12-07 15:56:00,28.0,12783,Portugal,112.0,2011,12,December,Wednesday
581182,23108,SET OF 10 LED DOLLY LIGHTS,4,2011-12-07 15:56:00,6.25,12783,Portugal,25.0,2011,12,December,Wednesday
581181,23695,DOILY THANK YOU CARD,12,2011-12-07 15:55:00,0.42,14189,United Kingdom,5.04,2011,12,December,Wednesday
581181,16258A,SWIRLY CIRCULAR RUBBERS IN BAG,36,2011-12-07 15:55:00,0.19,14189,United Kingdom,6.84,2011,12,December,Wednesday
581181,21111,"SWISS ROLL TOWEL, CHOCOLATE  SPOTS",24,2011-12-07 15:55:00,1.25,14189,United Kingdom,30.0,2011,12,December,Wednesday
581181,21705,BAG 500g SWIRLY MARBLES,24,2011-12-07 15:55:00,0.39,14189,United Kingdom,9.36,2011,12,December,Wednesday
581181,22410,MONEY BOX HOUSEKEEPING DESIGN,12,2011-12-07 15:55:00,0.39,14189,United Kingdom,4.68,2011,12,December,Wednesday
581181,22438,BALLOON ART MAKE YOUR OWN FLOWERS,50,2011-12-07 15:55:00,0.39,14189,United Kingdom,19.5,2011,12,December,Wednesday
581181,22742,MAKE YOUR OWN PLAYTIME CARD KIT,12,2011-12-07 15:55:00,0.79,14189,United Kingdom,9.48,2011,12,December,Wednesday
581181,22910,PAPER CHAIN KIT VINTAGE CHRISTMAS,18,2011-12-07 15:55:00,2.95,14189,United Kingdom,53.1,2011,12,December,Wednesday
581181,21914,BLUE HARMONICA IN BOX,12,2011-12-07 15:55:00,1.25,14189,United Kingdom,15.0,2011,12,December,Wednesday
581181,21181,PLEASE ONE PERSON METAL SIGN,12,2011-12-07 15:55:00,2.1,14189,United Kingdom,25.200000000000003,2011,12,December,Wednesday
581181,22144,CHRISTMAS CRAFT LITTLE FRIENDS,6,2011-12-07 15:55:00,2.1,14189,United Kingdom,12.600000000000001,2011,12,December,Wednesday
581181,84755,COLOUR GLASS T-LIGHT HOLDER HANGING,16,2011-12-07 15:55:00,0.65,14189,United Kingdom,10.4,2011,12,December,Wednesday
581181,22726,ALARM CLOCK BAKELIKE GREEN,8,2011-12-07 15:55:00,3.75,14189,United Kingdom,30.0,2011,12,December,Wednesday
581181,22814,CARD PARTY GAMES,12,2011-12-07 15:55:00,0.42,14189,United Kingdom,5.04,2011,12,December,Wednesday
581181,21507,ELEPHANT BIRTHDAY CARD,24,2011-12-07 15:55:00,0.42,14189,United Kingdom,10.08,2011,12,December,Wednesday
581181,21908,CHOCOLATE THIS WAY METAL SIGN,12,2011-12-07 15:55:00,2.1,14189,United Kingdom,25.200000000000003,2011,12,December,Wednesday
581181,23501,KEY RING BASEBALL BOOT UNION JACK,20,2011-12-07 15:55:00,1.25,14189,United Kingdom,25.0,2011,12,December,Wednesday
581181,23694,PAISLEY PARK CARD,12,2011-12-07 15:55:00,0.42,14189,United Kingdom,5.04,2011,12,December,Wednesday
581180,23497,CLASSIC CHROME BICYCLE BELL,12,2011-12-07 15:52:00,1.45,12347,Iceland,17.4,2011,12,December,Wednesday
581180,23552,BICYCLE PUNCTURE REPAIR KIT,6,2011-12-07 15:52:00,2.08,12347,Iceland,12.48,2011,12,December,Wednesday
581180,21064,BOOM BOX SPEAKER BOYS,24,2011-12-07 15:52:00,1.25,12347,Iceland,30.0,2011,12,December,Wednesday
581180,84625A,PINK NEW BAROQUECANDLESTICK CANDLE,24,2011-12-07 15:52:00,0.85,12347,Iceland,20.4,2011,12,December,Wednesday
581180,21731,RED TOADSTOOL LED NIGHT LIGHT,24,2011-12-07 15:52:00,1.65,12347,Iceland,39.599999999999994,2011,12,December,Wednesday
581180,23084,RABBIT NIGHT LIGHT,24,2011-12-07 15:52:00,1.79,12347,Iceland,42.96,2011,12,December,Wednesday
581180,20719,WOODLAND CHARLOTTE BAG,10,2011-12-07 15:52:00,0.85,12347,Iceland,8.5,2011,12,December,Wednesday
581180,21265,PINK GOOSE FEATHER TREE 60CM,12,2011-12-07 15:52:00,1.95,12347,Iceland,23.4,2011,12,December,Wednesday
581180,23271,CHRISTMAS TABLE SILVER CANDLE SPIKE,16,2011-12-07 15:52:00,0.83,12347,Iceland,13.28,2011,12,December,Wednesday
581180,23506,MINI PLAYING CARDS SPACEBOY,20,2011-12-07 15:52:00,0.42,12347,Iceland,8.4,2011,12,December,Wednesday
581180,23508,MINI PLAYING CARDS DOLLY GIRL,20,2011-12-07 15:52:00,0.42,12347,Iceland,8.4,2011,12,December,Wednesday
581179,21731,RED TOADSTOOL LED NIGHT LIGHT,60,2011-12-07 15:43:00,1.65,12471,Germany,99.0,2011,12,December,Wednesday
581179,21232,STRAWBERRY CERAMIC TRINKET POT,48,2011-12-07 15:43:00,1.25,12471,Germany,60.0,2011,12,December,Wednesday
581179,22423,REGENCY CAKESTAND 3 TIER,64,2011-12-07 15:43:00,10.95,12471,Germany,700.8,2011,12,December,Wednesday
581179,22554,PLASTERS IN TIN WOODLAND ANIMALS,24,2011-12-07 15:43:00,1.65,12471,Germany,39.599999999999994,2011,12,December,Wednesday
581179,22556,PLASTERS IN TIN CIRCUS PARADE,24,2011-12-07 15:43:00,1.65,12471,Germany,39.599999999999994,2011,12,December,Wednesday
581179,22621,TRADITIONAL KNITTING NANCY,36,2011-12-07 15:43:00,1.65,12471,Germany,59.4,2011,12,December,Wednesday
581179,22419,LIPSTICK PEN RED,48,2011-12-07 15:43:00,0.42,12471,Germany,20.16,2011,12,December,Wednesday
581179,22728,ALARM CLOCK BAKELIKE PINK,16,2011-12-07 15:43:00,3.75,12471,Germany,60.0,2011,12,December,Wednesday
581179,22961,JAM MAKING SET PRINTED,24,2011-12-07 15:43:00,1.45,12471,Germany,34.8,2011,12,December,Wednesday
581179,23158,SET OF 5 LUCKY CAT MAGNETS,24,2011-12-07 15:43:00,2.08,12471,Germany,49.92,2011,12,December,Wednesday
581179,23295,SET OF 12 MINI LOAF BAKING CASES,32,2011-12-07 15:43:00,0.83,12471,Germany,26.56,2011,12,December,Wednesday
581179,23294,SET OF 6 SNACK LOAF BAKING CASES,16,2011-12-07 15:43:00,0.83,12471,Germany,13.28,2011,12,December,Wednesday
581179,23174,REGENCY SUGAR BOWL GREEN,4,2011-12-07 15:43:00,4.15,12471,Germany,16.6,2011,12,December,Wednesday
581179,23198,PANTRY MAGNETIC  SHOPPING LIST,24,2011-12-07 15:43:00,1.45,12471,Germany,34.8,2011,12,December,Wednesday
581179,23197,SKETCHBOOK MAGNETIC SHOPPING LIST,24,2011-12-07 15:43:00,1.45,12471,Germany,34.8,2011,12,December,Wednesday
581179,23319,BOX OF 6 MINI 50'S CRACKERS,12,2011-12-07 15:43:00,2.49,12471,Germany,29.880000000000003,2011,12,December,Wednesday
581179,23445,ICE CREAM BUBBLES,40,2011-12-07 15:43:00,0.83,12471,Germany,33.199999999999996,2011,12,December,Wednesday
581179,23559,WOODLAND BUNNIES LOLLY MAKERS,42,2011-12-07 15:43:00,2.08,12471,Germany,87.36,2011,12,December,Wednesday
581179,23113,PANTRY CHOPPING BOARD,3,2011-12-07 15:43:00,4.95,12471,Germany,14.850000000000001,2011,12,December,Wednesday
581179,23368,SET 12 COLOUR PENCILS DOLLY GIRL,24,2011-12-07 15:43:00,0.65,12471,Germany,15.600000000000001,2011,12,December,Wednesday
581179,23347,I LOVE LONDON BEAKER,24,2011-12-07 15:43:00,1.25,12471,Germany,30.0,2011,12,December,Wednesday
581179,23346,SPACEBOY BEAKER,12,2011-12-07 15:43:00,1.25,12471,Germany,15.0,2011,12,December,Wednesday
581179,23108,SET OF 10 LED DOLLY LIGHTS,10,2011-12-07 15:43:00,6.25,12471,Germany,62.5,2011,12,December,Wednesday
581179,23345,DOLLY GIRL BEAKER,12,2011-12-07 15:43:00,1.25,12471,Germany,15.0,2011,12,December,Wednesday
581179,23254,CHILDRENS CUTLERY DOLLY GIRL,4,2011-12-07 15:43:00,4.15,12471,Germany,16.6,2011,12,December,Wednesday
581179,23256,CHILDRENS CUTLERY SPACEBOY,4,2011-12-07 15:43:00,4.15,12471,Germany,16.6,2011,12,December,Wednesday
581179,23473,WOODLAND SMALL RED FELT HEART,24,2011-12-07 15:43:00,0.83,12471,Germany,19.919999999999998,2011,12,December,Wednesday
581179,23474,WOODLAND SMALL BLUE FELT HEART,24,2011-12-07 15:43:00,0.83,12471,Germany,19.919999999999998,2011,12,December,Wednesday
581179,23475,WOODLAND SMALL PINK FELT HEART,24,2011-12-07 15:43:00,0.83,12471,Germany,19.919999999999998,2011,12,December,Wednesday
581179,23480,MINI LIGHTS WOODLAND MUSHROOMS,24,2011-12-07 15:43:00,3.75,12471,Germany,90.0,2011,12,December,Wednesday
581179,23569,TRADTIONAL ALPHABET STAMP SET,12,2011-12-07 15:43:00,4.95,12471,Germany,59.400000000000006,2011,12,December,Wednesday
581179,84012,MAGIC SHEEP WOOL GROWING FROM PAPER,72,2011-12-07 15:43:00,0.85,12471,Germany,61.199999999999996,2011,12,December,Wednesday
581179,23552,BICYCLE PUNCTURE REPAIR KIT,6,2011-12-07 15:43:00,2.08,12471,Germany,12.48,2011,12,December,Wednesday
581179,23576,SNACK TRAY RED VINTAGE DOILY,8,2011-12-07 15:43:00,1.95,12471,Germany,15.6,2011,12,December,Wednesday
581179,23579,SNACK TRAY I LOVE LONDON,8,2011-12-07 15:43:00,1.95,12471,Germany,15.6,2011,12,December,Wednesday
581179,23580,SNACK TRAY HAPPY FOREST,8,2011-12-07 15:43:00,1.95,12471,Germany,15.6,2011,12,December,Wednesday
581179,23084,RABBIT NIGHT LIGHT,24,2011-12-07 15:43:00,1.79,12471,Germany,42.96,2011,12,December,Wednesday
581179,POST,POSTAGE,1,2011-12-07 15:43:00,240.0,12471,Germany,240.0,2011,12,December,Wednesday
581177,23084,RABBIT NIGHT LIGHT,72,2011-12-07 15:23:00,1.79,14032,United Kingdom,128.88,2011,12,December,Wednesday
581177,22109,FULL ENGLISH BREAKFAST PLATE,16,2011-12-07 15:23:00,3.39,14032,United Kingdom,54.24,2011,12,December,Wednesday
581176,22561,WOODEN SCHOOL COLOURING SET,72,2011-12-07 15:19:00,1.45,14646,Netherlands,104.39999999999999,2011,12,December,Wednesday
581176,22795,SWEETHEART RECIPE BOOK STAND,16,2011-12-07 15:19:00,5.95,14646,Netherlands,95.2,2011,12,December,Wednesday
581176,23112,PARISIENNE CURIO CABINET,12,2011-12-07 15:19:00,6.65,14646,Netherlands,79.80000000000001,2011,12,December,Wednesday
581176,23118,PARISIENNE JEWELLERY DRAWER,16,2011-12-07 15:19:00,6.65,14646,Netherlands,106.4,2011,12,December,Wednesday
581176,22908,PACK OF 20 NAPKINS RED APPLES,96,2011-12-07 15:19:00,0.72,14646,Netherlands,69.12,2011,12,December,Wednesday
581176,22907,PACK OF 20 NAPKINS PANTRY DESIGN,96,2011-12-07 15:19:00,0.72,14646,Netherlands,69.12,2011,12,December,Wednesday
581176,22029,SPACEBOY BIRTHDAY CARD,72,2011-12-07 15:19:00,0.36,14646,Netherlands,25.919999999999998,2011,12,December,Wednesday
581176,22712,CARD DOLLY GIRL,72,2011-12-07 15:19:00,0.36,14646,Netherlands,25.919999999999998,2011,12,December,Wednesday
581175,22973,CHILDREN'S CIRCUS PARADE MUG,48,2011-12-07 15:16:00,1.45,14646,Netherlands,69.6,2011,12,December,Wednesday
581175,23280,FOLDING BUTTERFLY MIRROR HOT PINK,96,2011-12-07 15:16:00,0.72,14646,Netherlands,69.12,2011,12,December,Wednesday
581175,23281,FOLDING BUTTERFLY MIRROR RED,96,2011-12-07 15:16:00,0.72,14646,Netherlands,69.12,2011,12,December,Wednesday
581175,23498,CLASSIC BICYCLE CLIPS,72,2011-12-07 15:16:00,1.25,14646,Netherlands,90.0,2011,12,December,Wednesday
581175,23575,SNACK TRAY PAISLEY PARK,48,2011-12-07 15:16:00,1.65,14646,Netherlands,79.19999999999999,2011,12,December,Wednesday
581175,22483,RED GINGHAM TEDDY BEAR,48,2011-12-07 15:16:00,2.55,14646,Netherlands,122.39999999999999,2011,12,December,Wednesday
581175,22326,ROUND SNACK BOXES SET OF4 WOODLAND,96,2011-12-07 15:16:00,2.55,14646,Netherlands,244.79999999999998,2011,12,December,Wednesday
581175,23446,BLUE BUNNY EASTER EGG BASKET,144,2011-12-07 15:16:00,1.45,14646,Netherlands,208.79999999999998,2011,12,December,Wednesday
581175,23238,SET OF 4 KNICK KNACK TINS LONDON,48,2011-12-07 15:16:00,3.75,14646,Netherlands,180.0,2011,12,December,Wednesday
581175,22814,CARD PARTY GAMES,144,2011-12-07 15:16:00,0.36,14646,Netherlands,51.839999999999996,2011,12,December,Wednesday
581175,22037,ROBOT BIRTHDAY CARD,144,2011-12-07 15:16:00,0.36,14646,Netherlands,51.839999999999996,2011,12,December,Wednesday
581175,23569,TRADTIONAL ALPHABET STAMP SET,108,2011-12-07 15:16:00,4.15,14646,Netherlands,448.20000000000005,2011,12,December,Wednesday
581175,23440,PAINT YOUR OWN EGGS IN CRATE,144,2011-12-07 15:16:00,1.79,14646,Netherlands,257.76,2011,12,December,Wednesday
581175,20718,RED RETROSPOT SHOPPER BAG,100,2011-12-07 15:16:00,1.06,14646,Netherlands,106.0,2011,12,December,Wednesday
581175,21156,RETROSPOT CHILDRENS APRON,60,2011-12-07 15:16:00,1.65,14646,Netherlands,99.0,2011,12,December,Wednesday
581175,21485,RETROSPOT HEART HOT WATER BOTTLE,24,2011-12-07 15:16:00,4.25,14646,Netherlands,102.0,2011,12,December,Wednesday
581175,21791,VINTAGE HEADS AND TAILS CARD GAME,72,2011-12-07 15:16:00,1.06,14646,Netherlands,76.32000000000001,2011,12,December,Wednesday
581175,22029,SPACEBOY BIRTHDAY CARD,144,2011-12-07 15:16:00,0.36,14646,Netherlands,51.839999999999996,2011,12,December,Wednesday
581175,22175,PINK OWL SOFT TOY,48,2011-12-07 15:16:00,2.55,14646,Netherlands,122.39999999999999,2011,12,December,Wednesday
581175,21564,PINK  HEART SHAPE LOVE BUCKET,120,2011-12-07 15:16:00,0.79,14646,Netherlands,94.80000000000001,2011,12,December,Wednesday
581175,21563,RED HEART SHAPE LOVE BUCKET,120,2011-12-07 15:16:00,0.79,14646,Netherlands,94.80000000000001,2011,12,December,Wednesday
581175,22471,TV DINNER TRAY AIR HOSTESS,32,2011-12-07 15:16:00,1.95,14646,Netherlands,62.4,2011,12,December,Wednesday
581175,22472,TV DINNER TRAY DOLLY GIRL,32,2011-12-07 15:16:00,1.95,14646,Netherlands,62.4,2011,12,December,Wednesday
581175,22474,SPACEBOY TV DINNER TRAY,32,2011-12-07 15:16:00,1.95,14646,Netherlands,62.4,2011,12,December,Wednesday
581175,22539,MINI JIGSAW DOLLY GIRL,144,2011-12-07 15:16:00,0.19,14646,Netherlands,27.36,2011,12,December,Wednesday
581175,22509,SEWING BOX RETROSPOT DESIGN,16,2011-12-07 15:16:00,3.95,14646,Netherlands,63.2,2011,12,December,Wednesday
581175,22540,MINI JIGSAW CIRCUS PARADE,144,2011-12-07 15:16:00,0.19,14646,Netherlands,27.36,2011,12,December,Wednesday
581175,22544,MINI JIGSAW SPACEBOY,144,2011-12-07 15:16:00,0.19,14646,Netherlands,27.36,2011,12,December,Wednesday
581175,22755,SMALL PURPLE BABUSHKA NOTEBOOK,144,2011-12-07 15:16:00,0.21,14646,Netherlands,30.24,2011,12,December,Wednesday
581175,22758,LARGE PURPLE BABUSHKA NOTEBOOK,144,2011-12-07 15:16:00,0.39,14646,Netherlands,56.160000000000004,2011,12,December,Wednesday
581175,22754,SMALL RED BABUSHKA NOTEBOOK,144,2011-12-07 15:16:00,0.21,14646,Netherlands,30.24,2011,12,December,Wednesday
581175,22757,LARGE RED BABUSHKA NOTEBOOK,144,2011-12-07 15:16:00,0.39,14646,Netherlands,56.160000000000004,2011,12,December,Wednesday
581175,22905,CALENDAR IN SEASON DESIGN,40,2011-12-07 15:16:00,1.25,14646,Netherlands,50.0,2011,12,December,Wednesday
581175,84805B,BLUE CLIMBING HYDRANGA ART FLOWER,24,2011-12-07 15:16:00,1.25,14646,Netherlands,30.0,2011,12,December,Wednesday
581175,84804B,BLUE DELPHINIUM ARTIFICIAL FLOWER,36,2011-12-07 15:16:00,0.79,14646,Netherlands,28.44,2011,12,December,Wednesday
581175,84806A,PINK CANDYSTUFT ARTIFICIAL FLOWER,24,2011-12-07 15:16:00,0.39,14646,Netherlands,9.36,2011,12,December,Wednesday
581175,22393,PAPERWEIGHT VINTAGE COLLAGE,96,2011-12-07 15:16:00,0.39,14646,Netherlands,37.44,2011,12,December,Wednesday
581175,22423,REGENCY CAKESTAND 3 TIER,32,2011-12-07 15:16:00,10.95,14646,Netherlands,350.4,2011,12,December,Wednesday
581175,22549,PICTURE DOMINOES,72,2011-12-07 15:16:00,1.25,14646,Netherlands,90.0,2011,12,December,Wednesday
581175,22960,JAM MAKING SET WITH JARS,24,2011-12-07 15:16:00,3.75,14646,Netherlands,90.0,2011,12,December,Wednesday
581175,22712,CARD DOLLY GIRL,144,2011-12-07 15:16:00,0.36,14646,Netherlands,51.839999999999996,2011,12,December,Wednesday
581175,23245,SET OF 3 REGENCY CAKE TINS,48,2011-12-07 15:16:00,4.15,14646,Netherlands,199.20000000000002,2011,12,December,Wednesday
581175,23292,SPACEBOY CHILDRENS CUP,96,2011-12-07 15:16:00,1.05,14646,Netherlands,100.80000000000001,2011,12,December,Wednesday
581175,23560,SET OF 6 RIBBONS COUNTRY STYLE,60,2011-12-07 15:16:00,2.49,14646,Netherlands,149.4,2011,12,December,Wednesday
581175,23561,SET OF 6 RIBBONS PARTY,60,2011-12-07 15:16:00,2.49,14646,Netherlands,149.4,2011,12,December,Wednesday
581175,23562,SET OF 6 RIBBONS PERFECTLY PRETTY,60,2011-12-07 15:16:00,2.49,14646,Netherlands,149.4,2011,12,December,Wednesday
581175,22625,RED KITCHEN SCALES,12,2011-12-07 15:16:00,7.65,14646,Netherlands,91.80000000000001,2011,12,December,Wednesday
581175,22626,BLACK KITCHEN SCALES,12,2011-12-07 15:16:00,7.65,14646,Netherlands,91.80000000000001,2011,12,December,Wednesday
581175,23192,BUNDLE OF 3 ALPHABET EXERCISE BOOKS,96,2011-12-07 15:16:00,1.45,14646,Netherlands,139.2,2011,12,December,Wednesday
581175,22865,HAND WARMER OWL DESIGN,96,2011-12-07 15:16:00,1.85,14646,Netherlands,177.60000000000002,2011,12,December,Wednesday
581175,23390,DOLLY GIRL MINI BACKPACK,50,2011-12-07 15:16:00,3.75,14646,Netherlands,187.5,2011,12,December,Wednesday
581175,23229,VINTAGE DONKEY TAIL GAME,36,2011-12-07 15:16:00,3.39,14646,Netherlands,122.04,2011,12,December,Wednesday
581175,23256,CHILDRENS CUTLERY SPACEBOY,72,2011-12-07 15:16:00,3.75,14646,Netherlands,270.0,2011,12,December,Wednesday
581175,22432,WATERING CAN PINK BUNNY,48,2011-12-07 15:16:00,1.65,14646,Netherlands,79.19999999999999,2011,12,December,Wednesday
581175,23552,BICYCLE PUNCTURE REPAIR KIT,72,2011-12-07 15:16:00,1.79,14646,Netherlands,128.88,2011,12,December,Wednesday
581175,23598,PAPER BUNTING VINTAGE PARTY,80,2011-12-07 15:16:00,2.55,14646,Netherlands,204.0,2011,12,December,Wednesday
581175,23597,PAPER BUNTING PAISLEY PARK,80,2011-12-07 15:16:00,2.55,14646,Netherlands,204.0,2011,12,December,Wednesday
581175,23483,HANGING  BUTTERFLY T-LIGHT HOLDER,72,2011-12-07 15:16:00,1.04,14646,Netherlands,74.88,2011,12,December,Wednesday
581175,23447,PINK BUNNY EASTER EGG BASKET,144,2011-12-07 15:16:00,1.45,14646,Netherlands,208.79999999999998,2011,12,December,Wednesday
581175,47593B,SCOTTIE DOGS BABY BIB,96,2011-12-07 15:16:00,0.39,14646,Netherlands,37.44,2011,12,December,Wednesday
581175,23081,GREEN METAL BOX ARMY SUPPLIES,16,2011-12-07 15:16:00,7.5,14646,Netherlands,120.0,2011,12,December,Wednesday
581175,23080,RED METAL BOX TOP SECRET,16,2011-12-07 15:16:00,7.5,14646,Netherlands,120.0,2011,12,December,Wednesday
581175,21671,RED SPOT CERAMIC DRAWER KNOB,96,2011-12-07 15:16:00,1.25,14646,Netherlands,120.0,2011,12,December,Wednesday
581175,21731,RED TOADSTOOL LED NIGHT LIGHT,24,2011-12-07 15:16:00,1.65,14646,Netherlands,39.599999999999994,2011,12,December,Wednesday
581175,22467,GUMBALL COAT RACK,72,2011-12-07 15:16:00,2.1,14646,Netherlands,151.20000000000002,2011,12,December,Wednesday
581175,22487,WHITE WOOD GARDEN PLANT LADDER,4,2011-12-07 15:16:00,8.5,14646,Netherlands,34.0,2011,12,December,Wednesday
581175,22489,PACK OF 12 TRADITIONAL CRAYONS,144,2011-12-07 15:16:00,0.36,14646,Netherlands,51.839999999999996,2011,12,December,Wednesday
581175,22563,HAPPY STENCIL CRAFT,72,2011-12-07 15:16:00,1.06,14646,Netherlands,76.32000000000001,2011,12,December,Wednesday
581175,22846,BREAD BIN DINER STYLE RED,4,2011-12-07 15:16:00,14.95,14646,Netherlands,59.8,2011,12,December,Wednesday
581175,23154,SET OF 4 JAM JAR MAGNETS,120,2011-12-07 15:16:00,1.85,14646,Netherlands,222.0,2011,12,December,Wednesday
581175,23171,REGENCY TEA PLATE GREEN,48,2011-12-07 15:16:00,1.45,14646,Netherlands,69.6,2011,12,December,Wednesday
581175,23172,REGENCY TEA PLATE PINK,48,2011-12-07 15:16:00,1.45,14646,Netherlands,69.6,2011,12,December,Wednesday
581175,23209,LUNCH BAG VINTAGE DOILY,100,2011-12-07 15:16:00,1.45,14646,Netherlands,145.0,2011,12,December,Wednesday
581175,23290,SPACEBOY CHILDRENS BOWL,144,2011-12-07 15:16:00,1.05,14646,Netherlands,151.20000000000002,2011,12,December,Wednesday
581175,22867,HAND WARMER BIRD DESIGN,96,2011-12-07 15:16:00,1.85,14646,Netherlands,177.60000000000002,2011,12,December,Wednesday
581175,23084,RABBIT NIGHT LIGHT,1440,2011-12-07 15:16:00,1.79,14646,Netherlands,2577.6,2011,12,December,Wednesday
581175,22343,PARTY PIZZA DISH RED RETROSPOT,96,2011-12-07 15:16:00,0.19,14646,Netherlands,18.240000000000002,2011,12,December,Wednesday
581174,21705,BAG 500g SWIRLY MARBLES,24,2011-12-07 15:08:00,0.39,13769,United Kingdom,9.36,2011,12,December,Wednesday
581174,22811,SET OF 6 T-LIGHTS CACTI,12,2011-12-07 15:08:00,1.25,13769,United Kingdom,15.0,2011,12,December,Wednesday
581174,21730,GLASS STAR FROSTED T-LIGHT HOLDER,3,2011-12-07 15:08:00,4.95,13769,United Kingdom,14.850000000000001,2011,12,December,Wednesday
581174,84945,MULTI COLOUR SILVER T-LIGHT HOLDER,12,2011-12-07 15:08:00,0.85,13769,United Kingdom,10.2,2011,12,December,Wednesday
581174,71477,COLOURED GLASS STAR T-LIGHT HOLDER,24,2011-12-07 15:08:00,3.29,13769,United Kingdom,78.96000000000001,2011,12,December,Wednesday
581174,84946,ANTIQUE SILVER T-LIGHT GLASS,12,2011-12-07 15:08:00,1.25,13769,United Kingdom,15.0,2011,12,December,Wednesday
581174,22112,CHOCOLATE HOT WATER BOTTLE,3,2011-12-07 15:08:00,4.95,13769,United Kingdom,14.850000000000001,2011,12,December,Wednesday
581174,22113,GREY HEART HOT WATER BOTTLE,4,2011-12-07 15:08:00,4.25,13769,United Kingdom,17.0,2011,12,December,Wednesday
581174,22114,HOT WATER BOTTLE TEA AND SYMPATHY,4,2011-12-07 15:08:00,4.25,13769,United Kingdom,17.0,2011,12,December,Wednesday
581174,23355,HOT WATER BOTTLE KEEP CALM,4,2011-12-07 15:08:00,4.95,13769,United Kingdom,19.8,2011,12,December,Wednesday
581174,22835,HOT WATER BOTTLE I AM SO POORLY,4,2011-12-07 15:08:00,4.95,13769,United Kingdom,19.8,2011,12,December,Wednesday
581174,21790,VINTAGE SNAP CARDS,12,2011-12-07 15:08:00,0.85,13769,United Kingdom,10.2,2011,12,December,Wednesday
581174,85150,LADIES & GENTLEMEN METAL SIGN,6,2011-12-07 15:08:00,2.55,13769,United Kingdom,15.299999999999999,2011,12,December,Wednesday
581174,21181,PLEASE ONE PERSON METAL SIGN,12,2011-12-07 15:08:00,2.1,13769,United Kingdom,25.200000000000003,2011,12,December,Wednesday
581174,21733,RED HANGING HEART T-LIGHT HOLDER,6,2011-12-07 15:08:00,2.95,13769,United Kingdom,17.700000000000003,2011,12,December,Wednesday
581174,85123A,WHITE HANGING HEART T-LIGHT HOLDER,6,2011-12-07 15:08:00,2.95,13769,United Kingdom,17.700000000000003,2011,12,December,Wednesday
581173,21366,MIRRORED WALL ART PHOTO FRAMES,2,2011-12-07 15:07:00,4.25,17870,United Kingdom,8.5,2011,12,December,Wednesday
581173,21591,COSY HOUR CIGAR BOX MATCHES,24,2011-12-07 15:07:00,1.25,17870,United Kingdom,30.0,2011,12,December,Wednesday
581173,23318,BOX OF 6 MINI VINTAGE CRACKERS,7,2011-12-07 15:07:00,2.49,17870,United Kingdom,17.43,2011,12,December,Wednesday
581173,23319,BOX OF 6 MINI 50'S CRACKERS,3,2011-12-07 15:07:00,2.49,17870,United Kingdom,7.470000000000001,2011,12,December,Wednesday
581173,85204,HANGING WOOD AND FELT FLOWER,8,2011-12-07 15:07:00,0.12,17870,United Kingdom,0.96,2011,12,December,Wednesday
581173,22151,PLACE SETTING WHITE HEART,6,2011-12-07 15:07:00,0.42,17870,United Kingdom,2.52,2011,12,December,Wednesday
581173,21918,SET 12 KIDS COLOUR  CHALK STICKS,3,2011-12-07 15:07:00,0.42,17870,United Kingdom,1.26,2011,12,December,Wednesday
581173,51014A,"FEATHER PEN,HOT PINK",12,2011-12-07 15:07:00,0.39,17870,United Kingdom,4.68,2011,12,December,Wednesday
581173,23275,SET OF 3 HANGING OWLS OLLIE BEAK,12,2011-12-07 15:07:00,1.25,17870,United Kingdom,15.0,2011,12,December,Wednesday
581173,75049L,LARGE CIRCULAR MIRROR MOBILE,6,2011-12-07 15:07:00,1.25,17870,United Kingdom,7.5,2011,12,December,Wednesday
581173,20668,DISCO BALL CHRISTMAS DECORATION,24,2011-12-07 15:07:00,0.12,17870,United Kingdom,2.88,2011,12,December,Wednesday
581173,44235,ASSORTED COLOURED CIRCLE MOBILE,2,2011-12-07 15:07:00,0.42,17870,United Kingdom,0.84,2011,12,December,Wednesday
581173,44234,ASSORTED CIRCULAR MOBILE,2,2011-12-07 15:07:00,0.21,17870,United Kingdom,0.42,2011,12,December,Wednesday
581173,23318,BOX OF 6 MINI VINTAGE CRACKERS,14,2011-12-07 15:07:00,2.49,17870,United Kingdom,34.86,2011,12,December,Wednesday
581173,22338,STAR DECORATION PAINTED ZINC,12,2011-12-07 15:07:00,0.19,17870,United Kingdom,2.2800000000000002,2011,12,December,Wednesday
581173,22581,WOOD STOCKING CHRISTMAS SCANDISPOT,14,2011-12-07 15:07:00,0.29,17870,United Kingdom,4.06,2011,12,December,Wednesday
581173,22578,WOODEN STAR CHRISTMAS SCANDINAVIAN,11,2011-12-07 15:07:00,0.29,17870,United Kingdom,3.19,2011,12,December,Wednesday
581173,22737,RIBBON REEL CHRISTMAS PRESENT,5,2011-12-07 15:07:00,1.65,17870,United Kingdom,8.25,2011,12,December,Wednesday
581173,35970,ZINC FOLKART SLEIGH BELLS,3,2011-12-07 15:07:00,1.69,17870,United Kingdom,5.07,2011,12,December,Wednesday
581173,23350,ROLL WRAP VINTAGE SPOT,3,2011-12-07 15:07:00,1.25,17870,United Kingdom,3.75,2011,12,December,Wednesday
581173,21034,REX CASH+CARRY JUMBO SHOPPER,1,2011-12-07 15:07:00,0.95,17870,United Kingdom,0.95,2011,12,December,Wednesday
581173,23009,I LOVE LONDON BABY GIFT SET,1,2011-12-07 15:07:00,16.95,17870,United Kingdom,16.95,2011,12,December,Wednesday
581173,23503,PLAYING CARDS KEEP CALM & CARRY ON,1,2011-12-07 15:07:00,1.25,17870,United Kingdom,1.25,2011,12,December,Wednesday
581173,21915,RED  HARMONICA IN BOX,2,2011-12-07 15:07:00,1.25,17870,United Kingdom,2.5,2011,12,December,Wednesday
581173,22616,PACK OF 12 LONDON TISSUES,2,2011-12-07 15:07:00,0.39,17870,United Kingdom,0.78,2011,12,December,Wednesday
581173,21864,UNION JACK FLAG PASSPORT COVER,1,2011-12-07 15:07:00,2.1,17870,United Kingdom,2.1,2011,12,December,Wednesday
581173,21866,UNION JACK FLAG LUGGAGE TAG,1,2011-12-07 15:07:00,1.25,17870,United Kingdom,1.25,2011,12,December,Wednesday
581173,22406,MONEY BOX KINGS CHOICE DESIGN,2,2011-12-07 15:07:00,0.39,17870,United Kingdom,0.78,2011,12,December,Wednesday
581173,22207,FRYING PAN UNION FLAG,1,2011-12-07 15:07:00,4.25,17870,United Kingdom,4.25,2011,12,December,Wednesday
581173,23369,SET 36 COLOUR PENCILS LOVE LONDON,2,2011-12-07 15:07:00,1.25,17870,United Kingdom,2.5,2011,12,December,Wednesday
581173,23531,WALL ART BIG LOVE,1,2011-12-07 15:07:00,6.95,17870,United Kingdom,6.95,2011,12,December,Wednesday
581173,21625,VINTAGE UNION JACK APRON,1,2011-12-07 15:07:00,6.95,17870,United Kingdom,6.95,2011,12,December,Wednesday
581173,22816,CARD MOTORBIKE SANTA,12,2011-12-07 15:07:00,0.42,17870,United Kingdom,5.04,2011,12,December,Wednesday
581173,79190B,RETRO PLASTIC POLKA TRAY,15,2011-12-07 15:07:00,0.42,17870,United Kingdom,6.3,2011,12,December,Wednesday
581173,23338,EGG FRYING PAN RED,1,2011-12-07 15:07:00,2.08,17870,United Kingdom,2.08,2011,12,December,Wednesday
581173,22641,SET OF 4 NAPKIN CHARMS INSTRUMENT,3,2011-12-07 15:07:00,0.79,17870,United Kingdom,2.37,2011,12,December,Wednesday
581173,84991,60 TEATIME FAIRY CAKE CASES,1,2011-12-07 15:07:00,0.55,17870,United Kingdom,0.55,2011,12,December,Wednesday
581173,90214F,"LETTER ""F"" BLING KEY RING",1,2011-12-07 15:07:00,0.29,17870,United Kingdom,0.29,2011,12,December,Wednesday
581173,90214G,"LETTER ""G"" BLING KEY RING",1,2011-12-07 15:07:00,0.29,17870,United Kingdom,0.29,2011,12,December,Wednesday
581173,21172,PARTY METAL SIGN,1,2011-12-07 15:07:00,1.45,17870,United Kingdom,1.45,2011,12,December,Wednesday
581173,22737,RIBBON REEL CHRISTMAS PRESENT,1,2011-12-07 15:07:00,1.65,17870,United Kingdom,1.65,2011,12,December,Wednesday
581173,22736,RIBBON REEL MAKING SNOWMEN,1,2011-12-07 15:07:00,1.65,17870,United Kingdom,1.65,2011,12,December,Wednesday
581173,21370,MIRRORED WALL ART FOXY,1,2011-12-07 15:07:00,1.65,17870,United Kingdom,1.65,2011,12,December,Wednesday
581173,21366,MIRRORED WALL ART PHOTO FRAMES,1,2011-12-07 15:07:00,4.25,17870,United Kingdom,4.25,2011,12,December,Wednesday
581173,21373,MIRRORED WALL ART SNOWFLAKES,7,2011-12-07 15:07:00,0.75,17870,United Kingdom,5.25,2011,12,December,Wednesday
581173,23356,LOVE HOT WATER BOTTLE,1,2011-12-07 15:07:00,5.95,17870,United Kingdom,5.95,2011,12,December,Wednesday
581173,22360,GLASS JAR ENGLISH CONFECTIONERY,1,2011-12-07 15:07:00,2.95,17870,United Kingdom,2.95,2011,12,December,Wednesday
581172,22169,FAMILY ALBUM WHITE PICTURE FRAME,8,2011-12-07 15:07:00,7.65,16525,United Kingdom,61.2,2011,12,December,Wednesday
581172,84947,ANTIQUE SILVER TEA GLASS ENGRAVED,24,2011-12-07 15:07:00,1.25,16525,United Kingdom,30.0,2011,12,December,Wednesday
581172,21326,AGED GLASS SILVER T-LIGHT HOLDER,144,2011-12-07 15:07:00,0.55,16525,United Kingdom,79.2,2011,12,December,Wednesday
581172,22791,T-LIGHT GLASS FLUTED ANTIQUE,72,2011-12-07 15:07:00,1.06,16525,United Kingdom,76.32000000000001,2011,12,December,Wednesday
581172,21733,RED HANGING HEART T-LIGHT HOLDER,12,2011-12-07 15:07:00,2.95,16525,United Kingdom,35.400000000000006,2011,12,December,Wednesday
581172,22295,HEART FILIGREE DOVE LARGE,24,2011-12-07 15:07:00,1.65,16525,United Kingdom,39.599999999999994,2011,12,December,Wednesday
581171,23570,TRADITIONAL PICK UP STICKS GAME,12,2011-12-07 15:02:00,1.25,12615,France,15.0,2011,12,December,Wednesday
581171,22966,GINGERBREAD MAN COOKIE CUTTER,24,2011-12-07 15:02:00,1.25,12615,France,30.0,2011,12,December,Wednesday
581171,20750,RED RETROSPOT MINI CASES,6,2011-12-07 15:02:00,7.95,12615,France,47.7,2011,12,December,Wednesday
581171,85014B,RED RETROSPOT UMBRELLA,3,2011-12-07 15:02:00,5.95,12615,France,17.85,2011,12,December,Wednesday
581171,20682,RED RETROSPOT CHILDRENS UMBRELLA,12,2011-12-07 15:02:00,3.25,12615,France,39.0,2011,12,December,Wednesday
581171,23118,PARISIENNE JEWELLERY DRAWER,4,2011-12-07 15:02:00,7.5,12615,France,30.0,2011,12,December,Wednesday
581171,21481,FAWN BLUE HOT WATER BOTTLE,4,2011-12-07 15:02:00,3.75,12615,France,15.0,2011,12,December,Wednesday
581171,22027,TEA PARTY BIRTHDAY CARD,12,2011-12-07 15:02:00,0.42,12615,France,5.04,2011,12,December,Wednesday
581171,21509,COWBOYS AND INDIANS BIRTHDAY CARD,12,2011-12-07 15:02:00,0.42,12615,France,5.04,2011,12,December,Wednesday
581171,22028,PENNY FARTHING BIRTHDAY CARD,12,2011-12-07 15:02:00,0.42,12615,France,5.04,2011,12,December,Wednesday
581171,22029,SPACEBOY BIRTHDAY CARD,12,2011-12-07 15:02:00,0.42,12615,France,5.04,2011,12,December,Wednesday
581171,21258,VICTORIAN SEWING BOX LARGE,2,2011-12-07 15:02:00,12.75,12615,France,25.5,2011,12,December,Wednesday
581171,84077,WORLD WAR 2 GLIDERS ASSTD DESIGNS,48,2011-12-07 15:02:00,0.29,12615,France,13.919999999999998,2011,12,December,Wednesday
581171,23154,SET OF 4 JAM JAR MAGNETS,12,2011-12-07 15:02:00,2.08,12615,France,24.96,2011,12,December,Wednesday
581171,21889,WOODEN BOX OF DOMINOES,12,2011-12-07 15:02:00,1.25,12615,France,15.0,2011,12,December,Wednesday
581171,21891,TRADITIONAL WOODEN SKIPPING ROPE,12,2011-12-07 15:02:00,1.45,12615,France,17.4,2011,12,December,Wednesday
581171,22620,4 TRADITIONAL SPINNING TOPS,12,2011-12-07 15:02:00,1.45,12615,France,17.4,2011,12,December,Wednesday
581171,21914,BLUE HARMONICA IN BOX,12,2011-12-07 15:02:00,1.25,12615,France,15.0,2011,12,December,Wednesday
581171,POST,POSTAGE,2,2011-12-07 15:02:00,18.0,12615,France,36.0,2011,12,December,Wednesday
581171,23084,RABBIT NIGHT LIGHT,24,2011-12-07 15:02:00,1.79,12615,France,42.96,2011,12,December,Wednesday
581170,22867,HAND WARMER BIRD DESIGN,96,2011-12-07 15:00:00,1.85,13767,United Kingdom,177.60000000000002,2011,12,December,Wednesday
581170,22865,HAND WARMER OWL DESIGN,96,2011-12-07 15:00:00,1.85,13767,United Kingdom,177.60000000000002,2011,12,December,Wednesday
581170,22866,HAND WARMER SCOTTY DOG DESIGN,96,2011-12-07 15:00:00,1.85,13767,United Kingdom,177.60000000000002,2011,12,December,Wednesday
581170,22114,HOT WATER BOTTLE TEA AND SYMPATHY,24,2011-12-07 15:00:00,3.75,13767,United Kingdom,90.0,2011,12,December,Wednesday
581170,22111,SCOTTIE DOG HOT WATER BOTTLE,24,2011-12-07 15:00:00,4.25,13767,United Kingdom,102.0,2011,12,December,Wednesday
581170,23089,GLASS BON BON JAR,36,2011-12-07 15:00:00,1.65,13767,United Kingdom,59.4,2011,12,December,Wednesday
581170,84879,ASSORTED COLOUR BIRD ORNAMENT,32,2011-12-07 15:00:00,1.69,13767,United Kingdom,54.08,2011,12,December,Wednesday
581170,22730,ALARM CLOCK BAKELIKE IVORY,8,2011-12-07 15:00:00,3.75,13767,United Kingdom,30.0,2011,12,December,Wednesday
581170,22697,GREEN REGENCY TEACUP AND SAUCER,6,2011-12-07 15:00:00,2.95,13767,United Kingdom,17.700000000000003,2011,12,December,Wednesday
581169,84029E,RED WOOLLY HOTTIE WHITE HEART.,48,2011-12-07 14:54:00,3.75,16779,United Kingdom,180.0,2011,12,December,Wednesday
581169,21936,RED RETROSPOT PICNIC BAG,10,2011-12-07 14:54:00,2.95,16779,United Kingdom,29.5,2011,12,December,Wednesday
581169,21907,I'M ON HOLIDAY METAL SIGN,12,2011-12-07 14:54:00,2.1,16779,United Kingdom,25.200000000000003,2011,12,December,Wednesday
581169,21166,COOK WITH WINE METAL SIGN,48,2011-12-07 14:54:00,1.85,16779,United Kingdom,88.80000000000001,2011,12,December,Wednesday
581169,82600,N0 SINGING METAL SIGN,48,2011-12-07 14:54:00,1.85,16779,United Kingdom,88.80000000000001,2011,12,December,Wednesday
581169,22804,PINK HANGING HEART T-LIGHT HOLDER,6,2011-12-07 14:54:00,2.95,16779,United Kingdom,17.700000000000003,2011,12,December,Wednesday
581169,21733,RED HANGING HEART T-LIGHT HOLDER,32,2011-12-07 14:54:00,2.55,16779,United Kingdom,81.6,2011,12,December,Wednesday
581169,22197,POPCORN HOLDER,12,2011-12-07 14:54:00,0.85,16779,United Kingdom,10.2,2011,12,December,Wednesday
581169,23284,DOORMAT KEEP CALM AND COME IN,10,2011-12-07 14:54:00,7.08,16779,United Kingdom,70.8,2011,12,December,Wednesday
581169,23300,GARDENERS KNEELING PAD CUP OF TEA,12,2011-12-07 14:54:00,1.65,16779,United Kingdom,19.799999999999997,2011,12,December,Wednesday
581168,22896,PEG BAG APPLES DESIGN,6,2011-12-07 14:52:00,2.55,16779,United Kingdom,15.299999999999999,2011,12,December,Wednesday
581168,22197,POPCORN HOLDER,12,2011-12-07 14:52:00,0.85,16779,United Kingdom,10.2,2011,12,December,Wednesday
581168,71477,COLOURED GLASS STAR T-LIGHT HOLDER,48,2011-12-07 14:52:00,3.29,16779,United Kingdom,157.92000000000002,2011,12,December,Wednesday
581168,21731,RED TOADSTOOL LED NIGHT LIGHT,12,2011-12-07 14:52:00,1.65,16779,United Kingdom,19.799999999999997,2011,12,December,Wednesday
581168,21843,RED RETROSPOT CAKE STAND,2,2011-12-07 14:52:00,10.95,16779,United Kingdom,21.9,2011,12,December,Wednesday
581168,22165,"DIAMANTE HEART SHAPED WALL MIRROR, ",6,2011-12-07 14:52:00,3.95,16779,United Kingdom,23.700000000000003,2011,12,December,Wednesday
581168,22313,OFFICE MUG WARMER PINK,12,2011-12-07 14:52:00,1.25,16779,United Kingdom,15.0,2011,12,December,Wednesday
581168,72800C,4 PINK DINNER CANDLE SILVER FLOCK,12,2011-12-07 14:52:00,0.79,16779,United Kingdom,9.48,2011,12,December,Wednesday
581168,72800B,4 PURPLE FLOCK DINNER CANDLES,12,2011-12-07 14:52:00,0.79,16779,United Kingdom,9.48,2011,12,December,Wednesday
581168,35970,ZINC FOLKART SLEIGH BELLS,12,2011-12-07 14:52:00,1.69,16779,United Kingdom,20.28,2011,12,December,Wednesday
581168,20712,JUMBO BAG WOODLAND ANIMALS,10,2011-12-07 14:52:00,2.08,16779,United Kingdom,20.8,2011,12,December,Wednesday
581168,85099C,JUMBO  BAG BAROQUE BLACK WHITE,10,2011-12-07 14:52:00,2.08,16779,United Kingdom,20.8,2011,12,December,Wednesday
581167,20713,JUMBO BAG OWLS,20,2011-12-07 14:52:00,2.08,13534,United Kingdom,41.6,2011,12,December,Wednesday
581167,22411,JUMBO SHOPPER VINTAGE RED PAISLEY,10,2011-12-07 14:52:00,2.08,13534,United Kingdom,20.8,2011,12,December,Wednesday
581167,22386,JUMBO BAG PINK POLKADOT,20,2011-12-07 14:52:00,2.08,13534,United Kingdom,41.6,2011,12,December,Wednesday
581167,85099B,JUMBO BAG RED RETROSPOT,20,2011-12-07 14:52:00,2.08,13534,United Kingdom,41.6,2011,12,December,Wednesday
581167,85099C,JUMBO  BAG BAROQUE BLACK WHITE,10,2011-12-07 14:52:00,2.08,13534,United Kingdom,20.8,2011,12,December,Wednesday
581167,23203,JUMBO BAG VINTAGE DOILY,10,2011-12-07 14:52:00,2.08,13534,United Kingdom,20.8,2011,12,December,Wednesday
581167,20712,JUMBO BAG WOODLAND ANIMALS,20,2011-12-07 14:52:00,2.08,13534,United Kingdom,41.6,2011,12,December,Wednesday
581167,21928,JUMBO BAG SCANDINAVIAN BLUE PAISLEY,10,2011-12-07 14:52:00,2.08,13534,United Kingdom,20.8,2011,12,December,Wednesday
581167,23200,JUMBO BAG PEARS,10,2011-12-07 14:52:00,2.08,13534,United Kingdom,20.8,2011,12,December,Wednesday
581167,22385,JUMBO BAG SPACEBOY DESIGN,10,2011-12-07 14:52:00,2.08,13534,United Kingdom,20.8,2011,12,December,Wednesday
581167,20727,LUNCH BAG  BLACK SKULL.,10,2011-12-07 14:52:00,1.65,13534,United Kingdom,16.5,2011,12,December,Wednesday
581167,20728,LUNCH BAG CARS BLUE,10,2011-12-07 14:52:00,1.65,13534,United Kingdom,16.5,2011,12,December,Wednesday
581167,20725,LUNCH BAG RED RETROSPOT,10,2011-12-07 14:52:00,1.65,13534,United Kingdom,16.5,2011,12,December,Wednesday
581167,23681,LUNCH BAG RED VINTAGE DOILY,10,2011-12-07 14:52:00,1.65,13534,United Kingdom,16.5,2011,12,December,Wednesday
581166,22605,WOODEN CROQUET GARDEN SET,1,2011-12-07 14:43:00,14.95,15525,United Kingdom,14.95,2011,12,December,Wednesday
581166,22960,JAM MAKING SET WITH JARS,3,2011-12-07 14:43:00,4.25,15525,United Kingdom,12.75,2011,12,December,Wednesday
581166,22549,PICTURE DOMINOES,1,2011-12-07 14:43:00,1.45,15525,United Kingdom,1.45,2011,12,December,Wednesday
581166,23511,EMBROIDERED RIBBON REEL EMILY,1,2011-12-07 14:43:00,2.08,15525,United Kingdom,2.08,2011,12,December,Wednesday
581166,23512,EMBROIDERED RIBBON REEL ROSIE,1,2011-12-07 14:43:00,2.08,15525,United Kingdom,2.08,2011,12,December,Wednesday
581166,22398,MAGNETS PACK OF 4 SWALLOWS,12,2011-12-07 14:43:00,0.39,15525,United Kingdom,4.68,2011,12,December,Wednesday
581166,23192,BUNDLE OF 3 ALPHABET EXERCISE BOOKS,2,2011-12-07 14:43:00,1.65,15525,United Kingdom,3.3,2011,12,December,Wednesday
581166,23505,PLAYING CARDS I LOVE LONDON,1,2011-12-07 14:43:00,1.25,15525,United Kingdom,1.25,2011,12,December,Wednesday
581166,22438,BALLOON ART MAKE YOUR OWN FLOWERS,2,2011-12-07 14:43:00,0.39,15525,United Kingdom,0.78,2011,12,December,Wednesday
581166,22621,TRADITIONAL KNITTING NANCY,3,2011-12-07 14:43:00,1.65,15525,United Kingdom,4.949999999999999,2011,12,December,Wednesday
581166,21974,SET OF 36 PAISLEY FLOWER DOILIES,1,2011-12-07 14:43:00,1.45,15525,United Kingdom,1.45,2011,12,December,Wednesday
581166,22972,CHILDREN'S SPACEBOY MUG,1,2011-12-07 14:43:00,1.65,15525,United Kingdom,1.65,2011,12,December,Wednesday
581166,22989,SET 2 PANTRY DESIGN TEA TOWELS,1,2011-12-07 14:43:00,3.25,15525,United Kingdom,3.25,2011,12,December,Wednesday
581166,22643,SET OF 4 NAPKIN CHARMS LEAVES,3,2011-12-07 14:43:00,0.79,15525,United Kingdom,2.37,2011,12,December,Wednesday
581166,21452,TOADSTOOL MONEY BOX,1,2011-12-07 14:43:00,2.95,15525,United Kingdom,2.95,2011,12,December,Wednesday
581166,23254,CHILDRENS CUTLERY DOLLY GIRL,1,2011-12-07 14:43:00,4.15,15525,United Kingdom,4.15,2011,12,December,Wednesday
581166,23256,CHILDRENS CUTLERY SPACEBOY,1,2011-12-07 14:43:00,4.15,15525,United Kingdom,4.15,2011,12,December,Wednesday
581166,84997D,CHILDRENS CUTLERY POLKADOT PINK,1,2011-12-07 14:43:00,4.15,15525,United Kingdom,4.15,2011,12,December,Wednesday
581166,22899,CHILDREN'S APRON DOLLY GIRL,1,2011-12-07 14:43:00,2.1,15525,United Kingdom,2.1,2011,12,December,Wednesday
581166,22367,CHILDRENS APRON SPACEBOY DESIGN,2,2011-12-07 14:43:00,1.95,15525,United Kingdom,3.9,2011,12,December,Wednesday
581166,23084,RABBIT NIGHT LIGHT,1,2011-12-07 14:43:00,2.08,15525,United Kingdom,2.08,2011,12,December,Wednesday
581166,22434,BALLOON PUMP WITH 10 BALLOONS,1,2011-12-07 14:43:00,1.95,15525,United Kingdom,1.95,2011,12,December,Wednesday
581166,22086,PAPER CHAIN KIT 50'S CHRISTMAS,1,2011-12-07 14:43:00,2.95,15525,United Kingdom,2.95,2011,12,December,Wednesday
581166,22744,MAKE YOUR OWN MONSOON CARD KIT,3,2011-12-07 14:43:00,0.79,15525,United Kingdom,2.37,2011,12,December,Wednesday
581166,84032B,CHARLIE + LOLA RED HOT WATER BOTTLE,1,2011-12-07 14:43:00,0.79,15525,United Kingdom,0.79,2011,12,December,Wednesday
581166,23239,SET OF 4 KNICK KNACK TINS POPPIES,5,2011-12-07 14:43:00,1.65,15525,United Kingdom,8.25,2011,12,December,Wednesday
581166,23237,SET OF 4 KNICK KNACK TINS LEAF,1,2011-12-07 14:43:00,4.15,15525,United Kingdom,4.15,2011,12,December,Wednesday
581166,23240,SET OF 4 KNICK KNACK TINS DOILY,1,2011-12-07 14:43:00,4.15,15525,United Kingdom,4.15,2011,12,December,Wednesday
581166,23235,STORAGE TIN VINTAGE LEAF,1,2011-12-07 14:43:00,1.25,15525,United Kingdom,1.25,2011,12,December,Wednesday
581166,23236,STORAGE TIN VINTAGE DOILY,1,2011-12-07 14:43:00,2.89,15525,United Kingdom,2.89,2011,12,December,Wednesday
581166,23494,VINTAGE DOILY DELUXE SEWING KIT,1,2011-12-07 14:43:00,5.95,15525,United Kingdom,5.95,2011,12,December,Wednesday
581166,23242,TREASURE TIN BUFFALO BILL,1,2011-12-07 14:43:00,2.08,15525,United Kingdom,2.08,2011,12,December,Wednesday
581166,22635,CHILDS BREAKFAST SET DOLLY GIRL,1,2011-12-07 14:43:00,9.95,15525,United Kingdom,9.95,2011,12,December,Wednesday
581166,22634,CHILDS BREAKFAST SET SPACEBOY,2,2011-12-07 14:43:00,9.95,15525,United Kingdom,19.9,2011,12,December,Wednesday
581166,23275,SET OF 3 HANGING OWLS OLLIE BEAK,1,2011-12-07 14:43:00,1.25,15525,United Kingdom,1.25,2011,12,December,Wednesday
581166,23203,JUMBO BAG VINTAGE DOILY,2,2011-12-07 14:43:00,2.08,15525,United Kingdom,4.16,2011,12,December,Wednesday
581166,23201,JUMBO BAG ALPHABET,2,2011-12-07 14:43:00,2.08,15525,United Kingdom,4.16,2011,12,December,Wednesday
581166,23582,VINTAGE DOILY JUMBO BAG RED,1,2011-12-07 14:43:00,2.08,15525,United Kingdom,2.08,2011,12,December,Wednesday
581166,23081,GREEN METAL BOX ARMY SUPPLIES,1,2011-12-07 14:43:00,8.25,15525,United Kingdom,8.25,2011,12,December,Wednesday
581166,23080,RED METAL BOX TOP SECRET,2,2011-12-07 14:43:00,8.25,15525,United Kingdom,16.5,2011,12,December,Wednesday
581166,23236,STORAGE TIN VINTAGE DOILY,2,2011-12-07 14:43:00,2.89,15525,United Kingdom,5.78,2011,12,December,Wednesday
581166,23128,FELTCRAFT BOY JEAN-PAUL KIT,1,2011-12-07 14:43:00,4.95,15525,United Kingdom,4.95,2011,12,December,Wednesday
581166,84819,DANISH ROSE ROUND SEWING BOX,1,2011-12-07 14:43:00,0.79,15525,United Kingdom,0.79,2011,12,December,Wednesday
581166,22744,MAKE YOUR OWN MONSOON CARD KIT,2,2011-12-07 14:43:00,0.79,15525,United Kingdom,1.58,2011,12,December,Wednesday
581166,22743,MAKE YOUR OWN FLOWERPOWER CARD KIT,2,2011-12-07 14:43:00,0.79,15525,United Kingdom,1.58,2011,12,December,Wednesday
581166,23296,SET OF 6 TEA TIME BAKING CASES,1,2011-12-07 14:43:00,1.25,15525,United Kingdom,1.25,2011,12,December,Wednesday
581166,23154,SET OF 4 JAM JAR MAGNETS,1,2011-12-07 14:43:00,2.08,15525,United Kingdom,2.08,2011,12,December,Wednesday
581166,23239,SET OF 4 KNICK KNACK TINS POPPIES,2,2011-12-07 14:43:00,1.65,15525,United Kingdom,3.3,2011,12,December,Wednesday
581166,22722,SET OF 6 SPICE TINS PANTRY DESIGN,1,2011-12-07 14:43:00,3.95,15525,United Kingdom,3.95,2011,12,December,Wednesday
581166,22150,3 STRIPEY MICE FELTCRAFT,1,2011-12-07 14:43:00,1.95,15525,United Kingdom,1.95,2011,12,December,Wednesday
581166,23351,ROLL WRAP 50'S CHRISTMAS,1,2011-12-07 14:43:00,1.25,15525,United Kingdom,1.25,2011,12,December,Wednesday
581166,23352,ROLL WRAP 50'S RED CHRISTMAS,1,2011-12-07 14:43:00,1.25,15525,United Kingdom,1.25,2011,12,December,Wednesday
581166,21212,PACK OF 72 RETROSPOT CAKE CASES,1,2011-12-07 14:43:00,0.55,15525,United Kingdom,0.55,2011,12,December,Wednesday
581166,23307,SET OF 60 PANTRY DESIGN CAKE CASES,1,2011-12-07 14:43:00,0.55,15525,United Kingdom,0.55,2011,12,December,Wednesday
581166,21976,PACK OF 60 MUSHROOM CAKE CASES,1,2011-12-07 14:43:00,0.55,15525,United Kingdom,0.55,2011,12,December,Wednesday
581166,85114B,IVORY ENCHANTED FOREST PLACEMAT,2,2011-12-07 14:43:00,1.65,15525,United Kingdom,3.3,2011,12,December,Wednesday
581166,23354,6 GIFT TAGS 50'S CHRISTMAS,1,2011-12-07 14:43:00,0.83,15525,United Kingdom,0.83,2011,12,December,Wednesday
581166,22587,FELTCRAFT HAIRBAND RED AND BLUE,2,2011-12-07 14:43:00,0.85,15525,United Kingdom,1.7,2011,12,December,Wednesday
581166,23286,BLUE VINTAGE SPOT BEAKER,3,2011-12-07 14:43:00,0.85,15525,United Kingdom,2.55,2011,12,December,Wednesday
581166,23079,TOADSTOOL BEDSIDE LIGHT,1,2011-12-07 14:43:00,8.95,15525,United Kingdom,8.95,2011,12,December,Wednesday
581166,23256,CHILDRENS CUTLERY SPACEBOY,2,2011-12-07 14:43:00,4.15,15525,United Kingdom,8.3,2011,12,December,Wednesday
581166,23198,PANTRY MAGNETIC  SHOPPING LIST,2,2011-12-07 14:43:00,1.45,15525,United Kingdom,2.9,2011,12,December,Wednesday
581166,22981,PANTRY APPLE CORER,1,2011-12-07 14:43:00,1.45,15525,United Kingdom,1.45,2011,12,December,Wednesday
581166,23392,SPACEBOY ROCKET LOLLY MAKERS,1,2011-12-07 14:43:00,2.08,15525,United Kingdom,2.08,2011,12,December,Wednesday
581166,23559,WOODLAND BUNNIES LOLLY MAKERS,1,2011-12-07 14:43:00,2.08,15525,United Kingdom,2.08,2011,12,December,Wednesday
581166,22630,DOLLY GIRL LUNCH BOX,1,2011-12-07 14:43:00,1.95,15525,United Kingdom,1.95,2011,12,December,Wednesday
581166,23290,SPACEBOY CHILDRENS BOWL,3,2011-12-07 14:43:00,1.25,15525,United Kingdom,3.75,2011,12,December,Wednesday
581166,23292,SPACEBOY CHILDRENS CUP,2,2011-12-07 14:43:00,1.25,15525,United Kingdom,2.5,2011,12,December,Wednesday
581166,23291,DOLLY GIRL CHILDRENS CUP,1,2011-12-07 14:43:00,1.25,15525,United Kingdom,1.25,2011,12,December,Wednesday
581166,23289,DOLLY GIRL CHILDRENS BOWL,1,2011-12-07 14:43:00,1.25,15525,United Kingdom,1.25,2011,12,December,Wednesday
581166,22629,SPACEBOY LUNCH BOX,2,2011-12-07 14:43:00,1.95,15525,United Kingdom,3.9,2011,12,December,Wednesday
581166,23203,JUMBO BAG VINTAGE DOILY,1,2011-12-07 14:43:00,2.08,15525,United Kingdom,2.08,2011,12,December,Wednesday
581165,23480,MINI LIGHTS WOODLAND MUSHROOMS,4,2011-12-07 14:39:00,3.75,15701,United Kingdom,15.0,2011,12,December,Wednesday
581165,21015,DARK BIRD HOUSE TREE DECORATION,24,2011-12-07 14:39:00,0.29,15701,United Kingdom,6.959999999999999,2011,12,December,Wednesday
581165,21456,2 PICTURE BOOK EGGS EASTER CHICKS,12,2011-12-07 14:39:00,1.25,15701,United Kingdom,15.0,2011,12,December,Wednesday
581165,21439,BASKET OF TOADSTOOLS,12,2011-12-07 14:39:00,1.25,15701,United Kingdom,15.0,2011,12,December,Wednesday
581165,22967,SET 3 SONG BIRD PAPER EGGS ASSORTED,6,2011-12-07 14:39:00,2.95,15701,United Kingdom,17.700000000000003,2011,12,December,Wednesday
581165,22254,FELT TOADSTOOL LARGE,12,2011-12-07 14:39:00,1.25,15701,United Kingdom,15.0,2011,12,December,Wednesday
581165,22255,FELT TOADSTOOL  SMALL,12,2011-12-07 14:39:00,0.85,15701,United Kingdom,10.2,2011,12,December,Wednesday
581165,23466,TUSCAN VILLA DOVECOTE BIRD FEEDER,2,2011-12-07 14:39:00,8.25,15701,United Kingdom,16.5,2011,12,December,Wednesday
581165,22169,FAMILY ALBUM WHITE PICTURE FRAME,2,2011-12-07 14:39:00,8.5,15701,United Kingdom,17.0,2011,12,December,Wednesday
581165,82482,WOODEN PICTURE FRAME WHITE FINISH,6,2011-12-07 14:39:00,2.95,15701,United Kingdom,17.700000000000003,2011,12,December,Wednesday
581165,21379,CAMPHOR WOOD PORTOBELLO MUSHROOM,6,2011-12-07 14:39:00,0.39,15701,United Kingdom,2.34,2011,12,December,Wednesday
581165,21377,SMALL CAMPHOR WOOD FIELD  MUSHROOM,6,2011-12-07 14:39:00,0.39,15701,United Kingdom,2.34,2011,12,December,Wednesday
581165,21441,BLUE BIRDHOUSE DECORATION,12,2011-12-07 14:39:00,0.19,15701,United Kingdom,2.2800000000000002,2011,12,December,Wednesday
581165,21442,GREEN BIRDHOUSE DECORATION,12,2011-12-07 14:39:00,0.19,15701,United Kingdom,2.2800000000000002,2011,12,December,Wednesday
581165,20831,GOLD PHOTO FRAME,12,2011-12-07 14:39:00,0.79,15701,United Kingdom,9.48,2011,12,December,Wednesday
581165,21115,ROSE CARAVAN DOORSTOP,8,2011-12-07 14:39:00,1.95,15701,United Kingdom,15.6,2011,12,December,Wednesday
581165,21378,SMALL TALL CAMPHOR WOOD TOADSTOOL,12,2011-12-07 14:39:00,0.39,15701,United Kingdom,4.68,2011,12,December,Wednesday
581165,22055,MINI CAKE STAND  HANGING STRAWBERY,16,2011-12-07 14:39:00,0.39,15701,United Kingdom,6.24,2011,12,December,Wednesday
581165,22509,SEWING BOX RETROSPOT DESIGN,4,2011-12-07 14:39:00,3.95,15701,United Kingdom,15.8,2011,12,December,Wednesday
581165,22695,WICKER WREATH SMALL,12,2011-12-07 14:39:00,0.59,15701,United Kingdom,7.08,2011,12,December,Wednesday
581165,22701,PINK DOG BOWL,12,2011-12-07 14:39:00,0.79,15701,United Kingdom,9.48,2011,12,December,Wednesday
581165,22703,PINK CAT BOWL,12,2011-12-07 14:39:00,0.59,15701,United Kingdom,7.08,2011,12,December,Wednesday
581165,22807,SET OF 6 T-LIGHTS TOADSTOOLS,12,2011-12-07 14:39:00,1.25,15701,United Kingdom,15.0,2011,12,December,Wednesday
581165,23107,WHITE HEARTS WIRE PLANT POT HOLDER,8,2011-12-07 14:39:00,0.79,15701,United Kingdom,6.32,2011,12,December,Wednesday
581165,22192,BLUE DINER WALL CLOCK,2,2011-12-07 14:39:00,8.5,15701,United Kingdom,17.0,2011,12,December,Wednesday
581165,23084,RABBIT NIGHT LIGHT,6,2011-12-07 14:39:00,2.08,15701,United Kingdom,12.48,2011,12,December,Wednesday
581165,23108,SET OF 10 LED DOLLY LIGHTS,2,2011-12-07 14:39:00,6.25,15701,United Kingdom,12.5,2011,12,December,Wednesday
581165,23031,DRAWER KNOB CRACKLE GLAZE PINK,6,2011-12-07 14:39:00,1.65,15701,United Kingdom,9.899999999999999,2011,12,December,Wednesday
581165,22771,CLEAR DRAWER KNOB ACRYLIC EDWARDIAN,12,2011-12-07 14:39:00,1.25,15701,United Kingdom,15.0,2011,12,December,Wednesday
581164,37449,CERAMIC CAKE STAND + HANGING CAKES,1,2011-12-07 14:34:00,9.95,14395,United Kingdom,9.95,2011,12,December,Wednesday
581164,23691,WRAP KEEP CALM BIRTHDAY,25,2011-12-07 14:34:00,0.42,14395,United Kingdom,10.5,2011,12,December,Wednesday
581164,21411,GINGHAM HEART  DOORSTOP RED,2,2011-12-07 14:34:00,1.95,14395,United Kingdom,3.9,2011,12,December,Wednesday
581164,23139,SINGLE WIRE HOOK PINK HEART,5,2011-12-07 14:34:00,0.39,14395,United Kingdom,1.9500000000000002,2011,12,December,Wednesday
581164,22171,3 HOOK PHOTO SHELF ANTIQUE WHITE,2,2011-12-07 14:34:00,8.5,14395,United Kingdom,17.0,2011,12,December,Wednesday
581164,22207,FRYING PAN UNION FLAG,1,2011-12-07 14:34:00,4.25,14395,United Kingdom,4.25,2011,12,December,Wednesday
581164,22169,FAMILY ALBUM WHITE PICTURE FRAME,3,2011-12-07 14:34:00,8.5,14395,United Kingdom,25.5,2011,12,December,Wednesday
581164,21901,"KEY FOB , BACK DOOR ",5,2011-12-07 14:34:00,0.65,14395,United Kingdom,3.25,2011,12,December,Wednesday
581164,21900,"KEY FOB , SHED",2,2011-12-07 14:34:00,0.65,14395,United Kingdom,1.3,2011,12,December,Wednesday
581164,21899,GARAGE KEY FOB,4,2011-12-07 14:34:00,0.65,14395,United Kingdom,2.6,2011,12,December,Wednesday
581164,21902,"KEY FOB , FRONT  DOOR ",8,2011-12-07 14:34:00,0.65,14395,United Kingdom,5.2,2011,12,December,Wednesday
581164,22187,GREEN CHRISTMAS TREE CARD HOLDER,6,2011-12-07 14:34:00,1.95,14395,United Kingdom,11.7,2011,12,December,Wednesday
581164,82484,WOOD BLACK BOARD ANT WHITE FINISH,2,2011-12-07 14:34:00,7.95,14395,United Kingdom,15.9,2011,12,December,Wednesday
581164,21155,RED RETROSPOT PEG BAG,6,2011-12-07 14:34:00,2.55,14395,United Kingdom,15.299999999999999,2011,12,December,Wednesday
581164,23141,TRIPLE WIRE HOOK PINK HEART,7,2011-12-07 14:34:00,0.79,14395,United Kingdom,5.53,2011,12,December,Wednesday
581164,22505,MEMO BOARD COTTAGE DESIGN,4,2011-12-07 14:34:00,4.95,14395,United Kingdom,19.8,2011,12,December,Wednesday
581164,22507,MEMO BOARD RETROSPOT  DESIGN,2,2011-12-07 14:34:00,4.95,14395,United Kingdom,9.9,2011,12,December,Wednesday
581164,23356,LOVE HOT WATER BOTTLE,1,2011-12-07 14:34:00,5.95,14395,United Kingdom,5.95,2011,12,December,Wednesday
581164,23355,HOT WATER BOTTLE KEEP CALM,3,2011-12-07 14:34:00,4.95,14395,United Kingdom,14.850000000000001,2011,12,December,Wednesday
581164,22114,HOT WATER BOTTLE TEA AND SYMPATHY,3,2011-12-07 14:34:00,4.25,14395,United Kingdom,12.75,2011,12,December,Wednesday
581164,22111,SCOTTIE DOG HOT WATER BOTTLE,2,2011-12-07 14:34:00,4.95,14395,United Kingdom,9.9,2011,12,December,Wednesday
581164,23356,LOVE HOT WATER BOTTLE,2,2011-12-07 14:34:00,5.95,14395,United Kingdom,11.9,2011,12,December,Wednesday
581164,85048,15CM CHRISTMAS GLASS BALL 20 LIGHTS,1,2011-12-07 14:34:00,7.95,14395,United Kingdom,7.95,2011,12,December,Wednesday
581164,21485,RETROSPOT HEART HOT WATER BOTTLE,3,2011-12-07 14:34:00,4.95,14395,United Kingdom,14.850000000000001,2011,12,December,Wednesday
581164,22633,HAND WARMER UNION JACK,2,2011-12-07 14:34:00,2.1,14395,United Kingdom,4.2,2011,12,December,Wednesday
581164,23139,SINGLE WIRE HOOK PINK HEART,1,2011-12-07 14:34:00,0.39,14395,United Kingdom,0.39,2011,12,December,Wednesday
581164,23332,IVORY WICKER HEART LARGE,6,2011-12-07 14:34:00,1.65,14395,United Kingdom,9.899999999999999,2011,12,December,Wednesday
581164,21592,RETROSPOT CIGAR BOX MATCHES,9,2011-12-07 14:34:00,0.39,14395,United Kingdom,3.5100000000000002,2011,12,December,Wednesday
581164,84968E,SET OF 16 VINTAGE BLACK CUTLERY,1,2011-12-07 14:34:00,12.75,14395,United Kingdom,12.75,2011,12,December,Wednesday
581164,21592,RETROSPOT CIGAR BOX MATCHES,1,2011-12-07 14:34:00,0.39,14395,United Kingdom,0.39,2011,12,December,Wednesday
581164,23439,HAND WARMER RED LOVE HEART,2,2011-12-07 14:34:00,2.1,14395,United Kingdom,4.2,2011,12,December,Wednesday
581164,22112,CHOCOLATE HOT WATER BOTTLE,3,2011-12-07 14:34:00,4.95,14395,United Kingdom,14.850000000000001,2011,12,December,Wednesday
581164,22113,GREY HEART HOT WATER BOTTLE,3,2011-12-07 14:34:00,4.25,14395,United Kingdom,12.75,2011,12,December,Wednesday
581164,21169,YOU'RE CONFUSING ME METAL SIGN,2,2011-12-07 14:34:00,1.69,14395,United Kingdom,3.38,2011,12,December,Wednesday
581164,21181,PLEASE ONE PERSON METAL SIGN,8,2011-12-07 14:34:00,2.1,14395,United Kingdom,16.8,2011,12,December,Wednesday
581164,21770,OPEN CLOSED METAL SIGN,1,2011-12-07 14:34:00,4.95,14395,United Kingdom,4.95,2011,12,December,Wednesday
581164,21175,GIN AND TONIC DIET METAL SIGN,6,2011-12-07 14:34:00,2.55,14395,United Kingdom,15.299999999999999,2011,12,December,Wednesday
581164,22581,WOOD STOCKING CHRISTMAS SCANDISPOT,7,2011-12-07 14:34:00,0.29,14395,United Kingdom,2.03,2011,12,December,Wednesday
581164,21098,CHRISTMAS TOILET ROLL,3,2011-12-07 14:34:00,1.25,14395,United Kingdom,3.75,2011,12,December,Wednesday
581164,23493,VINTAGE DOILY TRAVEL SEWING KIT,6,2011-12-07 14:34:00,1.95,14395,United Kingdom,11.7,2011,12,December,Wednesday
581164,82486,3 DRAWER ANTIQUE WHITE WOOD CABINET,2,2011-12-07 14:34:00,8.95,14395,United Kingdom,17.9,2011,12,December,Wednesday
581164,82483,WOOD 2 DRAWER CABINET WHITE FINISH,2,2011-12-07 14:34:00,6.95,14395,United Kingdom,13.9,2011,12,December,Wednesday
581164,22465,HANGING METAL STAR LANTERN,12,2011-12-07 14:34:00,0.79,14395,United Kingdom,9.48,2011,12,December,Wednesday
581164,22578,WOODEN STAR CHRISTMAS SCANDINAVIAN,8,2011-12-07 14:34:00,0.29,14395,United Kingdom,2.32,2011,12,December,Wednesday
581164,21166,COOK WITH WINE METAL SIGN,4,2011-12-07 14:34:00,2.08,14395,United Kingdom,8.32,2011,12,December,Wednesday
581164,21903,MAN FLU METAL SIGN,3,2011-12-07 14:34:00,2.1,14395,United Kingdom,6.300000000000001,2011,12,December,Wednesday
581164,85150,LADIES & GENTLEMEN METAL SIGN,8,2011-12-07 14:34:00,2.55,14395,United Kingdom,20.4,2011,12,December,Wednesday
581164,21169,YOU'RE CONFUSING ME METAL SIGN,7,2011-12-07 14:34:00,1.69,14395,United Kingdom,11.83,2011,12,December,Wednesday
581164,21098,CHRISTMAS TOILET ROLL,4,2011-12-07 14:34:00,1.25,14395,United Kingdom,5.0,2011,12,December,Wednesday
581164,22173,METAL 4 HOOK HANGER FRENCH CHATEAU,8,2011-12-07 14:34:00,3.29,14395,United Kingdom,26.32,2011,12,December,Wednesday
581164,23321,SMALL WHITE HEART OF WICKER,2,2011-12-07 14:34:00,1.65,14395,United Kingdom,3.3,2011,12,December,Wednesday
581164,23322,LARGE WHITE HEART OF WICKER,1,2011-12-07 14:34:00,2.95,14395,United Kingdom,2.95,2011,12,December,Wednesday
581164,22470,HEART OF WICKER LARGE,6,2011-12-07 14:34:00,2.95,14395,United Kingdom,17.700000000000003,2011,12,December,Wednesday
581164,22158,3 HEARTS HANGING DECORATION RUSTIC,8,2011-12-07 14:34:00,2.95,14395,United Kingdom,23.6,2011,12,December,Wednesday
581164,23318,BOX OF 6 MINI VINTAGE CRACKERS,1,2011-12-07 14:34:00,2.49,14395,United Kingdom,2.49,2011,12,December,Wednesday
581164,23322,LARGE WHITE HEART OF WICKER,5,2011-12-07 14:34:00,2.95,14395,United Kingdom,14.75,2011,12,December,Wednesday
581164,23321,SMALL WHITE HEART OF WICKER,6,2011-12-07 14:34:00,1.65,14395,United Kingdom,9.899999999999999,2011,12,December,Wednesday
581163,82484,WOOD BLACK BOARD ANT WHITE FINISH,36,2011-12-07 14:34:00,6.75,12747,United Kingdom,243.0,2011,12,December,Wednesday
581163,85099C,JUMBO  BAG BAROQUE BLACK WHITE,10,2011-12-07 14:34:00,2.08,12747,United Kingdom,20.8,2011,12,December,Wednesday
581163,85062,PEARL CRYSTAL PUMPKIN T-LIGHT HLDR,24,2011-12-07 14:34:00,1.65,12747,United Kingdom,39.599999999999994,2011,12,December,Wednesday
581163,23581,JUMBO BAG PAISLEY PARK,10,2011-12-07 14:34:00,2.08,12747,United Kingdom,20.8,2011,12,December,Wednesday
581163,85123A,WHITE HANGING HEART T-LIGHT HOLDER,6,2011-12-07 14:34:00,2.95,12747,United Kingdom,17.700000000000003,2011,12,December,Wednesday
581163,82494L,WOODEN FRAME ANTIQUE WHITE,24,2011-12-07 14:34:00,2.55,12747,United Kingdom,61.199999999999996,2011,12,December,Wednesday
581163,82482,WOODEN PICTURE FRAME WHITE FINISH,12,2011-12-07 14:34:00,2.95,12747,United Kingdom,35.400000000000006,2011,12,December,Wednesday
581150,23084,RABBIT NIGHT LIGHT,2,2011-12-07 14:12:00,2.08,17266,United Kingdom,4.16,2011,12,December,Wednesday
581150,23398,HANGING HEART BONHEUR,2,2011-12-07 14:12:00,0.85,17266,United Kingdom,1.7,2011,12,December,Wednesday
581150,23399,HOME SWEET HOME HANGING HEART,2,2011-12-07 14:12:00,0.85,17266,United Kingdom,1.7,2011,12,December,Wednesday
581150,21622,VINTAGE UNION JACK CUSHION COVER,1,2011-12-07 14:12:00,4.95,17266,United Kingdom,4.95,2011,12,December,Wednesday
581150,22786,CUSHION COVER PINK UNION JACK,2,2011-12-07 14:12:00,1.25,17266,United Kingdom,2.5,2011,12,December,Wednesday
581150,46000M,POLYESTER FILLER PAD 45x45cm,1,2011-12-07 14:12:00,1.55,17266,United Kingdom,1.55,2011,12,December,Wednesday
581150,46000R,POLYESTER FILLER PAD 45x30cm,2,2011-12-07 14:12:00,1.45,17266,United Kingdom,2.9,2011,12,December,Wednesday
581150,20781,GOLD EAR MUFF HEADPHONES,1,2011-12-07 14:12:00,1.95,17266,United Kingdom,1.95,2011,12,December,Wednesday
581149,23333,IVORY WICKER HEART MEDIUM,3,2011-12-07 14:12:00,1.25,15471,United Kingdom,3.75,2011,12,December,Wednesday
581149,23154,SET OF 4 JAM JAR MAGNETS,1,2011-12-07 14:12:00,2.08,15471,United Kingdom,2.08,2011,12,December,Wednesday
581149,23332,IVORY WICKER HEART LARGE,3,2011-12-07 14:12:00,1.65,15471,United Kingdom,4.949999999999999,2011,12,December,Wednesday
581149,22195,LARGE HEART MEASURING SPOONS,2,2011-12-07 14:12:00,1.65,15471,United Kingdom,3.3,2011,12,December,Wednesday
581149,22733,3D TRADITIONAL CHRISTMAS STICKERS,3,2011-12-07 14:12:00,1.25,15471,United Kingdom,3.75,2011,12,December,Wednesday
581149,23353,6 GIFT TAGS VINTAGE CHRISTMAS,2,2011-12-07 14:12:00,0.83,15471,United Kingdom,1.66,2011,12,December,Wednesday
581149,85123A,WHITE HANGING HEART T-LIGHT HOLDER,32,2011-12-07 14:12:00,2.55,15471,United Kingdom,81.6,2011,12,December,Wednesday
581149,22107,PIZZA PLATE IN BOX,1,2011-12-07 14:12:00,1.25,15471,United Kingdom,1.25,2011,12,December,Wednesday
581149,22109,FULL ENGLISH BREAKFAST PLATE,2,2011-12-07 14:12:00,3.75,15471,United Kingdom,7.5,2011,12,December,Wednesday
581149,22217,T-LIGHT HOLDER HANGING LACE,2,2011-12-07 14:12:00,0.39,15471,United Kingdom,0.78,2011,12,December,Wednesday
581149,21733,RED HANGING HEART T-LIGHT HOLDER,6,2011-12-07 14:12:00,2.95,15471,United Kingdom,17.700000000000003,2011,12,December,Wednesday
581149,21535,RED RETROSPOT SMALL MILK JUG,4,2011-12-07 14:12:00,2.55,15471,United Kingdom,10.2,2011,12,December,Wednesday
581149,22199,FRYING PAN RED RETROSPOT,3,2011-12-07 14:12:00,1.25,15471,United Kingdom,3.75,2011,12,December,Wednesday
581149,22203,MILK PAN RED RETROSPOT,3,2011-12-07 14:12:00,1.25,15471,United Kingdom,3.75,2011,12,December,Wednesday
581149,82581,TOILET METAL SIGN,4,2011-12-07 14:12:00,0.55,15471,United Kingdom,2.2,2011,12,December,Wednesday
581149,82580,BATHROOM METAL SIGN,4,2011-12-07 14:12:00,0.55,15471,United Kingdom,2.2,2011,12,December,Wednesday
581149,82578,KITCHEN METAL SIGN,4,2011-12-07 14:12:00,0.55,15471,United Kingdom,2.2,2011,12,December,Wednesday
581149,22561,WOODEN SCHOOL COLOURING SET,2,2011-12-07 14:12:00,1.65,15471,United Kingdom,3.3,2011,12,December,Wednesday
581149,22315,200 RED + WHITE BENDY STRAWS,1,2011-12-07 14:12:00,1.25,15471,United Kingdom,1.25,2011,12,December,Wednesday
581149,21446,12 RED ROSE PEG PLACE SETTINGS,2,2011-12-07 14:12:00,1.25,15471,United Kingdom,2.5,2011,12,December,Wednesday
581149,23374,RED SPOT PAPER GIFT BAG,3,2011-12-07 14:12:00,0.82,15471,United Kingdom,2.46,2011,12,December,Wednesday
581149,23154,SET OF 4 JAM JAR MAGNETS,2,2011-12-07 14:12:00,2.08,15471,United Kingdom,4.16,2011,12,December,Wednesday
581149,23323,WHITE WICKER STAR,1,2011-12-07 14:12:00,2.1,15471,United Kingdom,2.1,2011,12,December,Wednesday
581149,21533,RETROSPOT LARGE MILK JUG,3,2011-12-07 14:12:00,4.95,15471,United Kingdom,14.850000000000001,2011,12,December,Wednesday
581149,21535,RED RETROSPOT SMALL MILK JUG,2,2011-12-07 14:12:00,2.55,15471,United Kingdom,5.1,2011,12,December,Wednesday
581149,22426,ENAMEL WASH BOWL CREAM,1,2011-12-07 14:12:00,3.75,15471,United Kingdom,3.75,2011,12,December,Wednesday
581149,22425,ENAMEL COLANDER CREAM,1,2011-12-07 14:12:00,4.95,15471,United Kingdom,4.95,2011,12,December,Wednesday
581149,85130B,BEADED CRYSTAL HEART GREEN LARGE,1,2011-12-07 14:12:00,0.79,15471,United Kingdom,0.79,2011,12,December,Wednesday
581149,21212,PACK OF 72 RETROSPOT CAKE CASES,1,2011-12-07 14:12:00,0.55,15471,United Kingdom,0.55,2011,12,December,Wednesday
581149,21591,COSY HOUR CIGAR BOX MATCHES,2,2011-12-07 14:12:00,1.25,15471,United Kingdom,2.5,2011,12,December,Wednesday
581149,21592,RETROSPOT CIGAR BOX MATCHES,2,2011-12-07 14:12:00,0.39,15471,United Kingdom,0.78,2011,12,December,Wednesday
581149,23295,SET OF 12 MINI LOAF BAKING CASES,1,2011-12-07 14:12:00,0.83,15471,United Kingdom,0.83,2011,12,December,Wednesday
581149,23501,KEY RING BASEBALL BOOT UNION JACK,6,2011-12-07 14:12:00,1.25,15471,United Kingdom,7.5,2011,12,December,Wednesday
581149,22196,SMALL HEART MEASURING SPOONS,1,2011-12-07 14:12:00,0.85,15471,United Kingdom,0.85,2011,12,December,Wednesday
581149,23154,SET OF 4 JAM JAR MAGNETS,3,2011-12-07 14:12:00,2.08,15471,United Kingdom,6.24,2011,12,December,Wednesday
581149,22466,FAIRY TALE COTTAGE NIGHT LIGHT,3,2011-12-07 14:12:00,1.95,15471,United Kingdom,5.85,2011,12,December,Wednesday
581149,85130D,BEADED CRYSTAL HEART PINK LARGE,1,2011-12-07 14:12:00,0.79,15471,United Kingdom,0.79,2011,12,December,Wednesday
581149,85130C,BEADED CRYSTAL HEART BLUE  LARGE,1,2011-12-07 14:12:00,0.79,15471,United Kingdom,0.79,2011,12,December,Wednesday
581149,23415,HOME SWEET HOME HOOK,3,2011-12-07 14:12:00,0.39,15471,United Kingdom,1.17,2011,12,December,Wednesday
581149,23417,BATHROOM HOOK,6,2011-12-07 14:12:00,0.39,15471,United Kingdom,2.34,2011,12,December,Wednesday
581149,22233,JIGSAW RABBIT AND BIRDHOUSE,1,2011-12-07 14:12:00,0.59,15471,United Kingdom,0.59,2011,12,December,Wednesday
581149,21439,BASKET OF TOADSTOOLS,3,2011-12-07 14:12:00,1.25,15471,United Kingdom,3.75,2011,12,December,Wednesday
581149,23416,CHAMBRE HOOK,6,2011-12-07 14:12:00,0.39,15471,United Kingdom,2.34,2011,12,December,Wednesday
581149,22082,RIBBON REEL STRIPES DESIGN,5,2011-12-07 14:12:00,1.65,15471,United Kingdom,8.25,2011,12,December,Wednesday
581149,22079,RIBBON REEL HEARTS DESIGN,2,2011-12-07 14:12:00,1.65,15471,United Kingdom,3.3,2011,12,December,Wednesday
581149,23338,EGG FRYING PAN RED,1,2011-12-07 14:12:00,2.08,15471,United Kingdom,2.08,2011,12,December,Wednesday
581149,23321,SMALL WHITE HEART OF WICKER,2,2011-12-07 14:12:00,1.65,15471,United Kingdom,3.3,2011,12,December,Wednesday
581149,22561,WOODEN SCHOOL COLOURING SET,4,2011-12-07 14:12:00,1.65,15471,United Kingdom,6.6,2011,12,December,Wednesday
581149,22232,JIGSAW TOADSTOOLS 3 PIECE,8,2011-12-07 14:12:00,0.59,15471,United Kingdom,4.72,2011,12,December,Wednesday
581149,22558,CLOTHES PEGS RETROSPOT PACK 24,3,2011-12-07 14:12:00,1.65,15471,United Kingdom,4.949999999999999,2011,12,December,Wednesday
581149,23500,KEY RING BASEBALL BOOT ASSORTED,20,2011-12-07 14:12:00,1.25,15471,United Kingdom,25.0,2011,12,December,Wednesday
581149,22173,METAL 4 HOOK HANGER FRENCH CHATEAU,3,2011-12-07 14:12:00,3.29,15471,United Kingdom,9.870000000000001,2011,12,December,Wednesday
581149,22363,GLASS JAR MARMALADE,1,2011-12-07 14:12:00,2.95,15471,United Kingdom,2.95,2011,12,December,Wednesday
581149,23323,WHITE WICKER STAR,2,2011-12-07 14:12:00,2.1,15471,United Kingdom,4.2,2011,12,December,Wednesday
581149,23115,RED APPLES CHOPPING BOARD,1,2011-12-07 14:12:00,4.95,15471,United Kingdom,4.95,2011,12,December,Wednesday
581149,21080,SET/20 RED RETROSPOT PAPER NAPKINS,3,2011-12-07 14:12:00,0.85,15471,United Kingdom,2.55,2011,12,December,Wednesday
581149,22224,WHITE LOVEBIRD LANTERN,2,2011-12-07 14:12:00,2.95,15471,United Kingdom,5.9,2011,12,December,Wednesday
581149,23293,SET OF 12 FAIRY CAKE BAKING CASES,1,2011-12-07 14:12:00,0.83,15471,United Kingdom,0.83,2011,12,December,Wednesday
581149,84792,ENCHANTED BIRD COATHANGER 5 HOOK,4,2011-12-07 14:12:00,4.65,15471,United Kingdom,18.6,2011,12,December,Wednesday
581149,22233,JIGSAW RABBIT AND BIRDHOUSE,3,2011-12-07 14:12:00,0.59,15471,United Kingdom,1.77,2011,12,December,Wednesday
581149,72741,GRAND CHOCOLATECANDLE,9,2011-12-07 14:12:00,1.45,15471,United Kingdom,13.049999999999999,2011,12,December,Wednesday
581149,21714,CITRONELLA CANDLE GARDEN POT,6,2011-12-07 14:12:00,1.25,15471,United Kingdom,7.5,2011,12,December,Wednesday
581149,71053,WHITE MOROCCAN METAL LANTERN,1,2011-12-07 14:12:00,3.75,15471,United Kingdom,3.75,2011,12,December,Wednesday
581149,22928,YELLOW GIANT GARDEN THERMOMETER,2,2011-12-07 14:12:00,5.95,15471,United Kingdom,11.9,2011,12,December,Wednesday
581149,22807,SET OF 6 T-LIGHTS TOADSTOOLS,6,2011-12-07 14:12:00,1.25,15471,United Kingdom,7.5,2011,12,December,Wednesday
581149,22500,SET OF 2 TINS JARDIN DE PROVENCE,4,2011-12-07 14:12:00,1.25,15471,United Kingdom,5.0,2011,12,December,Wednesday
581149,22171,3 HOOK PHOTO SHELF ANTIQUE WHITE,1,2011-12-07 14:12:00,8.5,15471,United Kingdom,8.5,2011,12,December,Wednesday
581149,85039A,SET/4 RED MINI ROSE CANDLE IN BOWL,2,2011-12-07 14:12:00,1.65,15471,United Kingdom,3.3,2011,12,December,Wednesday
581149,23156,SET OF 5 MINI GROCERY MAGNETS,12,2011-12-07 14:12:00,2.08,15471,United Kingdom,24.96,2011,12,December,Wednesday
581149,23360,SET 8 CANDLES VINTAGE DOILY,2,2011-12-07 14:12:00,1.95,15471,United Kingdom,3.9,2011,12,December,Wednesday
581149,72122,COFFEE SCENT PILLAR CANDLE,6,2011-12-07 14:12:00,0.95,15471,United Kingdom,5.699999999999999,2011,12,December,Wednesday
581149,23099,FRENCH CARRIAGE LANTERN,1,2011-12-07 14:12:00,6.65,15471,United Kingdom,6.65,2011,12,December,Wednesday
581149,22365,DOORMAT RESPECTABLE HOUSE,1,2011-12-07 14:12:00,8.25,15471,United Kingdom,8.25,2011,12,December,Wednesday
581147,21172,PARTY METAL SIGN,2,2011-12-07 14:01:00,1.45,16426,United Kingdom,2.9,2011,12,December,Wednesday
581147,21181,PLEASE ONE PERSON METAL SIGN,1,2011-12-07 14:01:00,2.1,16426,United Kingdom,2.1,2011,12,December,Wednesday
581147,21174,POTTERING IN THE SHED METAL SIGN,1,2011-12-07 14:01:00,2.08,16426,United Kingdom,2.08,2011,12,December,Wednesday
581147,82567,"AIRLINE LOUNGE,METAL SIGN",1,2011-12-07 14:01:00,2.1,16426,United Kingdom,2.1,2011,12,December,Wednesday
581147,21907,I'M ON HOLIDAY METAL SIGN,1,2011-12-07 14:01:00,2.1,16426,United Kingdom,2.1,2011,12,December,Wednesday
581147,21166,COOK WITH WINE METAL SIGN,1,2011-12-07 14:01:00,2.08,16426,United Kingdom,2.08,2011,12,December,Wednesday
581147,22371,AIRLINE BAG VINTAGE TOKYO 78,2,2011-12-07 14:01:00,4.25,16426,United Kingdom,8.5,2011,12,December,Wednesday
581147,22086,PAPER CHAIN KIT 50'S CHRISTMAS,3,2011-12-07 14:01:00,2.95,16426,United Kingdom,8.850000000000001,2011,12,December,Wednesday
581147,22603,CHRISTMAS RETROSPOT TREE WOOD,3,2011-12-07 14:01:00,0.85,16426,United Kingdom,2.55,2011,12,December,Wednesday
581147,22602,RETROSPOT WOODEN HEART DECORATION,3,2011-12-07 14:01:00,0.85,16426,United Kingdom,2.55,2011,12,December,Wednesday
581147,22600,CHRISTMAS RETROSPOT STAR WOOD,3,2011-12-07 14:01:00,0.85,16426,United Kingdom,2.55,2011,12,December,Wednesday
581147,22581,WOOD STOCKING CHRISTMAS SCANDISPOT,3,2011-12-07 14:01:00,0.29,16426,United Kingdom,0.8699999999999999,2011,12,December,Wednesday
581147,22574,HEART WOODEN CHRISTMAS DECORATION,3,2011-12-07 14:01:00,0.85,16426,United Kingdom,2.55,2011,12,December,Wednesday
581147,23264,SET OF 3 WOODEN SLEIGH DECORATIONS,1,2011-12-07 14:01:00,1.25,16426,United Kingdom,1.25,2011,12,December,Wednesday
581147,23265,SET OF 3 WOODEN TREE DECORATIONS,1,2011-12-07 14:01:00,1.25,16426,United Kingdom,1.25,2011,12,December,Wednesday
581147,23263,SET OF 3 WOODEN HEART DECORATIONS,1,2011-12-07 14:01:00,1.25,16426,United Kingdom,1.25,2011,12,December,Wednesday
581147,23266,SET OF 3 WOODEN STOCKING DECORATION,2,2011-12-07 14:01:00,1.25,16426,United Kingdom,2.5,2011,12,December,Wednesday
581147,22599,CHRISTMAS MUSICAL ZINC STAR,3,2011-12-07 14:01:00,0.29,16426,United Kingdom,0.8699999999999999,2011,12,December,Wednesday
581147,22598,CHRISTMAS MUSICAL ZINC TREE,3,2011-12-07 14:01:00,0.29,16426,United Kingdom,0.8699999999999999,2011,12,December,Wednesday
581147,22571,ROCKING HORSE RED CHRISTMAS,3,2011-12-07 14:01:00,0.85,16426,United Kingdom,2.55,2011,12,December,Wednesday
581147,22597,MUSICAL ZINC HEART DECORATION,3,2011-12-07 14:01:00,0.29,16426,United Kingdom,0.8699999999999999,2011,12,December,Wednesday
581147,23333,IVORY WICKER HEART MEDIUM,10,2011-12-07 14:01:00,1.25,16426,United Kingdom,12.5,2011,12,December,Wednesday
581147,23332,IVORY WICKER HEART LARGE,5,2011-12-07 14:01:00,1.65,16426,United Kingdom,8.25,2011,12,December,Wednesday
581147,23330,DECORATIVE WICKER HEART MEDIUM,10,2011-12-07 14:01:00,1.25,16426,United Kingdom,12.5,2011,12,December,Wednesday
581147,23331,DECORATIVE WICKER HEART SMALL,16,2011-12-07 14:01:00,0.63,16426,United Kingdom,10.08,2011,12,December,Wednesday
581147,20728,LUNCH BAG CARS BLUE,5,2011-12-07 14:01:00,1.65,16426,United Kingdom,8.25,2011,12,December,Wednesday
581147,22382,LUNCH BAG SPACEBOY DESIGN,5,2011-12-07 14:01:00,1.65,16426,United Kingdom,8.25,2011,12,December,Wednesday
581147,23583,LUNCH BAG PAISLEY PARK,5,2011-12-07 14:01:00,1.65,16426,United Kingdom,8.25,2011,12,December,Wednesday
581147,22662,LUNCH BAG DOLLY GIRL DESIGN,2,2011-12-07 14:01:00,1.65,16426,United Kingdom,3.3,2011,12,December,Wednesday
581147,20726,LUNCH BAG WOODLAND,3,2011-12-07 14:01:00,1.65,16426,United Kingdom,4.949999999999999,2011,12,December,Wednesday
581147,22383,LUNCH BAG SUKI DESIGN,5,2011-12-07 14:01:00,1.65,16426,United Kingdom,8.25,2011,12,December,Wednesday
581147,23301,GARDENERS KNEELING PAD KEEP CALM,5,2011-12-07 14:01:00,1.65,16426,United Kingdom,8.25,2011,12,December,Wednesday
581147,23300,GARDENERS KNEELING PAD CUP OF TEA,5,2011-12-07 14:01:00,1.65,16426,United Kingdom,8.25,2011,12,December,Wednesday
581147,23207,LUNCH BAG ALPHABET DESIGN,5,2011-12-07 14:01:00,1.65,16426,United Kingdom,8.25,2011,12,December,Wednesday
581147,23208,LUNCH BAG VINTAGE LEAF DESIGN,5,2011-12-07 14:01:00,1.65,16426,United Kingdom,8.25,2011,12,December,Wednesday
581147,23209,LUNCH BAG VINTAGE DOILY,5,2011-12-07 14:01:00,1.65,16426,United Kingdom,8.25,2011,12,December,Wednesday
581147,23206,LUNCH BAG APPLE DESIGN,5,2011-12-07 14:01:00,1.65,16426,United Kingdom,8.25,2011,12,December,Wednesday
581147,20727,LUNCH BAG  BLACK SKULL.,10,2011-12-07 14:01:00,1.65,16426,United Kingdom,16.5,2011,12,December,Wednesday
581147,20725,LUNCH BAG RED RETROSPOT,5,2011-12-07 14:01:00,1.65,16426,United Kingdom,8.25,2011,12,December,Wednesday
581147,23681,LUNCH BAG RED VINTAGE DOILY,5,2011-12-07 14:01:00,1.65,16426,United Kingdom,8.25,2011,12,December,Wednesday
581147,22384,LUNCH BAG PINK POLKADOT,10,2011-12-07 14:01:00,1.65,16426,United Kingdom,16.5,2011,12,December,Wednesday
581146,23579,SNACK TRAY I LOVE LONDON,4,2011-12-07 13:53:00,1.95,17602,United Kingdom,7.8,2011,12,December,Wednesday
581146,23319,BOX OF 6 MINI 50'S CRACKERS,3,2011-12-07 13:53:00,2.49,17602,United Kingdom,7.470000000000001,2011,12,December,Wednesday
581146,23318,BOX OF 6 MINI VINTAGE CRACKERS,3,2011-12-07 13:53:00,2.49,17602,United Kingdom,7.470000000000001,2011,12,December,Wednesday
581146,23311,VINTAGE CHRISTMAS STOCKING,1,2011-12-07 13:53:00,2.55,17602,United Kingdom,2.55,2011,12,December,Wednesday
581146,23320,GIANT 50'S CHRISTMAS CRACKER,6,2011-12-07 13:53:00,1.25,17602,United Kingdom,7.5,2011,12,December,Wednesday
581146,23350,ROLL WRAP VINTAGE SPOT,3,2011-12-07 13:53:00,1.25,17602,United Kingdom,3.75,2011,12,December,Wednesday
581146,23349,ROLL WRAP VINTAGE CHRISTMAS,3,2011-12-07 13:53:00,1.25,17602,United Kingdom,3.75,2011,12,December,Wednesday
581146,22553,PLASTERS IN TIN SKULLS,24,2011-12-07 13:53:00,1.65,17602,United Kingdom,39.599999999999994,2011,12,December,Wednesday
581146,23084,RABBIT NIGHT LIGHT,24,2011-12-07 13:53:00,1.79,17602,United Kingdom,42.96,2011,12,December,Wednesday
581146,84347,ROTATING SILVER ANGELS T-LIGHT HLDR,24,2011-12-07 13:53:00,2.55,17602,United Kingdom,61.199999999999996,2011,12,December,Wednesday
581146,22942,CHRISTMAS LIGHTS 10 SANTAS,7,2011-12-07 13:53:00,2.95,17602,United Kingdom,20.650000000000002,2011,12,December,Wednesday
581146,23077,DOUGHNUT LIP GLOSS,40,2011-12-07 13:53:00,1.25,17602,United Kingdom,50.0,2011,12,December,Wednesday
581146,22732,3D VINTAGE CHRISTMAS STICKERS,1,2011-12-07 13:53:00,1.25,17602,United Kingdom,1.25,2011,12,December,Wednesday
581146,22653,BUTTON BOX,2,2011-12-07 13:53:00,1.95,17602,United Kingdom,3.9,2011,12,December,Wednesday
581146,22555,PLASTERS IN TIN STRONGMAN,10,2011-12-07 13:53:00,1.65,17602,United Kingdom,16.5,2011,12,December,Wednesday
581146,22554,PLASTERS IN TIN WOODLAND ANIMALS,1,2011-12-07 13:53:00,1.65,17602,United Kingdom,1.65,2011,12,December,Wednesday
581146,22551,PLASTERS IN TIN SPACEBOY,1,2011-12-07 13:53:00,1.65,17602,United Kingdom,1.65,2011,12,December,Wednesday
581146,22556,PLASTERS IN TIN CIRCUS PARADE,12,2011-12-07 13:53:00,1.65,17602,United Kingdom,19.799999999999997,2011,12,December,Wednesday
581146,22557,PLASTERS IN TIN VINTAGE PAISLEY,24,2011-12-07 13:53:00,1.65,17602,United Kingdom,39.599999999999994,2011,12,December,Wednesday
581146,23504,PLAYING CARDS JUBILEE UNION JACK,3,2011-12-07 13:53:00,1.25,17602,United Kingdom,3.75,2011,12,December,Wednesday
581146,22910,PAPER CHAIN KIT VINTAGE CHRISTMAS,3,2011-12-07 13:53:00,2.95,17602,United Kingdom,8.850000000000001,2011,12,December,Wednesday
581146,22086,PAPER CHAIN KIT 50'S CHRISTMAS,3,2011-12-07 13:53:00,2.95,17602,United Kingdom,8.850000000000001,2011,12,December,Wednesday
581146,22732,3D VINTAGE CHRISTMAS STICKERS,3,2011-12-07 13:53:00,1.25,17602,United Kingdom,3.75,2011,12,December,Wednesday
581146,21679,SKULLS  STICKERS,6,2011-12-07 13:53:00,0.85,17602,United Kingdom,5.1,2011,12,December,Wednesday
581146,23502,PLAYING CARDS VINTAGE DOILY,3,2011-12-07 13:53:00,1.25,17602,United Kingdom,3.75,2011,12,December,Wednesday
581146,23503,PLAYING CARDS KEEP CALM & CARRY ON,3,2011-12-07 13:53:00,1.25,17602,United Kingdom,3.75,2011,12,December,Wednesday
581146,23493,VINTAGE DOILY TRAVEL SEWING KIT,6,2011-12-07 13:53:00,1.95,17602,United Kingdom,11.7,2011,12,December,Wednesday
581146,22554,PLASTERS IN TIN WOODLAND ANIMALS,8,2011-12-07 13:53:00,1.65,17602,United Kingdom,13.2,2011,12,December,Wednesday
581146,21592,RETROSPOT CIGAR BOX MATCHES,2,2011-12-07 13:53:00,0.39,17602,United Kingdom,0.78,2011,12,December,Wednesday
581146,22551,PLASTERS IN TIN SPACEBOY,8,2011-12-07 13:53:00,1.65,17602,United Kingdom,13.2,2011,12,December,Wednesday
581146,23497,CLASSIC CHROME BICYCLE BELL,6,2011-12-07 13:53:00,1.45,17602,United Kingdom,8.7,2011,12,December,Wednesday
581146,22437,SET OF 9 BLACK SKULL BALLOONS,5,2011-12-07 13:53:00,0.85,17602,United Kingdom,4.25,2011,12,December,Wednesday
581146,22068,BLACK PIRATE TREASURE CHEST,18,2011-12-07 13:53:00,0.39,17602,United Kingdom,7.0200000000000005,2011,12,December,Wednesday
581146,22069,BROWN  PIRATE TREASURE CHEST,7,2011-12-07 13:53:00,0.39,17602,United Kingdom,2.73,2011,12,December,Wednesday
581146,22632,HAND WARMER RED RETROSPOT,4,2011-12-07 13:53:00,2.1,17602,United Kingdom,8.4,2011,12,December,Wednesday
581146,23439,HAND WARMER RED LOVE HEART,5,2011-12-07 13:53:00,2.1,17602,United Kingdom,10.5,2011,12,December,Wednesday
581146,22633,HAND WARMER UNION JACK,2,2011-12-07 13:53:00,2.1,17602,United Kingdom,4.2,2011,12,December,Wednesday
581146,22866,HAND WARMER SCOTTY DOG DESIGN,4,2011-12-07 13:53:00,2.1,17602,United Kingdom,8.4,2011,12,December,Wednesday
581146,22865,HAND WARMER OWL DESIGN,4,2011-12-07 13:53:00,2.1,17602,United Kingdom,8.4,2011,12,December,Wednesday
581146,23356,LOVE HOT WATER BOTTLE,4,2011-12-07 13:53:00,5.95,17602,United Kingdom,23.8,2011,12,December,Wednesday
581146,22111,SCOTTIE DOG HOT WATER BOTTLE,2,2011-12-07 13:53:00,4.95,17602,United Kingdom,9.9,2011,12,December,Wednesday
581146,22835,HOT WATER BOTTLE I AM SO POORLY,4,2011-12-07 13:53:00,4.95,17602,United Kingdom,19.8,2011,12,December,Wednesday
581146,21479,WHITE SKULL HOT WATER BOTTLE,1,2011-12-07 13:53:00,4.25,17602,United Kingdom,4.25,2011,12,December,Wednesday
581146,23355,HOT WATER BOTTLE KEEP CALM,1,2011-12-07 13:53:00,4.95,17602,United Kingdom,4.95,2011,12,December,Wednesday
581146,21843,RED RETROSPOT CAKE STAND,1,2011-12-07 13:53:00,10.95,17602,United Kingdom,10.95,2011,12,December,Wednesday
581146,35004B,SET OF 3 BLACK FLYING DUCKS,2,2011-12-07 13:53:00,5.45,17602,United Kingdom,10.9,2011,12,December,Wednesday
581146,22467,GUMBALL COAT RACK,3,2011-12-07 13:53:00,2.55,17602,United Kingdom,7.6499999999999995,2011,12,December,Wednesday
581146,84950,ASSORTED COLOUR T-LIGHT HOLDER,12,2011-12-07 13:53:00,0.65,17602,United Kingdom,7.800000000000001,2011,12,December,Wednesday
581146,22560,TRADITIONAL MODELLING CLAY,6,2011-12-07 13:53:00,1.25,17602,United Kingdom,7.5,2011,12,December,Wednesday
581146,21218,RED SPOTTY BISCUIT TIN,1,2011-12-07 13:53:00,3.75,17602,United Kingdom,3.75,2011,12,December,Wednesday
581146,22996,TRAVEL CARD WALLET VINTAGE TICKET,24,2011-12-07 13:53:00,0.42,17602,United Kingdom,10.08,2011,12,December,Wednesday
581146,85123A,WHITE HANGING HEART T-LIGHT HOLDER,3,2011-12-07 13:53:00,2.95,17602,United Kingdom,8.850000000000001,2011,12,December,Wednesday
581146,21733,RED HANGING HEART T-LIGHT HOLDER,3,2011-12-07 13:53:00,2.95,17602,United Kingdom,8.850000000000001,2011,12,December,Wednesday
581146,22804,PINK HANGING HEART T-LIGHT HOLDER,3,2011-12-07 13:53:00,2.95,17602,United Kingdom,8.850000000000001,2011,12,December,Wednesday
581146,22809,SET OF 6 T-LIGHTS SANTA,2,2011-12-07 13:53:00,2.95,17602,United Kingdom,5.9,2011,12,December,Wednesday
581146,23002,TRAVEL CARD WALLET SKULLS,24,2011-12-07 13:53:00,0.42,17602,United Kingdom,10.08,2011,12,December,Wednesday
581146,22995,TRAVEL CARD WALLET SUKI,24,2011-12-07 13:53:00,0.42,17602,United Kingdom,10.08,2011,12,December,Wednesday
581146,22999,TRAVEL CARD WALLET VINTAGE LEAF,24,2011-12-07 13:53:00,0.42,17602,United Kingdom,10.08,2011,12,December,Wednesday
581146,23000,TRAVEL CARD WALLET TRANSPORT,24,2011-12-07 13:53:00,0.42,17602,United Kingdom,10.08,2011,12,December,Wednesday
581146,22994,TRAVEL CARD WALLET RETROSPOT,24,2011-12-07 13:53:00,0.42,17602,United Kingdom,10.08,2011,12,December,Wednesday
581146,22998,TRAVEL CARD WALLET KEEP CALM,24,2011-12-07 13:53:00,0.42,17602,United Kingdom,10.08,2011,12,December,Wednesday
581146,22558,CLOTHES PEGS RETROSPOT PACK 24,3,2011-12-07 13:53:00,1.65,17602,United Kingdom,4.949999999999999,2011,12,December,Wednesday
581146,84536A,ENGLISH ROSE NOTEBOOK A7 SIZE,8,2011-12-07 13:53:00,0.42,17602,United Kingdom,3.36,2011,12,December,Wednesday
581146,20759,CHRYSANTHEMUM POCKET BOOK,1,2011-12-07 13:53:00,0.85,17602,United Kingdom,0.85,2011,12,December,Wednesday
581146,20758,ABSTRACT CIRCLES POCKET BOOK,1,2011-12-07 13:53:00,0.85,17602,United Kingdom,0.85,2011,12,December,Wednesday
581146,21991,BOHEMIAN COLLAGE STATIONERY SET,3,2011-12-07 13:53:00,1.25,17602,United Kingdom,3.75,2011,12,December,Wednesday
581146,21990,MODERN FLORAL STATIONERY SET,3,2011-12-07 13:53:00,1.25,17602,United Kingdom,3.75,2011,12,December,Wednesday
581146,23302,KNEELING MAT HOUSEWORK  DESIGN,3,2011-12-07 13:53:00,0.79,17602,United Kingdom,2.37,2011,12,December,Wednesday
581146,72351A,SET/6 TURQUOISE BUTTERFLY T-LIGHTS,1,2011-12-07 13:53:00,2.1,17602,United Kingdom,2.1,2011,12,December,Wednesday
581146,72349B,SET/6 PURPLE BUTTERFLY T-LIGHTS,2,2011-12-07 13:53:00,2.1,17602,United Kingdom,4.2,2011,12,December,Wednesday
581146,22085,PAPER CHAIN KIT SKULLS,3,2011-12-07 13:53:00,2.95,17602,United Kingdom,8.850000000000001,2011,12,December,Wednesday
581146,22083,PAPER CHAIN KIT RETROSPOT,3,2011-12-07 13:53:00,2.95,17602,United Kingdom,8.850000000000001,2011,12,December,Wednesday
581146,23239,SET OF 4 KNICK KNACK TINS POPPIES,1,2011-12-07 13:53:00,1.65,17602,United Kingdom,1.65,2011,12,December,Wednesday
581146,23240,SET OF 4 KNICK KNACK TINS DOILY,1,2011-12-07 13:53:00,4.15,17602,United Kingdom,4.15,2011,12,December,Wednesday
581146,23237,SET OF 4 KNICK KNACK TINS LEAF,1,2011-12-07 13:53:00,4.15,17602,United Kingdom,4.15,2011,12,December,Wednesday
581146,72349B,SET/6 PURPLE BUTTERFLY T-LIGHTS,1,2011-12-07 13:53:00,2.1,17602,United Kingdom,2.1,2011,12,December,Wednesday
581146,72351A,SET/6 TURQUOISE BUTTERFLY T-LIGHTS,2,2011-12-07 13:53:00,2.1,17602,United Kingdom,4.2,2011,12,December,Wednesday
581146,72351B,SET/6 PINK  BUTTERFLY T-LIGHTS,3,2011-12-07 13:53:00,2.1,17602,United Kingdom,6.300000000000001,2011,12,December,Wednesday
581146,23238,SET OF 4 KNICK KNACK TINS LONDON,12,2011-12-07 13:53:00,4.15,17602,United Kingdom,49.800000000000004,2011,12,December,Wednesday
581146,23090,VINTAGE GLASS T-LIGHT HOLDER,24,2011-12-07 13:53:00,0.83,17602,United Kingdom,19.919999999999998,2011,12,December,Wednesday
581146,23472,NINE DRAWER OFFICE TIDY,1,2011-12-07 13:53:00,14.95,17602,United Kingdom,14.95,2011,12,December,Wednesday
581146,21213,PACK OF 72 SKULL CAKE CASES,24,2011-12-07 13:53:00,0.55,17602,United Kingdom,13.200000000000001,2011,12,December,Wednesday
581146,22960,JAM MAKING SET WITH JARS,1,2011-12-07 13:53:00,4.25,17602,United Kingdom,4.25,2011,12,December,Wednesday
581146,22900,SET 2 TEA TOWELS I LOVE LONDON,5,2011-12-07 13:53:00,3.25,17602,United Kingdom,16.25,2011,12,December,Wednesday
581146,22988,SOLDIERS EGG CUP,36,2011-12-07 13:53:00,1.25,17602,United Kingdom,45.0,2011,12,December,Wednesday
581146,22909,SET OF 20 VINTAGE CHRISTMAS NAPKINS,4,2011-12-07 13:53:00,0.85,17602,United Kingdom,3.4,2011,12,December,Wednesday
581146,21080,SET/20 RED RETROSPOT PAPER NAPKINS,2,2011-12-07 13:53:00,0.85,17602,United Kingdom,1.7,2011,12,December,Wednesday
581146,21989,PACK OF 20 SKULL PAPER NAPKINS,2,2011-12-07 13:53:00,0.85,17602,United Kingdom,1.7,2011,12,December,Wednesday
581146,21035,SET/2 RED RETROSPOT TEA TOWELS,4,2011-12-07 13:53:00,3.25,17602,United Kingdom,13.0,2011,12,December,Wednesday
581146,22099,CARAVAN SQUARE TISSUE BOX,4,2011-12-07 13:53:00,0.39,17602,United Kingdom,1.56,2011,12,December,Wednesday
581146,22094,RED RETROSPOT TISSUE BOX,3,2011-12-07 13:53:00,0.39,17602,United Kingdom,1.17,2011,12,December,Wednesday
581146,23307,SET OF 60 PANTRY DESIGN CAKE CASES,5,2011-12-07 13:53:00,0.55,17602,United Kingdom,2.75,2011,12,December,Wednesday
581146,22417,PACK OF 60 SPACEBOY CAKE CASES,6,2011-12-07 13:53:00,0.55,17602,United Kingdom,3.3000000000000003,2011,12,December,Wednesday
581146,23308,SET OF 60 VINTAGE LEAF CAKE CASES,5,2011-12-07 13:53:00,0.55,17602,United Kingdom,2.75,2011,12,December,Wednesday
581146,84992,72 SWEETHEART FAIRY CAKE CASES,5,2011-12-07 13:53:00,0.55,17602,United Kingdom,2.75,2011,12,December,Wednesday
581146,22890,NOVELTY BISCUITS CAKE STAND 3 TIER,1,2011-12-07 13:53:00,9.95,17602,United Kingdom,9.95,2011,12,December,Wednesday
581146,21418,STARFISH SOAP DISH,1,2011-12-07 13:53:00,0.79,17602,United Kingdom,0.79,2011,12,December,Wednesday
581146,22930,BAKING MOULD HEART MILK CHOCOLATE,3,2011-12-07 13:53:00,2.55,17602,United Kingdom,7.6499999999999995,2011,12,December,Wednesday
581146,22931,BAKING MOULD HEART WHITE CHOCOLATE,3,2011-12-07 13:53:00,2.55,17602,United Kingdom,7.6499999999999995,2011,12,December,Wednesday
581146,22616,PACK OF 12 LONDON TISSUES,12,2011-12-07 13:53:00,0.39,17602,United Kingdom,4.68,2011,12,December,Wednesday
581146,22615,PACK OF 12 CIRCUS PARADE TISSUES,12,2011-12-07 13:53:00,0.39,17602,United Kingdom,4.68,2011,12,December,Wednesday
581146,21980,PACK OF 12 RED RETROSPOT TISSUES,12,2011-12-07 13:53:00,0.39,17602,United Kingdom,4.68,2011,12,December,Wednesday
581146,21967,PACK OF 12 SKULL TISSUES,12,2011-12-07 13:53:00,0.39,17602,United Kingdom,4.68,2011,12,December,Wednesday
581146,21981,PACK OF 12 WOODLAND TISSUES,12,2011-12-07 13:53:00,0.39,17602,United Kingdom,4.68,2011,12,December,Wednesday
581146,23381,PACK OF 12 VINTAGE LEAF TISSUES,12,2011-12-07 13:53:00,0.39,17602,United Kingdom,4.68,2011,12,December,Wednesday
581146,21985,PACK OF 12 HEARTS DESIGN TISSUES,12,2011-12-07 13:53:00,0.39,17602,United Kingdom,4.68,2011,12,December,Wednesday
581146,23309,SET OF 60 I LOVE LONDON CAKE CASES,24,2011-12-07 13:53:00,0.55,17602,United Kingdom,13.200000000000001,2011,12,December,Wednesday
581146,21212,PACK OF 72 RETROSPOT CAKE CASES,24,2011-12-07 13:53:00,0.55,17602,United Kingdom,13.200000000000001,2011,12,December,Wednesday
581146,84991,60 TEATIME FAIRY CAKE CASES,6,2011-12-07 13:53:00,0.55,17602,United Kingdom,3.3000000000000003,2011,12,December,Wednesday
581146,21975,PACK OF 60 DINOSAUR CAKE CASES,6,2011-12-07 13:53:00,0.55,17602,United Kingdom,3.3000000000000003,2011,12,December,Wednesday
581146,21977,PACK OF 60 PINK PAISLEY CAKE CASES,6,2011-12-07 13:53:00,0.55,17602,United Kingdom,3.3000000000000003,2011,12,December,Wednesday
581146,20973,12 PENCIL SMALL TUBE WOODLAND,8,2011-12-07 13:53:00,0.65,17602,United Kingdom,5.2,2011,12,December,Wednesday
581146,20974,12 PENCILS SMALL TUBE SKULL,8,2011-12-07 13:53:00,0.65,17602,United Kingdom,5.2,2011,12,December,Wednesday
581146,20975,12 PENCILS SMALL TUBE RED RETROSPOT,8,2011-12-07 13:53:00,0.65,17602,United Kingdom,5.2,2011,12,December,Wednesday
581146,23366,SET 12 COLOURING PENCILS DOILY,4,2011-12-07 13:53:00,0.65,17602,United Kingdom,2.6,2011,12,December,Wednesday
581146,23367,SET 12 COLOUR PENCILS SPACEBOY,6,2011-12-07 13:53:00,0.65,17602,United Kingdom,3.9000000000000004,2011,12,December,Wednesday
581146,23365,SET 12 COLOUR PENCILS LOVE LONDON,5,2011-12-07 13:53:00,0.65,17602,United Kingdom,3.25,2011,12,December,Wednesday
581146,23552,BICYCLE PUNCTURE REPAIR KIT,3,2011-12-07 13:53:00,2.08,17602,United Kingdom,6.24,2011,12,December,Wednesday
581146,21420,OYSTER TRINKET BOX,4,2011-12-07 13:53:00,0.79,17602,United Kingdom,3.16,2011,12,December,Wednesday
581146,21418,STARFISH SOAP DISH,3,2011-12-07 13:53:00,0.79,17602,United Kingdom,2.37,2011,12,December,Wednesday
581144,22037,ROBOT BIRTHDAY CARD,24,2011-12-07 13:46:00,0.42,14085,United Kingdom,10.08,2011,12,December,Wednesday
581144,21504,SKULLS GREETING CARD,24,2011-12-07 13:46:00,0.42,14085,United Kingdom,10.08,2011,12,December,Wednesday
581144,21506,"FANCY FONT BIRTHDAY CARD, ",24,2011-12-07 13:46:00,0.42,14085,United Kingdom,10.08,2011,12,December,Wednesday
581144,22716,CARD CIRCUS PARADE,24,2011-12-07 13:46:00,0.42,14085,United Kingdom,10.08,2011,12,December,Wednesday
581144,22983,CARD BILLBOARD FONT,24,2011-12-07 13:46:00,0.42,14085,United Kingdom,10.08,2011,12,December,Wednesday
581144,21700,BIG DOUGHNUT FRIDGE MAGNETS,3,2011-12-07 13:46:00,0.85,14085,United Kingdom,2.55,2011,12,December,Wednesday
581144,22750,FELTCRAFT PRINCESS LOLA DOLL,2,2011-12-07 13:46:00,3.75,14085,United Kingdom,7.5,2011,12,December,Wednesday
581144,22751,FELTCRAFT PRINCESS OLIVIA DOLL,3,2011-12-07 13:46:00,3.75,14085,United Kingdom,11.25,2011,12,December,Wednesday
581144,23570,TRADITIONAL PICK UP STICKS GAME,21,2011-12-07 13:46:00,1.25,14085,United Kingdom,26.25,2011,12,December,Wednesday
581144,22568,FELTCRAFT CUSHION OWL,12,2011-12-07 13:46:00,3.75,14085,United Kingdom,45.0,2011,12,December,Wednesday
581144,21914,BLUE HARMONICA IN BOX,36,2011-12-07 13:46:00,1.25,14085,United Kingdom,45.0,2011,12,December,Wednesday
581144,23229,VINTAGE DONKEY TAIL GAME,3,2011-12-07 13:46:00,3.75,14085,United Kingdom,11.25,2011,12,December,Wednesday
581144,21495,SKULLS AND CROSSBONES WRAP,25,2011-12-07 13:46:00,0.42,14085,United Kingdom,10.5,2011,12,December,Wednesday
581144,21497,FANCY FONTS BIRTHDAY WRAP,25,2011-12-07 13:46:00,0.42,14085,United Kingdom,10.5,2011,12,December,Wednesday
581144,21498,RED RETROSPOT WRAP,25,2011-12-07 13:46:00,0.42,14085,United Kingdom,10.5,2011,12,December,Wednesday
581143,23249,VINTAGE RED ENAMEL TRIM PLATE,1,2011-12-07 13:46:00,1.65,17490,United Kingdom,1.65,2011,12,December,Wednesday
581143,23250,VINTAGE RED TRIM ENAMEL BOWL,31,2011-12-07 13:46:00,1.25,17490,United Kingdom,38.75,2011,12,December,Wednesday
581142,23156,SET OF 5 MINI GROCERY MAGNETS,1,2011-12-07 13:38:00,2.08,14204,United Kingdom,2.08,2011,12,December,Wednesday
581142,21012,ANTIQUE ALL GLASS CANDLESTICK,1,2011-12-07 13:38:00,2.1,14204,United Kingdom,2.1,2011,12,December,Wednesday
581142,23148,MINIATURE ANTIQUE ROSE HOOK IVORY,1,2011-12-07 13:38:00,0.83,14204,United Kingdom,0.83,2011,12,December,Wednesday
581142,21914,BLUE HARMONICA IN BOX,1,2011-12-07 13:38:00,1.25,14204,United Kingdom,1.25,2011,12,December,Wednesday
581142,22400,MAGNETS PACK OF 4 HOME SWEET HOME,1,2011-12-07 13:38:00,0.39,14204,United Kingdom,0.39,2011,12,December,Wednesday
581142,23158,SET OF 5 LUCKY CAT MAGNETS,1,2011-12-07 13:38:00,2.08,14204,United Kingdom,2.08,2011,12,December,Wednesday
581142,22273,FELTCRAFT DOLL MOLLY,1,2011-12-07 13:38:00,2.95,14204,United Kingdom,2.95,2011,12,December,Wednesday
581142,23084,RABBIT NIGHT LIGHT,1,2011-12-07 13:38:00,2.08,14204,United Kingdom,2.08,2011,12,December,Wednesday
581142,23148,MINIATURE ANTIQUE ROSE HOOK IVORY,2,2011-12-07 13:38:00,0.83,14204,United Kingdom,1.66,2011,12,December,Wednesday
581142,22906,12 MESSAGE CARDS WITH ENVELOPES,1,2011-12-07 13:38:00,1.65,14204,United Kingdom,1.65,2011,12,December,Wednesday
581142,22435,SET OF 9 HEART SHAPED BALLOONS,1,2011-12-07 13:38:00,1.25,14204,United Kingdom,1.25,2011,12,December,Wednesday
581142,22532,MAGIC DRAWING SLATE LEAP FROG,4,2011-12-07 13:38:00,0.42,14204,United Kingdom,1.68,2011,12,December,Wednesday
581142,22533,MAGIC DRAWING SLATE BAKE A CAKE,5,2011-12-07 13:38:00,0.42,14204,United Kingdom,2.1,2011,12,December,Wednesday
581142,23439,HAND WARMER RED LOVE HEART,2,2011-12-07 13:38:00,2.1,14204,United Kingdom,4.2,2011,12,December,Wednesday
581142,16225,RATTLE SNAKE EGGS,2,2011-12-07 13:38:00,0.39,14204,United Kingdom,0.78,2011,12,December,Wednesday
581142,47566,PARTY BUNTING,3,2011-12-07 13:38:00,4.95,14204,United Kingdom,14.850000000000001,2011,12,December,Wednesday
581142,22139,RETROSPOT TEA SET CERAMIC 11 PC,2,2011-12-07 13:38:00,4.95,14204,United Kingdom,9.9,2011,12,December,Wednesday
581142,21034,REX CASH+CARRY JUMBO SHOPPER,3,2011-12-07 13:38:00,0.95,14204,United Kingdom,2.8499999999999996,2011,12,December,Wednesday
581142,23496,PANTRY KITCHEN THERMOMETER,1,2011-12-07 13:38:00,1.25,14204,United Kingdom,1.25,2011,12,December,Wednesday
581142,22112,CHOCOLATE HOT WATER BOTTLE,2,2011-12-07 13:38:00,4.95,14204,United Kingdom,9.9,2011,12,December,Wednesday
581142,23388,WOODLAND MINI BACKPACK,2,2011-12-07 13:38:00,4.15,14204,United Kingdom,8.3,2011,12,December,Wednesday
581142,21481,FAWN BLUE HOT WATER BOTTLE,2,2011-12-07 13:38:00,3.75,14204,United Kingdom,7.5,2011,12,December,Wednesday
581142,22607,WOODEN ROUNDERS GARDEN SET,1,2011-12-07 13:38:00,9.95,14204,United Kingdom,9.95,2011,12,December,Wednesday
581142,21790,VINTAGE SNAP CARDS,1,2011-12-07 13:38:00,0.85,14204,United Kingdom,0.85,2011,12,December,Wednesday
581142,23154,SET OF 4 JAM JAR MAGNETS,1,2011-12-07 13:38:00,2.08,14204,United Kingdom,2.08,2011,12,December,Wednesday
581142,85173,SET/6 FROG PRINCE T-LIGHT CANDLES,1,2011-12-07 13:38:00,0.79,14204,United Kingdom,0.79,2011,12,December,Wednesday
581142,23104,IVORY CAFE HANGING LAMP,1,2011-12-07 13:38:00,12.5,14204,United Kingdom,12.5,2011,12,December,Wednesday
581142,21791,VINTAGE HEADS AND TAILS CARD GAME,4,2011-12-07 13:38:00,1.25,14204,United Kingdom,5.0,2011,12,December,Wednesday
581142,23503,PLAYING CARDS KEEP CALM & CARRY ON,2,2011-12-07 13:38:00,1.25,14204,United Kingdom,2.5,2011,12,December,Wednesday
581142,23502,PLAYING CARDS VINTAGE DOILY,2,2011-12-07 13:38:00,1.25,14204,United Kingdom,2.5,2011,12,December,Wednesday
581142,20726,LUNCH BAG WOODLAND,4,2011-12-07 13:38:00,1.65,14204,United Kingdom,6.6,2011,12,December,Wednesday
581142,22532,MAGIC DRAWING SLATE LEAP FROG,6,2011-12-07 13:38:00,0.42,14204,United Kingdom,2.52,2011,12,December,Wednesday
581142,22546,MINI JIGSAW PURDEY,2,2011-12-07 13:38:00,0.19,14204,United Kingdom,0.38,2011,12,December,Wednesday
581142,23154,SET OF 4 JAM JAR MAGNETS,2,2011-12-07 13:38:00,2.08,14204,United Kingdom,4.16,2011,12,December,Wednesday
581142,22722,SET OF 6 SPICE TINS PANTRY DESIGN,1,2011-12-07 13:38:00,3.95,14204,United Kingdom,3.95,2011,12,December,Wednesday
581142,90129C,GREEN GLASS TASSLE BAG CHARM,1,2011-12-07 13:38:00,2.95,14204,United Kingdom,2.95,2011,12,December,Wednesday
581142,90129B,TURQUOISE GLASS TASSLE BAG CHARM,1,2011-12-07 13:38:00,2.95,14204,United Kingdom,2.95,2011,12,December,Wednesday
581142,90129F,RED GLASS TASSLE BAG CHARM,1,2011-12-07 13:38:00,2.95,14204,United Kingdom,2.95,2011,12,December,Wednesday
581142,90082A,DIAMANTE BOW BROOCH GREEN COLOUR,1,2011-12-07 13:38:00,6.35,14204,United Kingdom,6.35,2011,12,December,Wednesday
581141,21544,SKULLS  WATER TRANSFER TATTOOS,12,2011-12-07 13:35:00,0.85,14132,United Kingdom,10.2,2011,12,December,Wednesday
581141,23310,BUBBLEGUM RING ASSORTED,36,2011-12-07 13:35:00,0.42,14132,United Kingdom,15.12,2011,12,December,Wednesday
581141,22622,BOX OF VINTAGE ALPHABET BLOCKS,2,2011-12-07 13:35:00,11.95,14132,United Kingdom,23.9,2011,12,December,Wednesday
581141,22493,PAINT YOUR OWN CANVAS SET,12,2011-12-07 13:35:00,1.65,14132,United Kingdom,19.799999999999997,2011,12,December,Wednesday
581141,22561,WOODEN SCHOOL COLOURING SET,24,2011-12-07 13:35:00,1.65,14132,United Kingdom,39.599999999999994,2011,12,December,Wednesday
581141,10135,COLOURING PENCILS BROWN TUBE,10,2011-12-07 13:35:00,1.25,14132,United Kingdom,12.5,2011,12,December,Wednesday
581141,20969,RED FLORAL FELTCRAFT SHOULDER BAG,4,2011-12-07 13:35:00,3.75,14132,United Kingdom,15.0,2011,12,December,Wednesday
581141,22150,3 STRIPEY MICE FELTCRAFT,12,2011-12-07 13:35:00,1.95,14132,United Kingdom,23.4,2011,12,December,Wednesday
581141,22587,FELTCRAFT HAIRBAND RED AND BLUE,12,2011-12-07 13:35:00,0.85,14132,United Kingdom,10.2,2011,12,December,Wednesday
581141,22750,FELTCRAFT PRINCESS LOLA DOLL,4,2011-12-07 13:35:00,3.75,14132,United Kingdom,15.0,2011,12,December,Wednesday
581141,22813,PACK 3 BOXES BIRD PANETTONE,12,2011-12-07 13:35:00,1.95,14132,United Kingdom,23.4,2011,12,December,Wednesday
581141,21913,VINTAGE SEASIDE JIGSAW PUZZLES,4,2011-12-07 13:35:00,3.75,14132,United Kingdom,15.0,2011,12,December,Wednesday
581141,22623,BOX OF VINTAGE JIGSAW BLOCKS,3,2011-12-07 13:35:00,5.95,14132,United Kingdom,17.85,2011,12,December,Wednesday
581141,23352,ROLL WRAP 50'S RED CHRISTMAS,12,2011-12-07 13:35:00,1.25,14132,United Kingdom,15.0,2011,12,December,Wednesday
581141,84826,ASSTD DESIGN 3D PAPER STICKERS,60,2011-12-07 13:35:00,0.19,14132,United Kingdom,11.4,2011,12,December,Wednesday
581141,22743,MAKE YOUR OWN FLOWERPOWER CARD KIT,12,2011-12-07 13:35:00,0.79,14132,United Kingdom,9.48,2011,12,December,Wednesday
581141,22744,MAKE YOUR OWN MONSOON CARD KIT,12,2011-12-07 13:35:00,0.79,14132,United Kingdom,9.48,2011,12,December,Wednesday
581141,22742,MAKE YOUR OWN PLAYTIME CARD KIT,12,2011-12-07 13:35:00,0.79,14132,United Kingdom,9.48,2011,12,December,Wednesday
581141,22544,MINI JIGSAW SPACEBOY,48,2011-12-07 13:35:00,0.19,14132,United Kingdom,9.120000000000001,2011,12,December,Wednesday
581141,21726,MULTI HEARTS  STICKERS,12,2011-12-07 13:35:00,0.85,14132,United Kingdom,10.2,2011,12,December,Wednesday
581140,23498,CLASSIC BICYCLE CLIPS,12,2011-12-07 13:23:00,1.45,13870,United Kingdom,17.4,2011,12,December,Wednesday
581140,47590B,PINK HAPPY BIRTHDAY BUNTING,3,2011-12-07 13:23:00,5.45,13870,United Kingdom,16.35,2011,12,December,Wednesday
581140,22624,IVORY KITCHEN SCALES,2,2011-12-07 13:23:00,8.5,13870,United Kingdom,17.0,2011,12,December,Wednesday
581140,22086,PAPER CHAIN KIT 50'S CHRISTMAS,40,2011-12-07 13:23:00,2.55,13870,United Kingdom,102.0,2011,12,December,Wednesday
581139,21166,COOK WITH WINE METAL SIGN,48,2011-12-07 13:21:00,1.85,13798,United Kingdom,88.80000000000001,2011,12,December,Wednesday
581139,21035,SET/2 RED RETROSPOT TEA TOWELS,100,2011-12-07 13:21:00,2.75,13798,United Kingdom,275.0,2011,12,December,Wednesday
581139,21231,SWEETHEART CERAMIC TRINKET BOX,72,2011-12-07 13:21:00,1.06,13798,United Kingdom,76.32000000000001,2011,12,December,Wednesday
581139,21232,STRAWBERRY CERAMIC TRINKET POT,72,2011-12-07 13:21:00,1.06,13798,United Kingdom,76.32000000000001,2011,12,December,Wednesday
581139,85123A,WHITE HANGING HEART T-LIGHT HOLDER,32,2011-12-07 13:21:00,2.55,13798,United Kingdom,81.6,2011,12,December,Wednesday
581139,21109,LARGE CAKE TOWEL CHOCOLATE SPOTS,96,2011-12-07 13:21:00,1.95,13798,United Kingdom,187.2,2011,12,December,Wednesday
581139,22064,PINK DOUGHNUT TRINKET POT,96,2011-12-07 13:21:00,0.39,13798,United Kingdom,37.44,2011,12,December,Wednesday
581138,20719,WOODLAND CHARLOTTE BAG,100,2011-12-07 13:17:00,0.72,12950,United Kingdom,72.0,2011,12,December,Wednesday
581138,22355,CHARLOTTE BAG SUKI DESIGN,100,2011-12-07 13:17:00,0.72,12950,United Kingdom,72.0,2011,12,December,Wednesday
581138,20724,RED RETROSPOT CHARLOTTE BAG,200,2011-12-07 13:17:00,0.72,12950,United Kingdom,144.0,2011,12,December,Wednesday
581138,23204,CHARLOTTE BAG APPLES DESIGN,100,2011-12-07 13:17:00,0.72,12950,United Kingdom,72.0,2011,12,December,Wednesday
581137,21408,SPOTTY PINK DUCK DOORSTOP,8,2011-12-07 13:16:00,1.95,17434,United Kingdom,15.6,2011,12,December,Wednesday
581137,22390,PAPERWEIGHT CHILDHOOD MEMORIES,12,2011-12-07 13:16:00,0.39,17434,United Kingdom,4.68,2011,12,December,Wednesday
581137,22405,MONEY BOX POCKET MONEY DESIGN,12,2011-12-07 13:16:00,0.39,17434,United Kingdom,4.68,2011,12,December,Wednesday
581137,22393,PAPERWEIGHT VINTAGE COLLAGE,24,2011-12-07 13:16:00,0.39,17434,United Kingdom,9.36,2011,12,December,Wednesday
581137,22703,PINK CAT BOWL,12,2011-12-07 13:16:00,0.59,17434,United Kingdom,7.08,2011,12,December,Wednesday
581137,84819,DANISH ROSE ROUND SEWING BOX,16,2011-12-07 13:16:00,0.79,17434,United Kingdom,12.64,2011,12,December,Wednesday
581137,21810,CHRISTMAS HANGING STAR WITH BELL,48,2011-12-07 13:16:00,0.39,17434,United Kingdom,18.72,2011,12,December,Wednesday
581137,22111,SCOTTIE DOG HOT WATER BOTTLE,12,2011-12-07 13:16:00,4.95,17434,United Kingdom,59.400000000000006,2011,12,December,Wednesday
581137,22112,CHOCOLATE HOT WATER BOTTLE,12,2011-12-07 13:16:00,4.95,17434,United Kingdom,59.400000000000006,2011,12,December,Wednesday
581137,22835,HOT WATER BOTTLE I AM SO POORLY,12,2011-12-07 13:16:00,4.95,17434,United Kingdom,59.400000000000006,2011,12,December,Wednesday
581137,23084,RABBIT NIGHT LIGHT,12,2011-12-07 13:16:00,2.08,17434,United Kingdom,24.96,2011,12,December,Wednesday
581137,21108,FAIRY CAKE FLANNEL ASSORTED COLOUR,18,2011-12-07 13:16:00,0.79,17434,United Kingdom,14.22,2011,12,December,Wednesday
581137,20973,12 PENCIL SMALL TUBE WOODLAND,24,2011-12-07 13:16:00,0.65,17434,United Kingdom,15.600000000000001,2011,12,December,Wednesday
581137,85032B,BLOSSOM IMAGES GIFT WRAP SET,12,2011-12-07 13:16:00,0.65,17434,United Kingdom,7.800000000000001,2011,12,December,Wednesday
581137,85032C,CURIOUS IMAGES GIFT WRAP SET,12,2011-12-07 13:16:00,0.65,17434,United Kingdom,7.800000000000001,2011,12,December,Wednesday
581136,79302M,"ART LIGHTS,FUNK MONKEY",20,2011-12-07 13:16:00,2.55,18273,United Kingdom,51.0,2011,12,December,Wednesday
581135,22699,ROSES REGENCY TEACUP AND SAUCER,24,2011-12-07 13:14:00,2.55,18092,United Kingdom,61.199999999999996,2011,12,December,Wednesday
581135,22697,GREEN REGENCY TEACUP AND SAUCER,24,2011-12-07 13:14:00,2.55,18092,United Kingdom,61.199999999999996,2011,12,December,Wednesday
581135,23173,REGENCY TEAPOT ROSES,12,2011-12-07 13:14:00,8.15,18092,United Kingdom,97.80000000000001,2011,12,December,Wednesday
581135,23245,SET OF 3 REGENCY CAKE TINS,8,2011-12-07 13:14:00,4.95,18092,United Kingdom,39.6,2011,12,December,Wednesday
581135,21481,FAWN BLUE HOT WATER BOTTLE,36,2011-12-07 13:14:00,3.39,18092,United Kingdom,122.04,2011,12,December,Wednesday
581135,84029G,KNITTED UNION FLAG HOT WATER BOTTLE,24,2011-12-07 13:14:00,3.75,18092,United Kingdom,90.0,2011,12,December,Wednesday
581135,22114,HOT WATER BOTTLE TEA AND SYMPATHY,24,2011-12-07 13:14:00,3.75,18092,United Kingdom,90.0,2011,12,December,Wednesday
581134,17003,BROCADE RING PURSE,36,2011-12-07 13:12:00,0.39,16368,United Kingdom,14.040000000000001,2011,12,December,Wednesday
581134,23434,3 RAFFIA RIBBONS 50'S CHRISTMAS,1,2011-12-07 13:12:00,0.79,16368,United Kingdom,0.79,2011,12,December,Wednesday
581134,22905,CALENDAR IN SEASON DESIGN,1,2011-12-07 13:12:00,1.25,16368,United Kingdom,1.25,2011,12,December,Wednesday
581134,23154,SET OF 4 JAM JAR MAGNETS,1,2011-12-07 13:12:00,2.08,16368,United Kingdom,2.08,2011,12,December,Wednesday
581134,23060,HEART BEADED TRELLIS DECORATION,2,2011-12-07 13:12:00,2.08,16368,United Kingdom,4.16,2011,12,December,Wednesday
581134,23576,SNACK TRAY RED VINTAGE DOILY,1,2011-12-07 13:12:00,1.95,16368,United Kingdom,1.95,2011,12,December,Wednesday
581134,23561,SET OF 6 RIBBONS PARTY,2,2011-12-07 13:12:00,2.89,16368,United Kingdom,5.78,2011,12,December,Wednesday
581134,23562,SET OF 6 RIBBONS PERFECTLY PRETTY,1,2011-12-07 13:12:00,2.89,16368,United Kingdom,2.89,2011,12,December,Wednesday
581134,35471D,SET OF 3 BIRD LIGHT PINK FEATHER,3,2011-12-07 13:12:00,0.39,16368,United Kingdom,1.17,2011,12,December,Wednesday
581134,85049E,SCANDINAVIAN REDS RIBBONS,2,2011-12-07 13:12:00,1.25,16368,United Kingdom,2.5,2011,12,December,Wednesday
581134,22734,SET OF 6 RIBBONS VINTAGE CHRISTMAS,3,2011-12-07 13:12:00,2.89,16368,United Kingdom,8.67,2011,12,December,Wednesday
581134,23435,3 RAFFIA RIBBONS VINTAGE CHRISTMAS,3,2011-12-07 13:12:00,0.79,16368,United Kingdom,2.37,2011,12,December,Wednesday
581134,23434,3 RAFFIA RIBBONS 50'S CHRISTMAS,5,2011-12-07 13:12:00,0.79,16368,United Kingdom,3.95,2011,12,December,Wednesday
581134,23560,SET OF 6 RIBBONS COUNTRY STYLE,1,2011-12-07 13:12:00,2.89,16368,United Kingdom,2.89,2011,12,December,Wednesday
581134,85049C,ROMANTIC PINKS RIBBONS,1,2011-12-07 13:12:00,1.25,16368,United Kingdom,1.25,2011,12,December,Wednesday
581134,22077,6 RIBBONS RUSTIC CHARM,1,2011-12-07 13:12:00,1.95,16368,United Kingdom,1.95,2011,12,December,Wednesday
581134,84378,SET OF 3 HEART COOKIE CUTTERS,1,2011-12-07 13:12:00,1.45,16368,United Kingdom,1.45,2011,12,December,Wednesday
581134,22487,WHITE WOOD GARDEN PLANT LADDER,1,2011-12-07 13:12:00,9.95,16368,United Kingdom,9.95,2011,12,December,Wednesday
581134,85049G,CHOCOLATE BOX RIBBONS,3,2011-12-07 13:12:00,1.25,16368,United Kingdom,3.75,2011,12,December,Wednesday
581134,21977,PACK OF 60 PINK PAISLEY CAKE CASES,1,2011-12-07 13:12:00,0.55,16368,United Kingdom,0.55,2011,12,December,Wednesday
581134,23307,SET OF 60 PANTRY DESIGN CAKE CASES,1,2011-12-07 13:12:00,0.55,16368,United Kingdom,0.55,2011,12,December,Wednesday
581134,84992,72 SWEETHEART FAIRY CAKE CASES,1,2011-12-07 13:12:00,0.55,16368,United Kingdom,0.55,2011,12,December,Wednesday
581134,23234,BISCUIT TIN VINTAGE CHRISTMAS,1,2011-12-07 13:12:00,2.89,16368,United Kingdom,2.89,2011,12,December,Wednesday
581134,85049C,ROMANTIC PINKS RIBBONS,2,2011-12-07 13:12:00,1.25,16368,United Kingdom,2.5,2011,12,December,Wednesday
581134,22077,6 RIBBONS RUSTIC CHARM,2,2011-12-07 13:12:00,1.95,16368,United Kingdom,3.9,2011,12,December,Wednesday
581134,22734,SET OF 6 RIBBONS VINTAGE CHRISTMAS,5,2011-12-07 13:12:00,2.89,16368,United Kingdom,14.450000000000001,2011,12,December,Wednesday
581134,23060,HEART BEADED TRELLIS DECORATION,6,2011-12-07 13:12:00,2.08,16368,United Kingdom,12.48,2011,12,December,Wednesday
581134,21034,REX CASH+CARRY JUMBO SHOPPER,1,2011-12-07 13:12:00,0.95,16368,United Kingdom,0.95,2011,12,December,Wednesday
581134,84711B,PINK OVAL SHAPE TRINKET BOX,1,2011-12-07 13:12:00,9.95,16368,United Kingdom,9.95,2011,12,December,Wednesday
581134,21592,RETROSPOT CIGAR BOX MATCHES,1,2011-12-07 13:12:00,0.39,16368,United Kingdom,0.39,2011,12,December,Wednesday
581134,85049A,TRADITIONAL CHRISTMAS RIBBONS,5,2011-12-07 13:12:00,1.25,16368,United Kingdom,6.25,2011,12,December,Wednesday
581134,84708B,PINK JEWELLED PHOTO FRAME,1,2011-12-07 13:12:00,4.95,16368,United Kingdom,4.95,2011,12,December,Wednesday
581134,21454,PAINTED PINK RABBIT,6,2011-12-07 13:12:00,0.85,16368,United Kingdom,5.1,2011,12,December,Wednesday
581134,22281,EASTER TREE YELLOW BIRDS,1,2011-12-07 13:12:00,5.95,16368,United Kingdom,5.95,2011,12,December,Wednesday
581134,23442,12 HANGING EGGS HAND PAINTED,1,2011-12-07 13:12:00,2.08,16368,United Kingdom,2.08,2011,12,December,Wednesday
581134,22228,BUNNY WOODEN PAINTED WITH BIRD,3,2011-12-07 13:12:00,0.39,16368,United Kingdom,1.17,2011,12,December,Wednesday
581134,84707B,PINK JEWELLED MIRROR TRINKET TRAY,1,2011-12-07 13:12:00,1.95,16368,United Kingdom,1.95,2011,12,December,Wednesday
581134,23251,VINTAGE RED ENAMEL TRIM MUG,1,2011-12-07 13:12:00,1.25,16368,United Kingdom,1.25,2011,12,December,Wednesday
581134,21455,PAINTED YELLOW WOODEN DAISY,1,2011-12-07 13:12:00,0.85,16368,United Kingdom,0.85,2011,12,December,Wednesday
581134,23442,12 HANGING EGGS HAND PAINTED,8,2011-12-07 13:12:00,2.08,16368,United Kingdom,16.64,2011,12,December,Wednesday
581134,23067,HANGING ENGRAVED METAL HEART,1,2011-12-07 13:12:00,4.15,16368,United Kingdom,4.15,2011,12,December,Wednesday
581134,21455,PAINTED YELLOW WOODEN DAISY,5,2011-12-07 13:12:00,0.85,16368,United Kingdom,4.25,2011,12,December,Wednesday
581134,23441,HAND PAINTED HANGING EASTER EGG,2,2011-12-07 13:12:00,0.42,16368,United Kingdom,0.84,2011,12,December,Wednesday
581133,16225,RATTLE SNAKE EGGS,48,2011-12-07 12:55:00,0.39,14904,United Kingdom,18.72,2011,12,December,Wednesday
581133,20931,BLUE POT PLANT CANDLE,12,2011-12-07 12:55:00,1.25,14904,United Kingdom,15.0,2011,12,December,Wednesday
581133,20932,PINK POT PLANT CANDLE,12,2011-12-07 12:55:00,1.25,14904,United Kingdom,15.0,2011,12,December,Wednesday
581133,21705,BAG 500g SWIRLY MARBLES,24,2011-12-07 12:55:00,0.39,14904,United Kingdom,9.36,2011,12,December,Wednesday
581133,22064,PINK DOUGHNUT TRINKET POT,48,2011-12-07 12:55:00,0.39,14904,United Kingdom,18.72,2011,12,December,Wednesday
581133,22074,6 RIBBONS SHIMMERING PINKS,24,2011-12-07 12:55:00,0.39,14904,United Kingdom,9.36,2011,12,December,Wednesday
581133,22069,BROWN  PIRATE TREASURE CHEST,48,2011-12-07 12:55:00,0.39,14904,United Kingdom,18.72,2011,12,December,Wednesday
581133,22076,6 RIBBONS EMPIRE,24,2011-12-07 12:55:00,0.39,14904,United Kingdom,9.36,2011,12,December,Wednesday
581133,22319,HAIRCLIPS FORTIES FABRIC ASSORTED,36,2011-12-07 12:55:00,0.19,14904,United Kingdom,6.84,2011,12,December,Wednesday
581133,22380,TOY TIDY SPACEBOY,20,2011-12-07 12:55:00,0.79,14904,United Kingdom,15.8,2011,12,December,Wednesday
581133,22422,TOOTHPASTE TUBE PEN,50,2011-12-07 12:55:00,0.12,14904,United Kingdom,6.0,2011,12,December,Wednesday
581133,22438,BALLOON ART MAKE YOUR OWN FLOWERS,50,2011-12-07 12:55:00,0.39,14904,United Kingdom,19.5,2011,12,December,Wednesday
581133,22500,SET OF 2 TINS JARDIN DE PROVENCE,6,2011-12-07 12:55:00,1.25,14904,United Kingdom,7.5,2011,12,December,Wednesday
581133,22509,SEWING BOX RETROSPOT DESIGN,4,2011-12-07 12:55:00,3.95,14904,United Kingdom,15.8,2011,12,December,Wednesday
581133,22646,CERAMIC STRAWBERRY CAKE MONEY BANK,36,2011-12-07 12:55:00,0.39,14904,United Kingdom,14.040000000000001,2011,12,December,Wednesday
581133,22664,TOY TIDY DOLLY GIRL DESIGN,20,2011-12-07 12:55:00,0.79,14904,United Kingdom,15.8,2011,12,December,Wednesday
581133,22695,WICKER WREATH SMALL,24,2011-12-07 12:55:00,0.59,14904,United Kingdom,14.16,2011,12,December,Wednesday
581133,22744,MAKE YOUR OWN MONSOON CARD KIT,12,2011-12-07 12:55:00,0.79,14904,United Kingdom,9.48,2011,12,December,Wednesday
581133,22915,ASSORTED BOTTLE TOP  MAGNETS,24,2011-12-07 12:55:00,0.19,14904,United Kingdom,4.5600000000000005,2011,12,December,Wednesday
581133,84826,ASSTD DESIGN 3D PAPER STICKERS,32,2011-12-07 12:55:00,0.19,14904,United Kingdom,6.08,2011,12,December,Wednesday
581133,21933,PINK VINTAGE PAISLEY PICNIC BAG,10,2011-12-07 12:55:00,1.65,14904,United Kingdom,16.5,2011,12,December,Wednesday
581133,22266,EASTER DECORATION HANGING BUNNY,64,2011-12-07 12:55:00,0.19,14904,United Kingdom,12.16,2011,12,December,Wednesday
581133,22610,PENS ASSORTED FUNNY FACE,72,2011-12-07 12:55:00,0.19,14904,United Kingdom,13.68,2011,12,December,Wednesday
581133,22513,DOORSTOP FOOTBALL DESIGN,8,2011-12-07 12:55:00,0.79,14904,United Kingdom,6.32,2011,12,December,Wednesday
581133,84509E,SET OF 4 CAROUSEL PLACEMATS,12,2011-12-07 12:55:00,0.79,14904,United Kingdom,9.48,2011,12,December,Wednesday
581133,21564,PINK  HEART SHAPE LOVE BUCKET,24,2011-12-07 12:55:00,0.79,14904,United Kingdom,18.96,2011,12,December,Wednesday
581133,16258A,SWIRLY CIRCULAR RUBBERS IN BAG,36,2011-12-07 12:55:00,0.19,14904,United Kingdom,6.84,2011,12,December,Wednesday
581133,22124,SET OF 2 TEA TOWELS PING MICROWAVE,12,2011-12-07 12:55:00,0.79,14904,United Kingdom,9.48,2011,12,December,Wednesday
581133,22123,PING MICROWAVE APRON,12,2011-12-07 12:55:00,0.79,14904,United Kingdom,9.48,2011,12,December,Wednesday
581133,84806A,PINK CANDYSTUFT ARTIFICIAL FLOWER,24,2011-12-07 12:55:00,0.39,14904,United Kingdom,9.36,2011,12,December,Wednesday
581133,21209,MULTICOLOUR HONEYCOMB FAN,12,2011-12-07 12:55:00,0.39,14904,United Kingdom,4.68,2011,12,December,Wednesday
581133,21650,ASSORTED TUTTI FRUTTI BRACELET,24,2011-12-07 12:55:00,0.19,14904,United Kingdom,4.5600000000000005,2011,12,December,Wednesday
581133,85212,MINI PAINTED GARDEN DECORATION,24,2011-12-07 12:55:00,0.29,14904,United Kingdom,6.959999999999999,2011,12,December,Wednesday
581133,90030B,RED KUKUI COCONUT SEED NECKLACE,6,2011-12-07 12:55:00,1.0,14904,United Kingdom,6.0,2011,12,December,Wednesday
581133,22411,JUMBO SHOPPER VINTAGE RED PAISLEY,20,2011-12-07 12:55:00,2.08,14904,United Kingdom,41.6,2011,12,December,Wednesday
581133,22065,CHRISTMAS PUDDING TRINKET POT,288,2011-12-07 12:55:00,0.39,14904,United Kingdom,112.32000000000001,2011,12,December,Wednesday
581133,22608,PENS ASSORTED FUNKY JEWELED,36,2011-12-07 12:55:00,0.19,14904,United Kingdom,6.84,2011,12,December,Wednesday
581133,35964,FOLKART CLIP ON STARS,12,2011-12-07 12:55:00,0.39,14904,United Kingdom,4.68,2011,12,December,Wednesday
581133,22596,CHRISTMAS STAR WISH LIST CHALKBOARD,24,2011-12-07 12:55:00,0.39,14904,United Kingdom,9.36,2011,12,December,Wednesday
581133,22343,PARTY PIZZA DISH RED RETROSPOT,24,2011-12-07 12:55:00,0.19,14904,United Kingdom,4.5600000000000005,2011,12,December,Wednesday
581133,22510,GINGHAM BABUSHKA DOORSTOP,8,2011-12-07 12:55:00,0.79,14904,United Kingdom,6.32,2011,12,December,Wednesday
581133,22755,SMALL PURPLE BABUSHKA NOTEBOOK,24,2011-12-07 12:55:00,0.21,14904,United Kingdom,5.04,2011,12,December,Wednesday
581133,22754,SMALL RED BABUSHKA NOTEBOOK,24,2011-12-07 12:55:00,0.21,14904,United Kingdom,5.04,2011,12,December,Wednesday
581133,85173,SET/6 FROG PRINCE T-LIGHT CANDLES,12,2011-12-07 12:55:00,0.79,14904,United Kingdom,9.48,2011,12,December,Wednesday
581133,21932,SCANDINAVIAN PAISLEY PICNIC BAG,10,2011-12-07 12:55:00,1.65,14904,United Kingdom,16.5,2011,12,December,Wednesday
581133,90210C,RED   ACRYLIC FACETED BANGLE,10,2011-12-07 12:55:00,1.0,14904,United Kingdom,10.0,2011,12,December,Wednesday
581133,23084,RABBIT NIGHT LIGHT,6,2011-12-07 12:55:00,2.08,14904,United Kingdom,12.48,2011,12,December,Wednesday
581132,21327,SKULLS WRITING SET,12,2011-12-07 12:55:00,1.65,17590,United Kingdom,19.799999999999997,2011,12,December,Wednesday
581132,84946,ANTIQUE SILVER T-LIGHT GLASS,12,2011-12-07 12:55:00,1.25,17590,United Kingdom,15.0,2011,12,December,Wednesday
581132,85123A,WHITE HANGING HEART T-LIGHT HOLDER,8,2011-12-07 12:55:00,2.95,17590,United Kingdom,23.6,2011,12,December,Wednesday
581132,22784,LANTERN CREAM GAZEBO,4,2011-12-07 12:55:00,4.95,17590,United Kingdom,19.8,2011,12,December,Wednesday
581132,21340,CLASSIC METAL BIRDCAGE PLANT HOLDER,1,2011-12-07 12:55:00,12.75,17590,United Kingdom,12.75,2011,12,December,Wednesday
581132,84879,ASSORTED COLOUR BIRD ORNAMENT,8,2011-12-07 12:55:00,1.69,17590,United Kingdom,13.52,2011,12,December,Wednesday
581132,23215,JINGLE BELL HEART ANTIQUE SILVER,12,2011-12-07 12:55:00,2.08,17590,United Kingdom,24.96,2011,12,December,Wednesday
581132,23491,VINTAGE JINGLE BELLS HEART,6,2011-12-07 12:55:00,8.25,17590,United Kingdom,49.5,2011,12,December,Wednesday
581132,23322,LARGE WHITE HEART OF WICKER,6,2011-12-07 12:55:00,2.95,17590,United Kingdom,17.700000000000003,2011,12,December,Wednesday
581132,23332,IVORY WICKER HEART LARGE,12,2011-12-07 12:55:00,1.65,17590,United Kingdom,19.799999999999997,2011,12,December,Wednesday
581132,22970,LONDON BUS COFFEE MUG,6,2011-12-07 12:55:00,2.55,17590,United Kingdom,15.299999999999999,2011,12,December,Wednesday
581132,22470,HEART OF WICKER LARGE,6,2011-12-07 12:55:00,2.95,17590,United Kingdom,17.700000000000003,2011,12,December,Wednesday
581132,22297,HEART IVORY TRELLIS SMALL,24,2011-12-07 12:55:00,1.25,17590,United Kingdom,30.0,2011,12,December,Wednesday
581132,84949,SILVER HANGING T-LIGHT HOLDER,6,2011-12-07 12:55:00,1.65,17590,United Kingdom,9.899999999999999,2011,12,December,Wednesday
581132,23445,ICE CREAM BUBBLES,20,2011-12-07 12:55:00,0.83,17590,United Kingdom,16.599999999999998,2011,12,December,Wednesday
581132,23444,Next Day Carriage,1,2011-12-07 12:55:00,15.0,17590,United Kingdom,15.0,2011,12,December,Wednesday
581131,22383,LUNCH BAG SUKI DESIGN,2,2011-12-07 12:51:00,1.65,16393,United Kingdom,3.3,2011,12,December,Wednesday
581131,20726,LUNCH BAG WOODLAND,2,2011-12-07 12:51:00,1.65,16393,United Kingdom,3.3,2011,12,December,Wednesday
581131,23681,LUNCH BAG RED VINTAGE DOILY,4,2011-12-07 12:51:00,1.65,16393,United Kingdom,6.6,2011,12,December,Wednesday
581131,23311,VINTAGE CHRISTMAS STOCKING,2,2011-12-07 12:51:00,2.55,16393,United Kingdom,5.1,2011,12,December,Wednesday
581131,22898,CHILDRENS APRON APPLES DESIGN,2,2011-12-07 12:51:00,1.95,16393,United Kingdom,3.9,2011,12,December,Wednesday
581131,23581,JUMBO BAG PAISLEY PARK,4,2011-12-07 12:51:00,2.08,16393,United Kingdom,8.32,2011,12,December,Wednesday
581131,23206,LUNCH BAG APPLE DESIGN,8,2011-12-07 12:51:00,1.65,16393,United Kingdom,13.2,2011,12,December,Wednesday
581131,23583,LUNCH BAG PAISLEY PARK,10,2011-12-07 12:51:00,1.65,16393,United Kingdom,16.5,2011,12,December,Wednesday
581131,23343,JUMBO BAG VINTAGE CHRISTMAS,3,2011-12-07 12:51:00,2.08,16393,United Kingdom,6.24,2011,12,December,Wednesday
581131,23199,JUMBO BAG APPLES,3,2011-12-07 12:51:00,2.08,16393,United Kingdom,6.24,2011,12,December,Wednesday
581131,22988,SOLDIERS EGG CUP,12,2011-12-07 12:51:00,1.25,16393,United Kingdom,15.0,2011,12,December,Wednesday
581131,22976,CIRCUS PARADE CHILDRENS EGG CUP,12,2011-12-07 12:51:00,1.25,16393,United Kingdom,15.0,2011,12,December,Wednesday
581131,22975,SPACEBOY CHILDRENS EGG CUP,5,2011-12-07 12:51:00,1.25,16393,United Kingdom,6.25,2011,12,December,Wednesday
581131,23238,SET OF 4 KNICK KNACK TINS LONDON,12,2011-12-07 12:51:00,4.15,16393,United Kingdom,49.800000000000004,2011,12,December,Wednesday
581131,22867,HAND WARMER BIRD DESIGN,2,2011-12-07 12:51:00,2.1,16393,United Kingdom,4.2,2011,12,December,Wednesday
581131,22834,HAND WARMER BABUSHKA DESIGN,10,2011-12-07 12:51:00,2.1,16393,United Kingdom,21.0,2011,12,December,Wednesday
581131,22633,HAND WARMER UNION JACK,10,2011-12-07 12:51:00,2.1,16393,United Kingdom,21.0,2011,12,December,Wednesday
581131,22866,HAND WARMER SCOTTY DOG DESIGN,5,2011-12-07 12:51:00,2.1,16393,United Kingdom,10.5,2011,12,December,Wednesday
581131,22865,HAND WARMER OWL DESIGN,1,2011-12-07 12:51:00,2.1,16393,United Kingdom,2.1,2011,12,December,Wednesday
581131,22632,HAND WARMER RED RETROSPOT,10,2011-12-07 12:51:00,2.1,16393,United Kingdom,21.0,2011,12,December,Wednesday
581131,22865,HAND WARMER OWL DESIGN,8,2011-12-07 12:51:00,2.1,16393,United Kingdom,16.8,2011,12,December,Wednesday
581131,22371,AIRLINE BAG VINTAGE TOKYO 78,13,2011-12-07 12:51:00,3.95,16393,United Kingdom,51.35,2011,12,December,Wednesday
581130,21671,RED SPOT CERAMIC DRAWER KNOB,12,2011-12-07 12:49:00,1.45,18237,United Kingdom,17.4,2011,12,December,Wednesday
581130,22773,GREEN DRAWER KNOB ACRYLIC EDWARDIAN,12,2011-12-07 12:49:00,1.25,18237,United Kingdom,15.0,2011,12,December,Wednesday
581130,21672,WHITE SPOT RED CERAMIC DRAWER KNOB,12,2011-12-07 12:49:00,1.45,18237,United Kingdom,17.4,2011,12,December,Wednesday
581130,21673,WHITE SPOT BLUE CERAMIC DRAWER KNOB,12,2011-12-07 12:49:00,1.45,18237,United Kingdom,17.4,2011,12,December,Wednesday
581130,22775,PURPLE DRAWERKNOB ACRYLIC EDWARDIAN,12,2011-12-07 12:49:00,1.25,18237,United Kingdom,15.0,2011,12,December,Wednesday
581130,23035,DRAWER KNOB CERAMIC IVORY,6,2011-12-07 12:49:00,1.45,18237,United Kingdom,8.7,2011,12,December,Wednesday
581130,23298,SPOTTY BUNTING,3,2011-12-07 12:49:00,4.95,18237,United Kingdom,14.850000000000001,2011,12,December,Wednesday
581130,23088,ZINC HEART FLOWER T-LIGHT HOLDER,16,2011-12-07 12:49:00,1.25,18237,United Kingdom,20.0,2011,12,December,Wednesday
581129,23109,PACK OF SIX LED TEA LIGHTS,6,2011-12-07 12:48:00,2.89,15498,United Kingdom,17.34,2011,12,December,Wednesday
581129,23321,SMALL WHITE HEART OF WICKER,12,2011-12-07 12:48:00,1.65,15498,United Kingdom,19.799999999999997,2011,12,December,Wednesday
581129,23351,ROLL WRAP 50'S CHRISTMAS,12,2011-12-07 12:48:00,1.25,15498,United Kingdom,15.0,2011,12,December,Wednesday
581129,23434,3 RAFFIA RIBBONS 50'S CHRISTMAS,10,2011-12-07 12:48:00,0.79,15498,United Kingdom,7.9,2011,12,December,Wednesday
581129,23319,BOX OF 6 MINI 50'S CRACKERS,6,2011-12-07 12:48:00,2.49,15498,United Kingdom,14.940000000000001,2011,12,December,Wednesday
581129,22731,3D CHRISTMAS STAMPS STICKERS,18,2011-12-07 12:48:00,1.25,15498,United Kingdom,22.5,2011,12,December,Wednesday
581129,22732,3D VINTAGE CHRISTMAS STICKERS,18,2011-12-07 12:48:00,1.25,15498,United Kingdom,22.5,2011,12,December,Wednesday
581129,22733,3D TRADITIONAL CHRISTMAS STICKERS,18,2011-12-07 12:48:00,1.25,15498,United Kingdom,22.5,2011,12,December,Wednesday
581129,23350,ROLL WRAP VINTAGE SPOT,12,2011-12-07 12:48:00,1.25,15498,United Kingdom,15.0,2011,12,December,Wednesday
581129,23311,VINTAGE CHRISTMAS STOCKING,12,2011-12-07 12:48:00,2.55,15498,United Kingdom,30.599999999999998,2011,12,December,Wednesday
581129,22436,12 COLOURED PARTY BALLOONS,20,2011-12-07 12:48:00,0.65,15498,United Kingdom,13.0,2011,12,December,Wednesday
581129,22434,BALLOON PUMP WITH 10 BALLOONS,8,2011-12-07 12:48:00,1.95,15498,United Kingdom,15.6,2011,12,December,Wednesday
581129,22333,RETROSPOT PARTY BAG + STICKER SET,8,2011-12-07 12:48:00,1.65,15498,United Kingdom,13.2,2011,12,December,Wednesday
581129,22334,DINOSAUR PARTY BAG + STICKER SET,8,2011-12-07 12:48:00,1.65,15498,United Kingdom,13.2,2011,12,December,Wednesday
581129,84077,WORLD WAR 2 GLIDERS ASSTD DESIGNS,48,2011-12-07 12:48:00,0.29,15498,United Kingdom,13.919999999999998,2011,12,December,Wednesday
581129,21914,BLUE HARMONICA IN BOX,12,2011-12-07 12:48:00,1.25,15498,United Kingdom,15.0,2011,12,December,Wednesday
581129,21889,WOODEN BOX OF DOMINOES,12,2011-12-07 12:48:00,1.25,15498,United Kingdom,15.0,2011,12,December,Wednesday
581129,21479,WHITE SKULL HOT WATER BOTTLE,8,2011-12-07 12:48:00,4.25,15498,United Kingdom,34.0,2011,12,December,Wednesday
581129,22114,HOT WATER BOTTLE TEA AND SYMPATHY,8,2011-12-07 12:48:00,4.25,15498,United Kingdom,34.0,2011,12,December,Wednesday
581129,23376,PACK OF 12 VINTAGE CHRISTMAS TISSUE,24,2011-12-07 12:48:00,0.39,15498,United Kingdom,9.36,2011,12,December,Wednesday
581129,22082,RIBBON REEL STRIPES DESIGN,10,2011-12-07 12:48:00,1.65,15498,United Kingdom,16.5,2011,12,December,Wednesday
581129,21672,WHITE SPOT RED CERAMIC DRAWER KNOB,12,2011-12-07 12:48:00,1.45,15498,United Kingdom,17.4,2011,12,December,Wednesday
581129,21671,RED SPOT CERAMIC DRAWER KNOB,12,2011-12-07 12:48:00,1.45,15498,United Kingdom,17.4,2011,12,December,Wednesday
581129,22465,HANGING METAL STAR LANTERN,12,2011-12-07 12:48:00,0.79,15498,United Kingdom,9.48,2011,12,December,Wednesday
581129,22464,HANGING METAL HEART LANTERN,12,2011-12-07 12:48:00,0.79,15498,United Kingdom,9.48,2011,12,December,Wednesday
581129,85123A,WHITE HANGING HEART T-LIGHT HOLDER,18,2011-12-07 12:48:00,2.95,15498,United Kingdom,53.1,2011,12,December,Wednesday
581129,84832,ZINC WILLIE WINKIE  CANDLE STICK,12,2011-12-07 12:48:00,0.85,15498,United Kingdom,10.2,2011,12,December,Wednesday
581129,21524,DOORMAT SPOTTY HOME SWEET HOME,10,2011-12-07 12:48:00,7.08,15498,United Kingdom,70.8,2011,12,December,Wednesday
581129,20685,DOORMAT RED RETROSPOT,10,2011-12-07 12:48:00,7.08,15498,United Kingdom,70.8,2011,12,December,Wednesday
581129,48138,DOORMAT UNION FLAG,10,2011-12-07 12:48:00,7.08,15498,United Kingdom,70.8,2011,12,December,Wednesday
581129,22660,DOORMAT I LOVE LONDON,10,2011-12-07 12:48:00,7.08,15498,United Kingdom,70.8,2011,12,December,Wednesday
581129,22178,VICTORIAN GLASS HANGING T-LIGHT,6,2011-12-07 12:48:00,1.95,15498,United Kingdom,11.7,2011,12,December,Wednesday
581129,82484,WOOD BLACK BOARD ANT WHITE FINISH,2,2011-12-07 12:48:00,7.95,15498,United Kingdom,15.9,2011,12,December,Wednesday
581129,22457,NATURAL SLATE HEART CHALKBOARD,6,2011-12-07 12:48:00,2.95,15498,United Kingdom,17.700000000000003,2011,12,December,Wednesday
581129,84879,ASSORTED COLOUR BIRD ORNAMENT,8,2011-12-07 12:48:00,1.69,15498,United Kingdom,13.52,2011,12,December,Wednesday
581129,20963,APPLE BATH SPONGE,20,2011-12-07 12:48:00,1.25,15498,United Kingdom,25.0,2011,12,December,Wednesday
581127,BANK CHARGES,Bank Charges,1,2011-12-07 12:45:00,15.0,16271,United Kingdom,15.0,2011,12,December,Wednesday
581126,22075,6 RIBBONS ELEGANT CHRISTMAS,24,2011-12-07 12:43:00,0.39,18272,United Kingdom,9.36,2011,12,December,Wednesday
581126,22074,6 RIBBONS SHIMMERING PINKS,24,2011-12-07 12:43:00,0.39,18272,United Kingdom,9.36,2011,12,December,Wednesday
581126,22076,6 RIBBONS EMPIRE,24,2011-12-07 12:43:00,0.39,18272,United Kingdom,9.36,2011,12,December,Wednesday
581126,23358,HOT STUFF HOT WATER BOTTLE,18,2011-12-07 12:43:00,1.25,18272,United Kingdom,22.5,2011,12,December,Wednesday
581126,72799C,PINK PILLAR CANDLE SILVER FLOCK,12,2011-12-07 12:43:00,0.79,18272,United Kingdom,9.48,2011,12,December,Wednesday
581126,72799E,IVORY PILLAR CANDLE SILVER FLOCK,12,2011-12-07 12:43:00,0.79,18272,United Kingdom,9.48,2011,12,December,Wednesday
581126,22666,RECIPE BOX PANTRY YELLOW DESIGN,6,2011-12-07 12:43:00,2.95,18272,United Kingdom,17.700000000000003,2011,12,December,Wednesday
581126,22961,JAM MAKING SET PRINTED,12,2011-12-07 12:43:00,1.45,18272,United Kingdom,17.4,2011,12,December,Wednesday
581126,23198,PANTRY MAGNETIC  SHOPPING LIST,12,2011-12-07 12:43:00,1.45,18272,United Kingdom,17.4,2011,12,December,Wednesday
581126,23495,SET OF 3 PANTRY WOODEN SPOONS,12,2011-12-07 12:43:00,1.25,18272,United Kingdom,15.0,2011,12,December,Wednesday
581126,22960,JAM MAKING SET WITH JARS,6,2011-12-07 12:43:00,4.25,18272,United Kingdom,25.5,2011,12,December,Wednesday
581126,22722,SET OF 6 SPICE TINS PANTRY DESIGN,4,2011-12-07 12:43:00,3.95,18272,United Kingdom,15.8,2011,12,December,Wednesday
581126,23113,PANTRY CHOPPING BOARD,3,2011-12-07 12:43:00,4.95,18272,United Kingdom,14.850000000000001,2011,12,December,Wednesday
581126,22969,HOMEMADE JAM SCENTED CANDLES,12,2011-12-07 12:43:00,1.45,18272,United Kingdom,17.4,2011,12,December,Wednesday
581126,22993,SET OF 4 PANTRY JELLY MOULDS,12,2011-12-07 12:43:00,1.25,18272,United Kingdom,15.0,2011,12,December,Wednesday
581126,22966,GINGERBREAD MAN COOKIE CUTTER,12,2011-12-07 12:43:00,1.25,18272,United Kingdom,15.0,2011,12,December,Wednesday
581126,22965,3 TRADITIONAl BISCUIT CUTTERS  SET,6,2011-12-07 12:43:00,2.1,18272,United Kingdom,12.600000000000001,2011,12,December,Wednesday
581126,23493,VINTAGE DOILY TRAVEL SEWING KIT,10,2011-12-07 12:43:00,1.95,18272,United Kingdom,19.5,2011,12,December,Wednesday
581126,23240,SET OF 4 KNICK KNACK TINS DOILY,6,2011-12-07 12:43:00,4.15,18272,United Kingdom,24.900000000000002,2011,12,December,Wednesday
581126,23236,STORAGE TIN VINTAGE DOILY,6,2011-12-07 12:43:00,2.89,18272,United Kingdom,17.34,2011,12,December,Wednesday
581126,23494,VINTAGE DOILY DELUXE SEWING KIT,3,2011-12-07 12:43:00,5.95,18272,United Kingdom,17.85,2011,12,December,Wednesday
581126,20914,SET/5 RED RETROSPOT LID GLASS BOWLS,6,2011-12-07 12:43:00,2.95,18272,United Kingdom,17.700000000000003,2011,12,December,Wednesday
581126,84380,SET OF 3 BUTTERFLY COOKIE CUTTERS,12,2011-12-07 12:43:00,1.45,18272,United Kingdom,17.4,2011,12,December,Wednesday
581125,22422,TOOTHPASTE TUBE PEN,18,2011-12-07 12:41:00,0.12,14087,United Kingdom,2.16,2011,12,December,Wednesday
581125,21993,FLORAL FOLK STATIONERY SET,2,2011-12-07 12:41:00,1.25,14087,United Kingdom,2.5,2011,12,December,Wednesday
581125,21990,MODERN FLORAL STATIONERY SET,1,2011-12-07 12:41:00,1.25,14087,United Kingdom,1.25,2011,12,December,Wednesday
581125,23376,PACK OF 12 VINTAGE CHRISTMAS TISSUE,1,2011-12-07 12:41:00,0.39,14087,United Kingdom,0.39,2011,12,December,Wednesday
581125,22554,PLASTERS IN TIN WOODLAND ANIMALS,2,2011-12-07 12:41:00,1.65,14087,United Kingdom,3.3,2011,12,December,Wednesday
581125,23389,SPACEBOY MINI BACKPACK,1,2011-12-07 12:41:00,4.15,14087,United Kingdom,4.15,2011,12,December,Wednesday
581125,16235,RECYCLED PENCIL WITH RABBIT ERASER,30,2011-12-07 12:41:00,0.21,14087,United Kingdom,6.3,2011,12,December,Wednesday
581125,21219,SET/4 BADGES BALLOON GIRL,1,2011-12-07 12:41:00,1.25,14087,United Kingdom,1.25,2011,12,December,Wednesday
581125,21220,SET/4 BADGES DOGS,1,2011-12-07 12:41:00,1.25,14087,United Kingdom,1.25,2011,12,December,Wednesday
581125,21221,SET/4 BADGES CUTE CREATURES,1,2011-12-07 12:41:00,1.25,14087,United Kingdom,1.25,2011,12,December,Wednesday
581125,84032B,CHARLIE + LOLA RED HOT WATER BOTTLE,1,2011-12-07 12:41:00,0.79,14087,United Kingdom,0.79,2011,12,December,Wednesday
581125,84032A,CHARLIE+LOLA PINK HOT WATER BOTTLE,1,2011-12-07 12:41:00,0.79,14087,United Kingdom,0.79,2011,12,December,Wednesday
581125,21327,SKULLS WRITING SET,1,2011-12-07 12:41:00,1.65,14087,United Kingdom,1.65,2011,12,December,Wednesday
581125,21090,SET/6 COLLAGE PAPER PLATES,4,2011-12-07 12:41:00,0.39,14087,United Kingdom,1.56,2011,12,December,Wednesday
581125,21084,SET/6 COLLAGE PAPER CUPS,2,2011-12-07 12:41:00,0.19,14087,United Kingdom,0.38,2011,12,December,Wednesday
581125,23597,PAPER BUNTING PAISLEY PARK,1,2011-12-07 12:41:00,2.95,14087,United Kingdom,2.95,2011,12,December,Wednesday
581125,85034B,3 WHITE CHOC MORRIS BOXED CANDLES,3,2011-12-07 12:41:00,1.25,14087,United Kingdom,3.75,2011,12,December,Wednesday
581125,23570,TRADITIONAL PICK UP STICKS GAME,3,2011-12-07 12:41:00,1.25,14087,United Kingdom,3.75,2011,12,December,Wednesday
581125,85039B,S/4 IVORY MINI ROSE CANDLE IN BOWL,1,2011-12-07 12:41:00,1.65,14087,United Kingdom,1.65,2011,12,December,Wednesday
581125,85040A,S/4 PINK FLOWER CANDLES IN BOWL,1,2011-12-07 12:41:00,1.65,14087,United Kingdom,1.65,2011,12,December,Wednesday
581125,85039A,SET/4 RED MINI ROSE CANDLE IN BOWL,1,2011-12-07 12:41:00,1.65,14087,United Kingdom,1.65,2011,12,December,Wednesday
581125,23569,TRADTIONAL ALPHABET STAMP SET,1,2011-12-07 12:41:00,4.95,14087,United Kingdom,4.95,2011,12,December,Wednesday
581125,22616,PACK OF 12 LONDON TISSUES,1,2011-12-07 12:41:00,0.39,14087,United Kingdom,0.39,2011,12,December,Wednesday
581125,85034B,3 WHITE CHOC MORRIS BOXED CANDLES,2,2011-12-07 12:41:00,1.25,14087,United Kingdom,2.5,2011,12,December,Wednesday
581125,85034C,3 ROSE MORRIS BOXED CANDLES,5,2011-12-07 12:41:00,1.25,14087,United Kingdom,6.25,2011,12,December,Wednesday
581125,22333,RETROSPOT PARTY BAG + STICKER SET,2,2011-12-07 12:41:00,1.65,14087,United Kingdom,3.3,2011,12,December,Wednesday
581125,22331,WOODLAND PARTY BAG + STICKER SET,2,2011-12-07 12:41:00,1.65,14087,United Kingdom,3.3,2011,12,December,Wednesday
581125,21485,RETROSPOT HEART HOT WATER BOTTLE,2,2011-12-07 12:41:00,4.95,14087,United Kingdom,9.9,2011,12,December,Wednesday
581125,22210,WOOD STAMP SET BEST WISHES,5,2011-12-07 12:41:00,0.83,14087,United Kingdom,4.1499999999999995,2011,12,December,Wednesday
581125,21123,SET/10 IVORY POLKADOT PARTY CANDLES,1,2011-12-07 12:41:00,1.25,14087,United Kingdom,1.25,2011,12,December,Wednesday
581125,47503H,ASS FLORAL PRINT SPIRIT LEVEL,1,2011-12-07 12:41:00,0.79,14087,United Kingdom,0.79,2011,12,December,Wednesday
581125,22992,REVOLVER WOODEN RULER,1,2011-12-07 12:41:00,1.95,14087,United Kingdom,1.95,2011,12,December,Wednesday
581125,21204,DAISIES  HONEYCOMB GARLAND,2,2011-12-07 12:41:00,1.65,14087,United Kingdom,3.3,2011,12,December,Wednesday
581125,17012C,ORIGAMI LAVENDER INCENSE/CANDL SET,1,2011-12-07 12:41:00,0.85,14087,United Kingdom,0.85,2011,12,December,Wednesday
581125,22208,WOOD STAMP SET THANK YOU,1,2011-12-07 12:41:00,0.83,14087,United Kingdom,0.83,2011,12,December,Wednesday
581125,22210,WOOD STAMP SET BEST WISHES,4,2011-12-07 12:41:00,0.83,14087,United Kingdom,3.32,2011,12,December,Wednesday
581125,22150,3 STRIPEY MICE FELTCRAFT,6,2011-12-07 12:41:00,1.95,14087,United Kingdom,11.7,2011,12,December,Wednesday
581125,22940,FELTCRAFT CHRISTMAS FAIRY,1,2011-12-07 12:41:00,4.25,14087,United Kingdom,4.25,2011,12,December,Wednesday
581125,22751,FELTCRAFT PRINCESS OLIVIA DOLL,1,2011-12-07 12:41:00,3.75,14087,United Kingdom,3.75,2011,12,December,Wednesday
581125,23207,LUNCH BAG ALPHABET DESIGN,2,2011-12-07 12:41:00,1.65,14087,United Kingdom,3.3,2011,12,December,Wednesday
581125,22907,PACK OF 20 NAPKINS PANTRY DESIGN,2,2011-12-07 12:41:00,0.85,14087,United Kingdom,1.7,2011,12,December,Wednesday
581125,20972,PINK CREAM FELT CRAFT TRINKET BOX,1,2011-12-07 12:41:00,1.25,14087,United Kingdom,1.25,2011,12,December,Wednesday
581125,20971,PINK BLUE FELT CRAFT TRINKET BOX,2,2011-12-07 12:41:00,1.25,14087,United Kingdom,2.5,2011,12,December,Wednesday
581125,22750,FELTCRAFT PRINCESS LOLA DOLL,1,2011-12-07 12:41:00,3.75,14087,United Kingdom,3.75,2011,12,December,Wednesday
581125,85015,SET OF 12  VINTAGE POSTCARD SET,1,2011-12-07 12:41:00,0.65,14087,United Kingdom,0.65,2011,12,December,Wednesday
581125,20973,12 PENCIL SMALL TUBE WOODLAND,4,2011-12-07 12:41:00,0.65,14087,United Kingdom,2.6,2011,12,December,Wednesday
581125,21828,EIGHT PIECE SNAKE  SET,2,2011-12-07 12:41:00,1.25,14087,United Kingdom,2.5,2011,12,December,Wednesday
581125,21084,SET/6 COLLAGE PAPER CUPS,8,2011-12-07 12:41:00,0.19,14087,United Kingdom,1.52,2011,12,December,Wednesday
581125,22743,MAKE YOUR OWN FLOWERPOWER CARD KIT,4,2011-12-07 12:41:00,0.79,14087,United Kingdom,3.16,2011,12,December,Wednesday
581125,22090,PAPER BUNTING RETROSPOT,2,2011-12-07 12:41:00,2.95,14087,United Kingdom,5.9,2011,12,December,Wednesday
581125,22744,MAKE YOUR OWN MONSOON CARD KIT,4,2011-12-07 12:41:00,0.79,14087,United Kingdom,3.16,2011,12,December,Wednesday
581125,21090,SET/6 COLLAGE PAPER PLATES,1,2011-12-07 12:41:00,0.39,14087,United Kingdom,0.39,2011,12,December,Wednesday
581125,22210,WOOD STAMP SET BEST WISHES,8,2011-12-07 12:41:00,0.83,14087,United Kingdom,6.64,2011,12,December,Wednesday
581125,22545,MINI JIGSAW BUNNIES,11,2011-12-07 12:41:00,0.19,14087,United Kingdom,2.09,2011,12,December,Wednesday
581125,22540,MINI JIGSAW CIRCUS PARADE,6,2011-12-07 12:41:00,0.19,14087,United Kingdom,1.1400000000000001,2011,12,December,Wednesday
581125,22544,MINI JIGSAW SPACEBOY,3,2011-12-07 12:41:00,0.19,14087,United Kingdom,0.5700000000000001,2011,12,December,Wednesday
581125,22554,PLASTERS IN TIN WOODLAND ANIMALS,1,2011-12-07 12:41:00,1.65,14087,United Kingdom,1.65,2011,12,December,Wednesday
581125,22551,PLASTERS IN TIN SPACEBOY,2,2011-12-07 12:41:00,1.65,14087,United Kingdom,3.3,2011,12,December,Wednesday
581125,22553,PLASTERS IN TIN SKULLS,1,2011-12-07 12:41:00,1.65,14087,United Kingdom,1.65,2011,12,December,Wednesday
581125,22556,PLASTERS IN TIN CIRCUS PARADE,2,2011-12-07 12:41:00,1.65,14087,United Kingdom,3.3,2011,12,December,Wednesday
581125,22557,PLASTERS IN TIN VINTAGE PAISLEY,1,2011-12-07 12:41:00,1.65,14087,United Kingdom,1.65,2011,12,December,Wednesday
581125,22551,PLASTERS IN TIN SPACEBOY,1,2011-12-07 12:41:00,1.65,14087,United Kingdom,1.65,2011,12,December,Wednesday
581125,16011,ANIMAL STICKERS,25,2011-12-07 12:41:00,0.21,14087,United Kingdom,5.25,2011,12,December,Wednesday
581125,21680,WOODLAND  STICKERS,6,2011-12-07 12:41:00,0.85,14087,United Kingdom,5.1,2011,12,December,Wednesday
581125,16216,LETTER SHAPE PENCIL SHARPENER,25,2011-12-07 12:41:00,0.06,14087,United Kingdom,1.5,2011,12,December,Wednesday
581125,23191,BUNDLE OF 3 RETRO NOTE BOOKS,1,2011-12-07 12:41:00,1.65,14087,United Kingdom,1.65,2011,12,December,Wednesday
581125,23192,BUNDLE OF 3 ALPHABET EXERCISE BOOKS,6,2011-12-07 12:41:00,1.65,14087,United Kingdom,9.899999999999999,2011,12,December,Wednesday
581125,21034,REX CASH+CARRY JUMBO SHOPPER,1,2011-12-07 12:41:00,0.95,14087,United Kingdom,0.95,2011,12,December,Wednesday
581123,21993,FLORAL FOLK STATIONERY SET,12,2011-12-07 12:34:00,1.25,15750,United Kingdom,15.0,2011,12,December,Wednesday
581123,23581,JUMBO BAG PAISLEY PARK,10,2011-12-07 12:34:00,2.08,15750,United Kingdom,20.8,2011,12,December,Wednesday
581123,23203,JUMBO BAG VINTAGE DOILY,10,2011-12-07 12:34:00,2.08,15750,United Kingdom,20.8,2011,12,December,Wednesday
581123,22633,HAND WARMER UNION JACK,12,2011-12-07 12:34:00,2.1,15750,United Kingdom,25.200000000000003,2011,12,December,Wednesday
581123,22866,HAND WARMER SCOTTY DOG DESIGN,12,2011-12-07 12:34:00,2.1,15750,United Kingdom,25.200000000000003,2011,12,December,Wednesday
581123,23284,DOORMAT KEEP CALM AND COME IN,2,2011-12-07 12:34:00,8.25,15750,United Kingdom,16.5,2011,12,December,Wednesday
581123,21411,GINGHAM HEART  DOORSTOP RED,8,2011-12-07 12:34:00,1.95,15750,United Kingdom,15.6,2011,12,December,Wednesday
581123,21705,BAG 500g SWIRLY MARBLES,24,2011-12-07 12:34:00,0.39,15750,United Kingdom,9.36,2011,12,December,Wednesday
581123,22165,"DIAMANTE HEART SHAPED WALL MIRROR, ",6,2011-12-07 12:34:00,3.95,15750,United Kingdom,23.700000000000003,2011,12,December,Wednesday
581123,22299,PIG KEYRING WITH LIGHT & SOUND,48,2011-12-07 12:34:00,0.39,15750,United Kingdom,18.72,2011,12,December,Wednesday
581123,22465,HANGING METAL STAR LANTERN,12,2011-12-07 12:34:00,0.79,15750,United Kingdom,9.48,2011,12,December,Wednesday
581123,48138,DOORMAT UNION FLAG,2,2011-12-07 12:34:00,8.25,15750,United Kingdom,16.5,2011,12,December,Wednesday
581123,22112,CHOCOLATE HOT WATER BOTTLE,3,2011-12-07 12:34:00,4.95,15750,United Kingdom,14.850000000000001,2011,12,December,Wednesday
581123,23355,HOT WATER BOTTLE KEEP CALM,4,2011-12-07 12:34:00,4.95,15750,United Kingdom,19.8,2011,12,December,Wednesday
581123,84029G,KNITTED UNION FLAG HOT WATER BOTTLE,4,2011-12-07 12:34:00,4.25,15750,United Kingdom,17.0,2011,12,December,Wednesday
581123,22158,3 HEARTS HANGING DECORATION RUSTIC,8,2011-12-07 12:34:00,2.95,15750,United Kingdom,23.6,2011,12,December,Wednesday
581123,23552,BICYCLE PUNCTURE REPAIR KIT,6,2011-12-07 12:34:00,2.08,15750,United Kingdom,12.48,2011,12,December,Wednesday
581123,21620,SET OF 4 ROSE BOTANICAL CANDLES,12,2011-12-07 12:34:00,1.25,15750,United Kingdom,15.0,2011,12,December,Wednesday
581123,23199,JUMBO BAG APPLES,10,2011-12-07 12:34:00,2.08,15750,United Kingdom,20.8,2011,12,December,Wednesday
581122,20724,RED RETROSPOT CHARLOTTE BAG,20,2011-12-07 12:33:00,0.85,12839,United Kingdom,17.0,2011,12,December,Wednesday
581122,22661,CHARLOTTE BAG DOLLY GIRL DESIGN,20,2011-12-07 12:33:00,0.85,12839,United Kingdom,17.0,2011,12,December,Wednesday
581122,20719,WOODLAND CHARLOTTE BAG,20,2011-12-07 12:33:00,0.85,12839,United Kingdom,17.0,2011,12,December,Wednesday
581122,22355,CHARLOTTE BAG SUKI DESIGN,20,2011-12-07 12:33:00,0.85,12839,United Kingdom,17.0,2011,12,December,Wednesday
581122,23204,CHARLOTTE BAG APPLES DESIGN,20,2011-12-07 12:33:00,0.85,12839,United Kingdom,17.0,2011,12,December,Wednesday
581122,20723,STRAWBERRY CHARLOTTE BAG,20,2011-12-07 12:33:00,0.85,12839,United Kingdom,17.0,2011,12,December,Wednesday
581122,22356,CHARLOTTE BAG PINK POLKADOT,20,2011-12-07 12:33:00,0.85,12839,United Kingdom,17.0,2011,12,December,Wednesday
581122,20713,JUMBO BAG OWLS,10,2011-12-07 12:33:00,2.08,12839,United Kingdom,20.8,2011,12,December,Wednesday
581122,85099B,JUMBO BAG RED RETROSPOT,10,2011-12-07 12:33:00,2.08,12839,United Kingdom,20.8,2011,12,December,Wednesday
581122,85099F,JUMBO BAG STRAWBERRY,10,2011-12-07 12:33:00,2.08,12839,United Kingdom,20.8,2011,12,December,Wednesday
581122,21931,JUMBO STORAGE BAG SUKI,10,2011-12-07 12:33:00,2.08,12839,United Kingdom,20.8,2011,12,December,Wednesday
581122,22197,POPCORN HOLDER,48,2011-12-07 12:33:00,0.85,12839,United Kingdom,40.8,2011,12,December,Wednesday
581122,23076,ICE CREAM SUNDAE LIP GLOSS,24,2011-12-07 12:33:00,1.25,12839,United Kingdom,30.0,2011,12,December,Wednesday
581122,23077,DOUGHNUT LIP GLOSS,40,2011-12-07 12:33:00,1.25,12839,United Kingdom,50.0,2011,12,December,Wednesday
581122,20971,PINK BLUE FELT CRAFT TRINKET BOX,12,2011-12-07 12:33:00,1.25,12839,United Kingdom,15.0,2011,12,December,Wednesday
581122,20972,PINK CREAM FELT CRAFT TRINKET BOX,12,2011-12-07 12:33:00,1.25,12839,United Kingdom,15.0,2011,12,December,Wednesday
581122,21232,STRAWBERRY CERAMIC TRINKET POT,12,2011-12-07 12:33:00,1.25,12839,United Kingdom,15.0,2011,12,December,Wednesday
581122,21231,SWEETHEART CERAMIC TRINKET BOX,12,2011-12-07 12:33:00,1.25,12839,United Kingdom,15.0,2011,12,December,Wednesday
581122,22189,CREAM HEART CARD HOLDER,12,2011-12-07 12:33:00,3.95,12839,United Kingdom,47.400000000000006,2011,12,December,Wednesday
581122,84978,HANGING HEART JAR T-LIGHT HOLDER,24,2011-12-07 12:33:00,1.25,12839,United Kingdom,30.0,2011,12,December,Wednesday
581122,22457,NATURAL SLATE HEART CHALKBOARD,24,2011-12-07 12:33:00,2.95,12839,United Kingdom,70.80000000000001,2011,12,December,Wednesday
581122,21137,BLACK RECORD COVER FRAME,8,2011-12-07 12:33:00,3.75,12839,United Kingdom,30.0,2011,12,December,Wednesday
581122,23408,PHOTO FRAME LINEN AND LACE SMALL,6,2011-12-07 12:33:00,2.08,12839,United Kingdom,12.48,2011,12,December,Wednesday
581122,23531,WALL ART BIG LOVE,3,2011-12-07 12:33:00,6.95,12839,United Kingdom,20.85,2011,12,December,Wednesday
581122,82494L,WOODEN FRAME ANTIQUE WHITE,12,2011-12-07 12:33:00,2.95,12839,United Kingdom,35.400000000000006,2011,12,December,Wednesday
581122,22212,FOUR HOOK  WHITE LOVEBIRDS,12,2011-12-07 12:33:00,2.1,12839,United Kingdom,25.200000000000003,2011,12,December,Wednesday
581122,23158,SET OF 5 LUCKY CAT MAGNETS,12,2011-12-07 12:33:00,2.08,12839,United Kingdom,24.96,2011,12,December,Wednesday
581122,21871,SAVE THE PLANET MUG,12,2011-12-07 12:33:00,1.65,12839,United Kingdom,19.799999999999997,2011,12,December,Wednesday
581122,21877,HOME SWEET HOME MUG,12,2011-12-07 12:33:00,1.65,12839,United Kingdom,19.799999999999997,2011,12,December,Wednesday
581122,22699,ROSES REGENCY TEACUP AND SAUCER,6,2011-12-07 12:33:00,2.95,12839,United Kingdom,17.700000000000003,2011,12,December,Wednesday
581122,23480,MINI LIGHTS WOODLAND MUSHROOMS,4,2011-12-07 12:33:00,3.75,12839,United Kingdom,15.0,2011,12,December,Wednesday
581120,21833,CAMOUFLAGE LED TORCH,12,2011-12-07 12:26:00,1.69,17042,United Kingdom,20.28,2011,12,December,Wednesday
581120,23242,TREASURE TIN BUFFALO BILL,12,2011-12-07 12:26:00,2.08,17042,United Kingdom,24.96,2011,12,December,Wednesday
581120,23506,MINI PLAYING CARDS SPACEBOY,20,2011-12-07 12:26:00,0.42,17042,United Kingdom,8.4,2011,12,December,Wednesday
581120,21703,BAG 125g SWIRLY MARBLES,12,2011-12-07 12:26:00,0.42,17042,United Kingdom,5.04,2011,12,December,Wednesday
581120,23084,RABBIT NIGHT LIGHT,6,2011-12-07 12:26:00,2.08,17042,United Kingdom,12.48,2011,12,December,Wednesday
581120,23480,MINI LIGHTS WOODLAND MUSHROOMS,4,2011-12-07 12:26:00,3.75,17042,United Kingdom,15.0,2011,12,December,Wednesday
581120,22564,ALPHABET STENCIL CRAFT,12,2011-12-07 12:26:00,1.25,17042,United Kingdom,15.0,2011,12,December,Wednesday
581120,20982,12 PENCILS TALL TUBE SKULLS,12,2011-12-07 12:26:00,0.85,17042,United Kingdom,10.2,2011,12,December,Wednesday
581120,20983,12 PENCILS TALL TUBE RED RETROSPOT,12,2011-12-07 12:26:00,0.85,17042,United Kingdom,10.2,2011,12,December,Wednesday
581119,23368,SET 12 COLOUR PENCILS DOLLY GIRL,16,2011-12-07 12:26:00,0.65,15136,United Kingdom,10.4,2011,12,December,Wednesday
581119,23367,SET 12 COLOUR PENCILS SPACEBOY,16,2011-12-07 12:26:00,0.65,15136,United Kingdom,10.4,2011,12,December,Wednesday
581119,22722,SET OF 6 SPICE TINS PANTRY DESIGN,6,2011-12-07 12:26:00,3.95,15136,United Kingdom,23.700000000000003,2011,12,December,Wednesday
581118,22086,PAPER CHAIN KIT 50'S CHRISTMAS,6,2011-12-07 12:26:00,2.95,15136,United Kingdom,17.700000000000003,2011,12,December,Wednesday
581118,22720,SET OF 3 CAKE TINS PANTRY DESIGN,3,2011-12-07 12:26:00,4.95,15136,United Kingdom,14.850000000000001,2011,12,December,Wednesday
581118,21466,RED FLOWER CROCHET FOOD COVER,6,2011-12-07 12:26:00,3.75,15136,United Kingdom,22.5,2011,12,December,Wednesday
581118,22139,RETROSPOT TEA SET CERAMIC 11 PC,3,2011-12-07 12:26:00,4.95,15136,United Kingdom,14.850000000000001,2011,12,December,Wednesday
581118,22079,RIBBON REEL HEARTS DESIGN,10,2011-12-07 12:26:00,1.65,15136,United Kingdom,16.5,2011,12,December,Wednesday
581118,22081,RIBBON REEL FLORA + FAUNA,10,2011-12-07 12:26:00,1.65,15136,United Kingdom,16.5,2011,12,December,Wednesday
581118,22080,RIBBON REEL POLKADOTS,10,2011-12-07 12:26:00,1.65,15136,United Kingdom,16.5,2011,12,December,Wednesday
581118,21974,SET OF 36 PAISLEY FLOWER DOILIES,12,2011-12-07 12:26:00,1.45,15136,United Kingdom,17.4,2011,12,December,Wednesday
581118,21977,PACK OF 60 PINK PAISLEY CAKE CASES,24,2011-12-07 12:26:00,0.55,15136,United Kingdom,13.200000000000001,2011,12,December,Wednesday
581118,22277,COSMETIC BAG VINTAGE ROSE PAISLEY,6,2011-12-07 12:26:00,2.1,15136,United Kingdom,12.600000000000001,2011,12,December,Wednesday
581118,20755,BLUE PAISLEY POCKET BOOK,12,2011-12-07 12:26:00,0.85,15136,United Kingdom,10.2,2011,12,December,Wednesday
581118,22557,PLASTERS IN TIN VINTAGE PAISLEY,12,2011-12-07 12:26:00,1.65,15136,United Kingdom,19.799999999999997,2011,12,December,Wednesday
581118,22556,PLASTERS IN TIN CIRCUS PARADE,12,2011-12-07 12:26:00,1.65,15136,United Kingdom,19.799999999999997,2011,12,December,Wednesday
581116,22142,CHRISTMAS CRAFT WHITE FAIRY,6,2011-12-07 12:21:00,1.45,17232,United Kingdom,8.7,2011,12,December,Wednesday
581116,22966,GINGERBREAD MAN COOKIE CUTTER,6,2011-12-07 12:21:00,1.25,17232,United Kingdom,7.5,2011,12,December,Wednesday
581116,22081,RIBBON REEL FLORA + FAUNA,5,2011-12-07 12:21:00,1.65,17232,United Kingdom,8.25,2011,12,December,Wednesday
581116,22991,GIRAFFE WOODEN RULER,11,2011-12-07 12:21:00,1.95,17232,United Kingdom,21.45,2011,12,December,Wednesday
581116,20761,BLUE PAISLEY SKETCHBOOK,1,2011-12-07 12:21:00,3.75,17232,United Kingdom,3.75,2011,12,December,Wednesday
581116,21584,RETROSPOT SMALL TUBE MATCHES,9,2011-12-07 12:21:00,1.65,17232,United Kingdom,14.85,2011,12,December,Wednesday
581116,21484,CHICK GREY HOT WATER BOTTLE,7,2011-12-07 12:21:00,4.25,17232,United Kingdom,29.75,2011,12,December,Wednesday
581116,84347,ROTATING SILVER ANGELS T-LIGHT HLDR,12,2011-12-07 12:21:00,2.55,17232,United Kingdom,30.599999999999998,2011,12,December,Wednesday
581116,23576,SNACK TRAY RED VINTAGE DOILY,5,2011-12-07 12:21:00,1.95,17232,United Kingdom,9.75,2011,12,December,Wednesday
581116,22144,CHRISTMAS CRAFT LITTLE FRIENDS,6,2011-12-07 12:21:00,2.1,17232,United Kingdom,12.600000000000001,2011,12,December,Wednesday
581116,23319,BOX OF 6 MINI 50'S CRACKERS,5,2011-12-07 12:21:00,2.49,17232,United Kingdom,12.450000000000001,2011,12,December,Wednesday
581116,23240,SET OF 4 KNICK KNACK TINS DOILY,1,2011-12-07 12:21:00,4.15,17232,United Kingdom,4.15,2011,12,December,Wednesday
581116,22428,ENAMEL FIRE BUCKET CREAM,1,2011-12-07 12:21:00,6.95,17232,United Kingdom,6.95,2011,12,December,Wednesday
581116,22865,HAND WARMER OWL DESIGN,6,2011-12-07 12:21:00,2.1,17232,United Kingdom,12.600000000000001,2011,12,December,Wednesday
581116,22726,ALARM CLOCK BAKELIKE GREEN,1,2011-12-07 12:21:00,3.75,17232,United Kingdom,3.75,2011,12,December,Wednesday
581116,22867,HAND WARMER BIRD DESIGN,8,2011-12-07 12:21:00,2.1,17232,United Kingdom,16.8,2011,12,December,Wednesday
581116,22727,ALARM CLOCK BAKELIKE RED,1,2011-12-07 12:21:00,3.75,17232,United Kingdom,3.75,2011,12,December,Wednesday
581116,23344,JUMBO BAG 50'S CHRISTMAS,1,2011-12-07 12:21:00,2.08,17232,United Kingdom,2.08,2011,12,December,Wednesday
581115,22413,METAL SIGN TAKE IT OR LEAVE IT,1404,2011-12-07 12:20:00,2.75,15195,United Kingdom,3861.0,2011,12,December,Wednesday
581114,23344,JUMBO BAG 50'S CHRISTMAS,2,2011-12-07 12:19:00,2.08,14527,United Kingdom,4.16,2011,12,December,Wednesday
581114,22696,WICKER WREATH LARGE,1,2011-12-07 12:19:00,1.95,14527,United Kingdom,1.95,2011,12,December,Wednesday
581114,22975,SPACEBOY CHILDRENS EGG CUP,2,2011-12-07 12:19:00,1.25,14527,United Kingdom,2.5,2011,12,December,Wednesday
581114,35970,ZINC FOLKART SLEIGH BELLS,2,2011-12-07 12:19:00,1.69,14527,United Kingdom,3.38,2011,12,December,Wednesday
581114,23342,MINT DINER WALL CLOCK,2,2011-12-07 12:19:00,8.5,14527,United Kingdom,17.0,2011,12,December,Wednesday
581114,22795,SWEETHEART RECIPE BOOK STAND,1,2011-12-07 12:19:00,6.75,14527,United Kingdom,6.75,2011,12,December,Wednesday
581114,22847,BREAD BIN DINER STYLE IVORY,1,2011-12-07 12:19:00,16.95,14527,United Kingdom,16.95,2011,12,December,Wednesday
581114,22776,SWEETHEART 3 TIER CAKE STAND,1,2011-12-07 12:19:00,9.95,14527,United Kingdom,9.95,2011,12,December,Wednesday
581114,84968D,SET OF 16 VINTAGE RED CUTLERY,1,2011-12-07 12:19:00,12.75,14527,United Kingdom,12.75,2011,12,December,Wednesday
581114,22424,ENAMEL BREAD BIN CREAM,1,2011-12-07 12:19:00,12.75,14527,United Kingdom,12.75,2011,12,December,Wednesday
581114,21623,VINTAGE UNION JACK MEMOBOARD,1,2011-12-07 12:19:00,9.95,14527,United Kingdom,9.95,2011,12,December,Wednesday
581114,22802,FAUX FUR CHOCOLATE THROW,1,2011-12-07 12:19:00,7.95,14527,United Kingdom,7.95,2011,12,December,Wednesday
581114,22509,SEWING BOX RETROSPOT DESIGN,1,2011-12-07 12:19:00,3.95,14527,United Kingdom,3.95,2011,12,December,Wednesday
581114,23395,BELLE JARDINIERE CUSHION COVER,2,2011-12-07 12:19:00,3.75,14527,United Kingdom,7.5,2011,12,December,Wednesday
581114,23394,POSTE FRANCE CUSHION COVER,1,2011-12-07 12:19:00,3.75,14527,United Kingdom,3.75,2011,12,December,Wednesday
581114,21630,FLOOR CUSHION ELEPHANT CARNIVAL,1,2011-12-07 12:19:00,8.95,14527,United Kingdom,8.95,2011,12,December,Wednesday
581114,23320,GIANT 50'S CHRISTMAS CRACKER,2,2011-12-07 12:19:00,1.25,14527,United Kingdom,2.5,2011,12,December,Wednesday
581114,22605,WOODEN CROQUET GARDEN SET,2,2011-12-07 12:19:00,14.95,14527,United Kingdom,29.9,2011,12,December,Wednesday
581114,22691,DOORMAT WELCOME SUNRISE,1,2011-12-07 12:19:00,8.25,14527,United Kingdom,8.25,2011,12,December,Wednesday
581114,21257,VICTORIAN SEWING BOX MEDIUM,1,2011-12-07 12:19:00,7.95,14527,United Kingdom,7.95,2011,12,December,Wednesday
581114,22846,BREAD BIN DINER STYLE RED,4,2011-12-07 12:19:00,14.95,14527,United Kingdom,59.8,2011,12,December,Wednesday
581114,23357,HOT WATER BOTTLE SEX BOMB,5,2011-12-07 12:19:00,1.65,14527,United Kingdom,8.25,2011,12,December,Wednesday
581114,23355,HOT WATER BOTTLE KEEP CALM,5,2011-12-07 12:19:00,4.95,14527,United Kingdom,24.75,2011,12,December,Wednesday
581114,21485,RETROSPOT HEART HOT WATER BOTTLE,2,2011-12-07 12:19:00,4.95,14527,United Kingdom,9.9,2011,12,December,Wednesday
581114,84029E,RED WOOLLY HOTTIE WHITE HEART.,1,2011-12-07 12:19:00,4.25,14527,United Kingdom,4.25,2011,12,December,Wednesday
581114,23356,LOVE HOT WATER BOTTLE,2,2011-12-07 12:19:00,5.95,14527,United Kingdom,11.9,2011,12,December,Wednesday
581114,22111,SCOTTIE DOG HOT WATER BOTTLE,1,2011-12-07 12:19:00,4.95,14527,United Kingdom,4.95,2011,12,December,Wednesday
581114,22835,HOT WATER BOTTLE I AM SO POORLY,2,2011-12-07 12:19:00,4.95,14527,United Kingdom,9.9,2011,12,December,Wednesday
581114,22114,HOT WATER BOTTLE TEA AND SYMPATHY,6,2011-12-07 12:19:00,4.25,14527,United Kingdom,25.5,2011,12,December,Wednesday
581114,21479,WHITE SKULL HOT WATER BOTTLE,2,2011-12-07 12:19:00,4.25,14527,United Kingdom,8.5,2011,12,December,Wednesday
581114,22112,CHOCOLATE HOT WATER BOTTLE,3,2011-12-07 12:19:00,4.95,14527,United Kingdom,14.850000000000001,2011,12,December,Wednesday
581113,22507,MEMO BOARD RETROSPOT  DESIGN,1,2011-12-07 12:19:00,4.95,14534,United Kingdom,4.95,2011,12,December,Wednesday
581113,85099B,JUMBO BAG RED RETROSPOT,10,2011-12-07 12:19:00,2.08,14534,United Kingdom,20.8,2011,12,December,Wednesday
581113,20712,JUMBO BAG WOODLAND ANIMALS,10,2011-12-07 12:19:00,2.08,14534,United Kingdom,20.8,2011,12,December,Wednesday
581113,23202,JUMBO BAG VINTAGE LEAF,10,2011-12-07 12:19:00,2.08,14534,United Kingdom,20.8,2011,12,December,Wednesday
581113,22991,GIRAFFE WOODEN RULER,4,2011-12-07 12:19:00,1.95,14534,United Kingdom,7.8,2011,12,December,Wednesday
581113,22992,REVOLVER WOODEN RULER,3,2011-12-07 12:19:00,1.95,14534,United Kingdom,5.85,2011,12,December,Wednesday
581113,84380,SET OF 3 BUTTERFLY COOKIE CUTTERS,1,2011-12-07 12:19:00,1.45,14534,United Kingdom,1.45,2011,12,December,Wednesday
581113,84378,SET OF 3 HEART COOKIE CUTTERS,1,2011-12-07 12:19:00,1.45,14534,United Kingdom,1.45,2011,12,December,Wednesday
581113,23084,RABBIT NIGHT LIGHT,1,2011-12-07 12:19:00,2.08,14534,United Kingdom,2.08,2011,12,December,Wednesday
581113,23283,DOORMAT VINTAGE LEAF,1,2011-12-07 12:19:00,8.25,14534,United Kingdom,8.25,2011,12,December,Wednesday
581113,21623,VINTAGE UNION JACK MEMOBOARD,1,2011-12-07 12:19:00,9.95,14534,United Kingdom,9.95,2011,12,December,Wednesday
581113,84596B,SMALL DOLLY MIX DESIGN ORANGE BOWL,8,2011-12-07 12:19:00,0.42,14534,United Kingdom,3.36,2011,12,December,Wednesday
581113,22065,CHRISTMAS PUDDING TRINKET POT,4,2011-12-07 12:19:00,0.39,14534,United Kingdom,1.56,2011,12,December,Wednesday
581113,84596F,SMALL MARSHMALLOWS PINK BOWL,16,2011-12-07 12:19:00,0.42,14534,United Kingdom,6.72,2011,12,December,Wednesday
581113,20676,RED RETROSPOT BOWL,12,2011-12-07 12:19:00,1.25,14534,United Kingdom,15.0,2011,12,December,Wednesday
581112,23552,BICYCLE PUNCTURE REPAIR KIT,12,2011-12-07 12:17:00,2.08,16678,United Kingdom,24.96,2011,12,December,Wednesday
581112,23498,CLASSIC BICYCLE CLIPS,12,2011-12-07 12:17:00,1.45,16678,United Kingdom,17.4,2011,12,December,Wednesday
581112,23497,CLASSIC CHROME BICYCLE BELL,12,2011-12-07 12:17:00,1.45,16678,United Kingdom,17.4,2011,12,December,Wednesday
581112,22966,GINGERBREAD MAN COOKIE CUTTER,12,2011-12-07 12:17:00,1.25,16678,United Kingdom,15.0,2011,12,December,Wednesday
581112,22993,SET OF 4 PANTRY JELLY MOULDS,12,2011-12-07 12:17:00,1.25,16678,United Kingdom,15.0,2011,12,December,Wednesday
581112,84978,HANGING HEART JAR T-LIGHT HOLDER,24,2011-12-07 12:17:00,1.25,16678,United Kingdom,30.0,2011,12,December,Wednesday
581112,71459,HANGING JAM JAR T-LIGHT HOLDERS,12,2011-12-07 12:17:00,0.85,16678,United Kingdom,10.2,2011,12,December,Wednesday
581112,22915,ASSORTED BOTTLE TOP  MAGNETS,24,2011-12-07 12:17:00,0.19,16678,United Kingdom,4.5600000000000005,2011,12,December,Wednesday
581112,23570,TRADITIONAL PICK UP STICKS GAME,12,2011-12-07 12:17:00,1.25,16678,United Kingdom,15.0,2011,12,December,Wednesday
581112,22113,GREY HEART HOT WATER BOTTLE,12,2011-12-07 12:17:00,4.25,16678,United Kingdom,51.0,2011,12,December,Wednesday
581112,22111,SCOTTIE DOG HOT WATER BOTTLE,18,2011-12-07 12:17:00,4.95,16678,United Kingdom,89.10000000000001,2011,12,December,Wednesday
581112,22403,MAGNETS PACK OF 4 VINTAGE LABELS,12,2011-12-07 12:17:00,0.39,16678,United Kingdom,4.68,2011,12,December,Wednesday
581112,22616,PACK OF 12 LONDON TISSUES,24,2011-12-07 12:17:00,0.39,16678,United Kingdom,9.36,2011,12,December,Wednesday
581112,35970,ZINC FOLKART SLEIGH BELLS,12,2011-12-07 12:17:00,1.69,16678,United Kingdom,20.28,2011,12,December,Wednesday
581110,23486,ANTIQUE HEART SHELF UNIT,150,2011-12-07 12:17:00,13.35,16000,United Kingdom,2002.5,2011,12,December,Wednesday
581108,23166,MEDIUM CERAMIC TOP STORAGE JAR,2,2011-12-07 12:16:00,1.25,15984,United Kingdom,2.5,2011,12,December,Wednesday
581108,23100,SILVER BELLS TABLE DECORATION,12,2011-12-07 12:16:00,1.25,15984,United Kingdom,15.0,2011,12,December,Wednesday
581108,35004B,SET OF 3 BLACK FLYING DUCKS,1,2011-12-07 12:16:00,5.45,15984,United Kingdom,5.45,2011,12,December,Wednesday
581108,22113,GREY HEART HOT WATER BOTTLE,5,2011-12-07 12:16:00,4.25,15984,United Kingdom,21.25,2011,12,December,Wednesday
581108,22086,PAPER CHAIN KIT 50'S CHRISTMAS,4,2011-12-07 12:16:00,2.95,15984,United Kingdom,11.8,2011,12,December,Wednesday
581108,35970,ZINC FOLKART SLEIGH BELLS,6,2011-12-07 12:16:00,1.69,15984,United Kingdom,10.14,2011,12,December,Wednesday
581108,22217,T-LIGHT HOLDER HANGING LACE,48,2011-12-07 12:16:00,0.39,15984,United Kingdom,18.72,2011,12,December,Wednesday
581108,22578,WOODEN STAR CHRISTMAS SCANDINAVIAN,240,2011-12-07 12:16:00,0.29,15984,United Kingdom,69.6,2011,12,December,Wednesday
581108,23215,JINGLE BELL HEART ANTIQUE SILVER,24,2011-12-07 12:16:00,2.08,15984,United Kingdom,49.92,2011,12,December,Wednesday
581107,23461,SWEETHEART BIRD HOUSE,620,2011-12-07 12:15:00,3.3,16000,United Kingdom,2046.0,2011,12,December,Wednesday
581105,85152,HAND OVER THE CHOCOLATE   SIGN,620,2011-12-07 12:14:00,1.92,16000,United Kingdom,1190.3999999999999,2011,12,December,Wednesday
581105,22457,NATURAL SLATE HEART CHALKBOARD,620,2011-12-07 12:14:00,2.55,16000,United Kingdom,1581.0,2011,12,December,Wednesday
581105,22727,ALARM CLOCK BAKELIKE RED,620,2011-12-07 12:14:00,2.99,16000,United Kingdom,1853.8000000000002,2011,12,December,Wednesday
581105,23497,CLASSIC CHROME BICYCLE BELL,620,2011-12-07 12:14:00,1.38,16000,United Kingdom,855.5999999999999,2011,12,December,Wednesday
581105,23498,CLASSIC BICYCLE CLIPS,620,2011-12-07 12:14:00,1.38,16000,United Kingdom,855.5999999999999,2011,12,December,Wednesday
581105,22961,JAM MAKING SET PRINTED,620,2011-12-07 12:14:00,1.38,16000,United Kingdom,855.5999999999999,2011,12,December,Wednesday
581105,23552,BICYCLE PUNCTURE REPAIR KIT,620,2011-12-07 12:14:00,1.86,16000,United Kingdom,1153.2,2011,12,December,Wednesday
581104,82484,WOOD BLACK BOARD ANT WHITE FINISH,6,2011-12-07 12:11:00,7.95,13668,United Kingdom,47.7,2011,12,December,Wednesday
581104,22178,VICTORIAN GLASS HANGING T-LIGHT,18,2011-12-07 12:11:00,1.95,13668,United Kingdom,35.1,2011,12,December,Wednesday
581104,72799E,IVORY PILLAR CANDLE SILVER FLOCK,4,2011-12-07 12:11:00,0.79,13668,United Kingdom,3.16,2011,12,December,Wednesday
581104,72598,SET/12 TAPER CANDLES,24,2011-12-07 12:11:00,0.85,13668,United Kingdom,20.4,2011,12,December,Wednesday
581104,23403,LETTER HOLDER HOME SWEET HOME,8,2011-12-07 12:11:00,3.75,13668,United Kingdom,30.0,2011,12,December,Wednesday
581104,23404,HOME SWEET HOME BLACKBOARD,6,2011-12-07 12:11:00,4.95,13668,United Kingdom,29.700000000000003,2011,12,December,Wednesday
581104,22791,T-LIGHT GLASS FLUTED ANTIQUE,12,2011-12-07 12:11:00,1.25,13668,United Kingdom,15.0,2011,12,December,Wednesday
581104,37448,CERAMIC CAKE DESIGN SPOTTED MUG,2,2011-12-07 12:11:00,1.49,13668,United Kingdom,2.98,2011,12,December,Wednesday
581104,21916,SET 12 RETRO WHITE CHALK STICKS,4,2011-12-07 12:11:00,0.42,13668,United Kingdom,1.68,2011,12,December,Wednesday
581104,23439,HAND WARMER RED LOVE HEART,2,2011-12-07 12:11:00,2.1,13668,United Kingdom,4.2,2011,12,December,Wednesday
581104,22865,HAND WARMER OWL DESIGN,2,2011-12-07 12:11:00,2.1,13668,United Kingdom,4.2,2011,12,December,Wednesday
581104,72800E,4 IVORY DINNER CANDLES SILVER FLOCK,6,2011-12-07 12:11:00,0.79,13668,United Kingdom,4.74,2011,12,December,Wednesday
581104,22798,ANTIQUE GLASS DRESSING TABLE POT,4,2011-12-07 12:11:00,2.95,13668,United Kingdom,11.8,2011,12,December,Wednesday
581104,23090,VINTAGE GLASS T-LIGHT HOLDER,12,2011-12-07 12:11:00,0.83,13668,United Kingdom,9.959999999999999,2011,12,December,Wednesday
581104,84946,ANTIQUE SILVER T-LIGHT GLASS,6,2011-12-07 12:11:00,1.25,13668,United Kingdom,7.5,2011,12,December,Wednesday
581104,22800,ANTIQUE TALL SWIRLGLASS TRINKET POT,4,2011-12-07 12:11:00,3.75,13668,United Kingdom,15.0,2011,12,December,Wednesday
581104,84949,SILVER HANGING T-LIGHT HOLDER,6,2011-12-07 12:11:00,1.65,13668,United Kingdom,9.899999999999999,2011,12,December,Wednesday
581104,23078,ICE CREAM PEN LIP GLOSS,24,2011-12-07 12:11:00,1.25,13668,United Kingdom,30.0,2011,12,December,Wednesday
581104,23077,DOUGHNUT LIP GLOSS,20,2011-12-07 12:11:00,1.25,13668,United Kingdom,25.0,2011,12,December,Wednesday
581104,21754,HOME BUILDING BLOCK WORD,4,2011-12-07 12:11:00,6.25,13668,United Kingdom,25.0,2011,12,December,Wednesday
581101,23137,ZINC WIRE SWEETHEART LETTER TRAY,5,2011-12-07 11:48:00,1.25,17835,United Kingdom,6.25,2011,12,December,Wednesday
581101,23404,HOME SWEET HOME BLACKBOARD,2,2011-12-07 11:48:00,4.95,17835,United Kingdom,9.9,2011,12,December,Wednesday
581101,20749,ASSORTED COLOUR MINI CASES,2,2011-12-07 11:48:00,7.95,17835,United Kingdom,15.9,2011,12,December,Wednesday
581101,17091J,VANILLA INCENSE IN TIN,3,2011-12-07 11:48:00,0.38,17835,United Kingdom,1.1400000000000001,2011,12,December,Wednesday
581101,84347,ROTATING SILVER ANGELS T-LIGHT HLDR,3,2011-12-07 11:48:00,2.55,17835,United Kingdom,7.6499999999999995,2011,12,December,Wednesday
581101,84012,MAGIC SHEEP WOOL GROWING FROM PAPER,3,2011-12-07 11:48:00,0.85,17835,United Kingdom,2.55,2011,12,December,Wednesday
581101,23368,SET 12 COLOUR PENCILS DOLLY GIRL,5,2011-12-07 11:48:00,0.65,17835,United Kingdom,3.25,2011,12,December,Wednesday
581101,20973,12 PENCIL SMALL TUBE WOODLAND,4,2011-12-07 11:48:00,0.65,17835,United Kingdom,2.6,2011,12,December,Wednesday
581101,23365,SET 12 COLOUR PENCILS LOVE LONDON,6,2011-12-07 11:48:00,0.65,17835,United Kingdom,3.9000000000000004,2011,12,December,Wednesday
581101,23302,KNEELING MAT HOUSEWORK  DESIGN,1,2011-12-07 11:48:00,0.79,17835,United Kingdom,0.79,2011,12,December,Wednesday
581101,23301,GARDENERS KNEELING PAD KEEP CALM,1,2011-12-07 11:48:00,1.65,17835,United Kingdom,1.65,2011,12,December,Wednesday
581101,21620,SET OF 4 ROSE BOTANICAL CANDLES,2,2011-12-07 11:48:00,1.25,17835,United Kingdom,2.5,2011,12,December,Wednesday
581101,21619,4 VANILLA BOTANICAL CANDLES,2,2011-12-07 11:48:00,1.25,17835,United Kingdom,2.5,2011,12,December,Wednesday
581101,23203,JUMBO BAG VINTAGE DOILY,4,2011-12-07 11:48:00,2.08,17835,United Kingdom,8.32,2011,12,December,Wednesday
581101,21929,JUMBO BAG PINK VINTAGE PAISLEY,4,2011-12-07 11:48:00,2.08,17835,United Kingdom,8.32,2011,12,December,Wednesday
581101,21928,JUMBO BAG SCANDINAVIAN BLUE PAISLEY,4,2011-12-07 11:48:00,2.08,17835,United Kingdom,8.32,2011,12,December,Wednesday
581101,22411,JUMBO SHOPPER VINTAGE RED PAISLEY,5,2011-12-07 11:48:00,2.08,17835,United Kingdom,10.4,2011,12,December,Wednesday
581101,23581,JUMBO BAG PAISLEY PARK,5,2011-12-07 11:48:00,2.08,17835,United Kingdom,10.4,2011,12,December,Wednesday
581101,21408,SPOTTY PINK DUCK DOORSTOP,4,2011-12-07 11:48:00,1.95,17835,United Kingdom,7.8,2011,12,December,Wednesday
581099,23691,WRAP KEEP CALM BIRTHDAY,25,2011-12-07 11:43:00,0.42,18219,United Kingdom,10.5,2011,12,December,Wednesday
581099,21745,GAOLERS KEYS DECORATIVE GARDEN,8,2011-12-07 11:43:00,3.75,18219,United Kingdom,30.0,2011,12,December,Wednesday
581099,21012,ANTIQUE ALL GLASS CANDLESTICK,12,2011-12-07 11:43:00,2.1,18219,United Kingdom,25.200000000000003,2011,12,December,Wednesday
581099,23485,BOTANICAL GARDENS WALL CLOCK,1,2011-12-07 11:43:00,25.0,18219,United Kingdom,25.0,2011,12,December,Wednesday
581099,16161P,WRAP ENGLISH ROSE,25,2011-12-07 11:43:00,0.42,18219,United Kingdom,10.5,2011,12,December,Wednesday
581099,22704,WRAP RED APPLES,25,2011-12-07 11:43:00,0.42,18219,United Kingdom,10.5,2011,12,December,Wednesday
581099,23284,DOORMAT KEEP CALM AND COME IN,4,2011-12-07 11:43:00,8.25,18219,United Kingdom,33.0,2011,12,December,Wednesday
581099,71053,WHITE MOROCCAN METAL LANTERN,4,2011-12-07 11:43:00,3.75,18219,United Kingdom,15.0,2011,12,December,Wednesday
581099,84978,HANGING HEART JAR T-LIGHT HOLDER,12,2011-12-07 11:43:00,1.25,18219,United Kingdom,15.0,2011,12,December,Wednesday
581099,21754,HOME BUILDING BLOCK WORD,3,2011-12-07 11:43:00,6.25,18219,United Kingdom,18.75,2011,12,December,Wednesday
581099,82482,WOODEN PICTURE FRAME WHITE FINISH,12,2011-12-07 11:43:00,2.95,18219,United Kingdom,35.400000000000006,2011,12,December,Wednesday
581099,84879,ASSORTED COLOUR BIRD ORNAMENT,8,2011-12-07 11:43:00,1.69,18219,United Kingdom,13.52,2011,12,December,Wednesday
581098,23467,VINTAGE ZINC PLANTER,6,2011-12-07 11:42:00,3.29,14911,EIRE,19.740000000000002,2011,12,December,Wednesday
581098,22457,NATURAL SLATE HEART CHALKBOARD,6,2011-12-07 11:42:00,2.95,14911,EIRE,17.700000000000003,2011,12,December,Wednesday
581098,23499,SET 12 VINTAGE DOILY CHALK,24,2011-12-07 11:42:00,0.42,14911,EIRE,10.08,2011,12,December,Wednesday
581098,22488,NATURAL SLATE RECTANGLE CHALKBOARD,12,2011-12-07 11:42:00,1.65,14911,EIRE,19.799999999999997,2011,12,December,Wednesday
581098,22083,PAPER CHAIN KIT RETROSPOT,6,2011-12-07 11:42:00,2.95,14911,EIRE,17.700000000000003,2011,12,December,Wednesday
581098,23453,OVAL  MINI PORTRAIT FRAME,8,2011-12-07 11:42:00,1.95,14911,EIRE,15.6,2011,12,December,Wednesday
581098,22090,PAPER BUNTING RETROSPOT,6,2011-12-07 11:42:00,2.95,14911,EIRE,17.700000000000003,2011,12,December,Wednesday
581098,23326,HANGING MINI COLOURED BOTTLES,48,2011-12-07 11:42:00,0.63,14911,EIRE,30.240000000000002,2011,12,December,Wednesday
581098,21164,HOME SWEET HOME METAL SIGN,6,2011-12-07 11:42:00,2.95,14911,EIRE,17.700000000000003,2011,12,December,Wednesday
581098,23479,WIRE EGG BASKET,2,2011-12-07 11:42:00,7.85,14911,EIRE,15.7,2011,12,December,Wednesday
581098,21196,ROUND WHITE CONFETTI IN TUBE,12,2011-12-07 11:42:00,1.65,14911,EIRE,19.799999999999997,2011,12,December,Wednesday
581098,21198,WHITE HEART CONFETTI IN TUBE,12,2011-12-07 11:42:00,1.65,14911,EIRE,19.799999999999997,2011,12,December,Wednesday
581098,20685,DOORMAT RED RETROSPOT,10,2011-12-07 11:42:00,7.08,14911,EIRE,70.8,2011,12,December,Wednesday
581098,22690,DOORMAT HOME SWEET HOME BLUE,10,2011-12-07 11:42:00,7.08,14911,EIRE,70.8,2011,12,December,Wednesday
581098,21524,DOORMAT SPOTTY HOME SWEET HOME,10,2011-12-07 11:42:00,7.08,14911,EIRE,70.8,2011,12,December,Wednesday
581098,48129,DOORMAT TOPIARY,10,2011-12-07 11:42:00,7.08,14911,EIRE,70.8,2011,12,December,Wednesday
581098,48184,DOORMAT ENGLISH ROSE,10,2011-12-07 11:42:00,7.08,14911,EIRE,70.8,2011,12,December,Wednesday
581098,22423,REGENCY CAKESTAND 3 TIER,16,2011-12-07 11:42:00,10.95,14911,EIRE,175.2,2011,12,December,Wednesday
581098,23109,PACK OF SIX LED TEA LIGHTS,12,2011-12-07 11:42:00,2.89,14911,EIRE,34.68,2011,12,December,Wednesday
581098,21284,RETROSPOT CANDLE  SMALL,12,2011-12-07 11:42:00,0.39,14911,EIRE,4.68,2011,12,December,Wednesday
581098,21285,RETROSPOT CANDLE  MEDIUM,12,2011-12-07 11:42:00,0.39,14911,EIRE,4.68,2011,12,December,Wednesday
581098,21286,RETROSPOT CANDLE  LARGE,12,2011-12-07 11:42:00,0.59,14911,EIRE,7.08,2011,12,December,Wednesday
581098,22072,RED RETROSPOT TEA CUP AND SAUCER,12,2011-12-07 11:42:00,1.25,14911,EIRE,15.0,2011,12,December,Wednesday
581098,22465,HANGING METAL STAR LANTERN,12,2011-12-07 11:42:00,0.79,14911,EIRE,9.48,2011,12,December,Wednesday
581098,22596,CHRISTMAS STAR WISH LIST CHALKBOARD,12,2011-12-07 11:42:00,0.39,14911,EIRE,4.68,2011,12,December,Wednesday
581098,23320,GIANT 50'S CHRISTMAS CRACKER,12,2011-12-07 11:42:00,1.25,14911,EIRE,15.0,2011,12,December,Wednesday
581098,23489,VINTAGE BELLS GARLAND,6,2011-12-07 11:42:00,2.89,14911,EIRE,17.34,2011,12,December,Wednesday
581098,21534,DAIRY MAID LARGE MILK JUG,6,2011-12-07 11:42:00,4.95,14911,EIRE,29.700000000000003,2011,12,December,Wednesday
581098,85014B,RED RETROSPOT UMBRELLA,6,2011-12-07 11:42:00,5.95,14911,EIRE,35.7,2011,12,December,Wednesday
581098,35970,ZINC FOLKART SLEIGH BELLS,24,2011-12-07 11:42:00,1.69,14911,EIRE,40.56,2011,12,December,Wednesday
581098,22601,CHRISTMAS RETROSPOT ANGEL WOOD,12,2011-12-07 11:42:00,0.85,14911,EIRE,10.2,2011,12,December,Wednesday
581098,23058,CHRISTMAS HANGING SNOWFLAKE,12,2011-12-07 11:42:00,0.79,14911,EIRE,9.48,2011,12,December,Wednesday
581098,23103,JINGLE BELL HEART DECORATION,24,2011-12-07 11:42:00,1.65,14911,EIRE,39.599999999999994,2011,12,December,Wednesday
581098,22571,ROCKING HORSE RED CHRISTMAS,12,2011-12-07 11:42:00,0.85,14911,EIRE,10.2,2011,12,December,Wednesday
581098,23210,WHITE ROCKING HORSE HAND PAINTED,24,2011-12-07 11:42:00,1.25,14911,EIRE,30.0,2011,12,December,Wednesday
581098,23311,VINTAGE CHRISTMAS STOCKING,6,2011-12-07 11:42:00,2.55,14911,EIRE,15.299999999999999,2011,12,December,Wednesday
581098,22771,CLEAR DRAWER KNOB ACRYLIC EDWARDIAN,12,2011-12-07 11:42:00,1.25,14911,EIRE,15.0,2011,12,December,Wednesday
581098,21672,WHITE SPOT RED CERAMIC DRAWER KNOB,12,2011-12-07 11:42:00,1.45,14911,EIRE,17.4,2011,12,December,Wednesday
581098,22774,RED DRAWER KNOB ACRYLIC EDWARDIAN,12,2011-12-07 11:42:00,1.25,14911,EIRE,15.0,2011,12,December,Wednesday
581098,23029,DRAWER KNOB CRACKLE GLAZE GREEN,12,2011-12-07 11:42:00,1.65,14911,EIRE,19.799999999999997,2011,12,December,Wednesday
581098,23026,DRAWER KNOB VINTAGE GLASS STAR,6,2011-12-07 11:42:00,2.08,14911,EIRE,12.48,2011,12,December,Wednesday
581098,23035,DRAWER KNOB CERAMIC IVORY,12,2011-12-07 11:42:00,1.45,14911,EIRE,17.4,2011,12,December,Wednesday
581098,22624,IVORY KITCHEN SCALES,2,2011-12-07 11:42:00,8.5,14911,EIRE,17.0,2011,12,December,Wednesday
581098,22625,RED KITCHEN SCALES,2,2011-12-07 11:42:00,8.5,14911,EIRE,17.0,2011,12,December,Wednesday
581098,22567,20 DOLLY PEGS RETROSPOT,12,2011-12-07 11:42:00,1.45,14911,EIRE,17.4,2011,12,December,Wednesday
581098,15056BL,EDWARDIAN PARASOL BLACK,6,2011-12-07 11:42:00,5.95,14911,EIRE,35.7,2011,12,December,Wednesday
581098,22791,T-LIGHT GLASS FLUTED ANTIQUE,12,2011-12-07 11:42:00,1.25,14911,EIRE,15.0,2011,12,December,Wednesday
581098,23168,CLASSIC CAFE SUGAR DISPENSER,12,2011-12-07 11:42:00,1.25,14911,EIRE,15.0,2011,12,December,Wednesday
581098,23419,HOME SWEET HOME BOTTLE,12,2011-12-07 11:42:00,2.08,14911,EIRE,24.96,2011,12,December,Wednesday
581098,21742,LARGE ROUND WICKER PLATTER,4,2011-12-07 11:42:00,5.95,14911,EIRE,23.8,2011,12,December,Wednesday
581098,22782,SET 3 WICKER STORAGE BASKETS,2,2011-12-07 11:42:00,24.95,14911,EIRE,49.9,2011,12,December,Wednesday
581097,22476,EMPIRE UNION JACK TV DINNER TRAY,600,2011-12-07 11:41:00,1.95,13685,United Kingdom,1170.0,2011,12,December,Wednesday
581096,23240,SET OF 4 KNICK KNACK TINS DOILY,6,2011-12-07 11:36:00,4.15,17412,United Kingdom,24.900000000000002,2011,12,December,Wednesday
581096,23203,JUMBO BAG VINTAGE DOILY,10,2011-12-07 11:36:00,2.08,17412,United Kingdom,20.8,2011,12,December,Wednesday
581096,23209,LUNCH BAG VINTAGE DOILY,10,2011-12-07 11:36:00,1.65,17412,United Kingdom,16.5,2011,12,December,Wednesday
581096,23480,MINI LIGHTS WOODLAND MUSHROOMS,4,2011-12-07 11:36:00,3.75,17412,United Kingdom,15.0,2011,12,December,Wednesday
581096,21731,RED TOADSTOOL LED NIGHT LIGHT,12,2011-12-07 11:36:00,1.65,17412,United Kingdom,19.799999999999997,2011,12,December,Wednesday
581096,22086,PAPER CHAIN KIT 50'S CHRISTMAS,6,2011-12-07 11:36:00,2.95,17412,United Kingdom,17.700000000000003,2011,12,December,Wednesday
581096,20725,LUNCH BAG RED RETROSPOT,10,2011-12-07 11:36:00,1.65,17412,United Kingdom,16.5,2011,12,December,Wednesday
581096,21481,FAWN BLUE HOT WATER BOTTLE,4,2011-12-07 11:36:00,3.75,17412,United Kingdom,15.0,2011,12,December,Wednesday
581096,21914,BLUE HARMONICA IN BOX,12,2011-12-07 11:36:00,1.25,17412,United Kingdom,15.0,2011,12,December,Wednesday
581096,22867,HAND WARMER BIRD DESIGN,12,2011-12-07 11:36:00,2.1,17412,United Kingdom,25.200000000000003,2011,12,December,Wednesday
581095,23320,GIANT 50'S CHRISTMAS CRACKER,3,2011-12-07 11:35:00,1.25,17238,United Kingdom,3.75,2011,12,December,Wednesday
581095,22086,PAPER CHAIN KIT 50'S CHRISTMAS,4,2011-12-07 11:35:00,2.95,17238,United Kingdom,11.8,2011,12,December,Wednesday
581095,23437,50'S CHRISTMAS GIFT BAG LARGE,4,2011-12-07 11:35:00,1.25,17238,United Kingdom,5.0,2011,12,December,Wednesday
581095,23351,ROLL WRAP 50'S CHRISTMAS,2,2011-12-07 11:35:00,1.25,17238,United Kingdom,2.5,2011,12,December,Wednesday
581095,17003,BROCADE RING PURSE,34,2011-12-07 11:35:00,0.39,17238,United Kingdom,13.26,2011,12,December,Wednesday
581095,22940,FELTCRAFT CHRISTMAS FAIRY,6,2011-12-07 11:35:00,4.25,17238,United Kingdom,25.5,2011,12,December,Wednesday
581095,22750,FELTCRAFT PRINCESS LOLA DOLL,5,2011-12-07 11:35:00,3.75,17238,United Kingdom,18.75,2011,12,December,Wednesday
581095,22749,FELTCRAFT PRINCESS CHARLOTTE DOLL,5,2011-12-07 11:35:00,3.75,17238,United Kingdom,18.75,2011,12,December,Wednesday
581095,23084,RABBIT NIGHT LIGHT,5,2011-12-07 11:35:00,2.08,17238,United Kingdom,10.4,2011,12,December,Wednesday
581095,23313,VINTAGE CHRISTMAS BUNTING,4,2011-12-07 11:35:00,4.95,17238,United Kingdom,19.8,2011,12,December,Wednesday
581095,85034B,3 WHITE CHOC MORRIS BOXED CANDLES,4,2011-12-07 11:35:00,1.25,17238,United Kingdom,5.0,2011,12,December,Wednesday
581095,23344,JUMBO BAG 50'S CHRISTMAS,2,2011-12-07 11:35:00,2.08,17238,United Kingdom,4.16,2011,12,December,Wednesday
581074,22970,LONDON BUS COFFEE MUG,6,2011-12-07 11:27:00,2.55,15568,United Kingdom,15.299999999999999,2011,12,December,Wednesday
581074,22633,HAND WARMER UNION JACK,15,2011-12-07 11:27:00,2.1,15568,United Kingdom,31.5,2011,12,December,Wednesday
581074,23505,PLAYING CARDS I LOVE LONDON,4,2011-12-07 11:27:00,1.25,15568,United Kingdom,5.0,2011,12,December,Wednesday
581074,23504,PLAYING CARDS JUBILEE UNION JACK,6,2011-12-07 11:27:00,1.25,15568,United Kingdom,7.5,2011,12,December,Wednesday
581074,23503,PLAYING CARDS KEEP CALM & CARRY ON,4,2011-12-07 11:27:00,1.25,15568,United Kingdom,5.0,2011,12,December,Wednesday
581074,22659,LUNCH BOX I LOVE LONDON,3,2011-12-07 11:27:00,1.95,15568,United Kingdom,5.85,2011,12,December,Wednesday
581074,22997,TRAVEL CARD WALLET UNION JACK,24,2011-12-07 11:27:00,0.42,15568,United Kingdom,10.08,2011,12,December,Wednesday
581074,22998,TRAVEL CARD WALLET KEEP CALM,24,2011-12-07 11:27:00,0.42,15568,United Kingdom,10.08,2011,12,December,Wednesday
581074,23005,TRAVEL CARD WALLET I LOVE LONDON,24,2011-12-07 11:27:00,0.42,15568,United Kingdom,10.08,2011,12,December,Wednesday
581074,22616,PACK OF 12 LONDON TISSUES,12,2011-12-07 11:27:00,0.39,15568,United Kingdom,4.68,2011,12,December,Wednesday
581074,22900,SET 2 TEA TOWELS I LOVE LONDON,10,2011-12-07 11:27:00,3.25,15568,United Kingdom,32.5,2011,12,December,Wednesday
581074,23391,I LOVE LONDON MINI BACKPACK,4,2011-12-07 11:27:00,4.15,15568,United Kingdom,16.6,2011,12,December,Wednesday
581074,23238,SET OF 4 KNICK KNACK TINS LONDON,6,2011-12-07 11:27:00,4.15,15568,United Kingdom,24.900000000000002,2011,12,December,Wednesday
581074,23355,HOT WATER BOTTLE KEEP CALM,24,2011-12-07 11:27:00,4.15,15568,United Kingdom,99.60000000000001,2011,12,December,Wednesday
581074,22112,CHOCOLATE HOT WATER BOTTLE,4,2011-12-07 11:27:00,4.95,15568,United Kingdom,19.8,2011,12,December,Wednesday
581074,84029G,KNITTED UNION FLAG HOT WATER BOTTLE,8,2011-12-07 11:27:00,4.25,15568,United Kingdom,34.0,2011,12,December,Wednesday
581074,23357,HOT WATER BOTTLE SEX BOMB,2,2011-12-07 11:27:00,1.65,15568,United Kingdom,3.3,2011,12,December,Wednesday
581068,23232,WRAP VINTAGE LEAF DESIGN,25,2011-12-07 11:26:00,0.42,16191,United Kingdom,10.5,2011,12,December,Wednesday
581068,22798,ANTIQUE GLASS DRESSING TABLE POT,12,2011-12-07 11:26:00,2.95,16191,United Kingdom,35.400000000000006,2011,12,December,Wednesday
581068,71477,COLOURED GLASS STAR T-LIGHT HOLDER,24,2011-12-07 11:26:00,3.29,16191,United Kingdom,78.96000000000001,2011,12,December,Wednesday
581068,22952,60 CAKE CASES VINTAGE CHRISTMAS,36,2011-12-07 11:26:00,0.55,16191,United Kingdom,19.8,2011,12,December,Wednesday
581068,23275,SET OF 3 HANGING OWLS OLLIE BEAK,80,2011-12-07 11:26:00,1.25,16191,United Kingdom,100.0,2011,12,December,Wednesday
581064,84946,ANTIQUE SILVER T-LIGHT GLASS,12,2011-12-07 11:16:00,1.25,13882,United Kingdom,15.0,2011,12,December,Wednesday
581064,21285,RETROSPOT CANDLE  MEDIUM,12,2011-12-07 11:16:00,0.39,13882,United Kingdom,4.68,2011,12,December,Wednesday
581064,21592,RETROSPOT CIGAR BOX MATCHES,48,2011-12-07 11:16:00,0.39,13882,United Kingdom,18.72,2011,12,December,Wednesday
581064,22217,T-LIGHT HOLDER HANGING LACE,24,2011-12-07 11:16:00,0.39,13882,United Kingdom,9.36,2011,12,December,Wednesday
581064,22596,CHRISTMAS STAR WISH LIST CHALKBOARD,12,2011-12-07 11:16:00,0.39,13882,United Kingdom,4.68,2011,12,December,Wednesday
581064,22638,SET OF 4 NAPKIN CHARMS CROWNS,32,2011-12-07 11:16:00,0.79,13882,United Kingdom,25.28,2011,12,December,Wednesday
581064,22639,SET OF 4 NAPKIN CHARMS HEARTS,32,2011-12-07 11:16:00,0.79,13882,United Kingdom,25.28,2011,12,December,Wednesday
581064,22643,SET OF 4 NAPKIN CHARMS LEAVES,32,2011-12-07 11:16:00,0.79,13882,United Kingdom,25.28,2011,12,December,Wednesday
581064,22642,SET OF 4 NAPKIN CHARMS STARS,32,2011-12-07 11:16:00,0.79,13882,United Kingdom,25.28,2011,12,December,Wednesday
581064,23106,ZINC HEARTS PLANT POT HOLDER,16,2011-12-07 11:16:00,0.79,13882,United Kingdom,12.64,2011,12,December,Wednesday
581064,21822,GLITTER CHRISTMAS TREE WITH BELLS,12,2011-12-07 11:16:00,0.79,13882,United Kingdom,9.48,2011,12,December,Wednesday
581064,21810,CHRISTMAS HANGING STAR WITH BELL,24,2011-12-07 11:16:00,0.39,13882,United Kingdom,9.36,2011,12,December,Wednesday
581064,22338,STAR DECORATION PAINTED ZINC,24,2011-12-07 11:16:00,0.19,13882,United Kingdom,4.5600000000000005,2011,12,December,Wednesday
581064,22581,WOOD STOCKING CHRISTMAS SCANDISPOT,12,2011-12-07 11:16:00,0.29,13882,United Kingdom,3.4799999999999995,2011,12,December,Wednesday
581059,23349,ROLL WRAP VINTAGE CHRISTMAS,12,2011-12-07 11:12:00,1.25,13267,United Kingdom,15.0,2011,12,December,Wednesday
581059,22730,ALARM CLOCK BAKELIKE IVORY,4,2011-12-07 11:12:00,3.75,13267,United Kingdom,15.0,2011,12,December,Wednesday
581059,22627,MINT KITCHEN SCALES,2,2011-12-07 11:12:00,8.5,13267,United Kingdom,17.0,2011,12,December,Wednesday
581059,22423,REGENCY CAKESTAND 3 TIER,2,2011-12-07 11:12:00,12.75,13267,United Kingdom,25.5,2011,12,December,Wednesday
581059,22690,DOORMAT HOME SWEET HOME BLUE,4,2011-12-07 11:12:00,8.25,13267,United Kingdom,33.0,2011,12,December,Wednesday
581059,22699,ROSES REGENCY TEACUP AND SAUCER,6,2011-12-07 11:12:00,2.95,13267,United Kingdom,17.700000000000003,2011,12,December,Wednesday
581059,79321,CHILLI LIGHTS,4,2011-12-07 11:12:00,5.75,13267,United Kingdom,23.0,2011,12,December,Wednesday
581059,22910,PAPER CHAIN KIT VINTAGE CHRISTMAS,6,2011-12-07 11:12:00,2.95,13267,United Kingdom,17.700000000000003,2011,12,December,Wednesday
581059,21137,BLACK RECORD COVER FRAME,4,2011-12-07 11:12:00,3.75,13267,United Kingdom,15.0,2011,12,December,Wednesday
581059,23290,SPACEBOY CHILDRENS BOWL,8,2011-12-07 11:12:00,1.25,13267,United Kingdom,10.0,2011,12,December,Wednesday
581059,23292,SPACEBOY CHILDRENS CUP,8,2011-12-07 11:12:00,1.25,13267,United Kingdom,10.0,2011,12,December,Wednesday
581059,22150,3 STRIPEY MICE FELTCRAFT,6,2011-12-07 11:12:00,1.95,13267,United Kingdom,11.7,2011,12,December,Wednesday
581059,23439,HAND WARMER RED LOVE HEART,12,2011-12-07 11:12:00,2.1,13267,United Kingdom,25.200000000000003,2011,12,December,Wednesday
581059,22867,HAND WARMER BIRD DESIGN,24,2011-12-07 11:12:00,2.1,13267,United Kingdom,50.400000000000006,2011,12,December,Wednesday
581059,23168,CLASSIC CAFE SUGAR DISPENSER,12,2011-12-07 11:12:00,1.25,13267,United Kingdom,15.0,2011,12,December,Wednesday
581058,22694,WICKER STAR,12,2011-12-07 11:06:00,2.1,15969,United Kingdom,25.200000000000003,2011,12,December,Wednesday
581058,22763,KEY CABINET MA CAMPAGNE,4,2011-12-07 11:06:00,9.95,15969,United Kingdom,39.8,2011,12,December,Wednesday
581058,22762,CUPBOARD 3 DRAWER MA CAMPAGNE,4,2011-12-07 11:06:00,14.95,15969,United Kingdom,59.8,2011,12,December,Wednesday
581058,20839,FRENCH PAISLEY CUSHION COVER,12,2011-12-07 11:06:00,0.85,15969,United Kingdom,10.2,2011,12,December,Wednesday
581057,22086,PAPER CHAIN KIT 50'S CHRISTMAS,12,2011-12-07 11:03:00,2.95,16817,United Kingdom,35.400000000000006,2011,12,December,Wednesday
581057,22112,CHOCOLATE HOT WATER BOTTLE,6,2011-12-07 11:03:00,4.95,16817,United Kingdom,29.700000000000003,2011,12,December,Wednesday
581057,23407,SET OF 2 TRAYS HOME SWEET HOME,2,2011-12-07 11:03:00,9.95,16817,United Kingdom,19.9,2011,12,December,Wednesday
581057,22144,CHRISTMAS CRAFT LITTLE FRIENDS,6,2011-12-07 11:03:00,2.1,16817,United Kingdom,12.600000000000001,2011,12,December,Wednesday
581057,22784,LANTERN CREAM GAZEBO,3,2011-12-07 11:03:00,4.95,16817,United Kingdom,14.850000000000001,2011,12,December,Wednesday
581057,21703,BAG 125g SWIRLY MARBLES,12,2011-12-07 11:03:00,0.42,16817,United Kingdom,5.04,2011,12,December,Wednesday
581057,23405,HOME SWEET HOME 2 DRAWER CABINET,4,2011-12-07 11:03:00,4.95,16817,United Kingdom,19.8,2011,12,December,Wednesday
581057,22464,HANGING METAL HEART LANTERN,12,2011-12-07 11:03:00,0.79,16817,United Kingdom,9.48,2011,12,December,Wednesday
581057,22465,HANGING METAL STAR LANTERN,12,2011-12-07 11:03:00,0.79,16817,United Kingdom,9.48,2011,12,December,Wednesday
581057,22743,MAKE YOUR OWN FLOWERPOWER CARD KIT,12,2011-12-07 11:03:00,0.79,16817,United Kingdom,9.48,2011,12,December,Wednesday
581057,22742,MAKE YOUR OWN PLAYTIME CARD KIT,12,2011-12-07 11:03:00,0.79,16817,United Kingdom,9.48,2011,12,December,Wednesday
581057,23139,SINGLE WIRE HOOK PINK HEART,24,2011-12-07 11:03:00,0.39,16817,United Kingdom,9.36,2011,12,December,Wednesday
581057,23417,BATHROOM HOOK,12,2011-12-07 11:03:00,0.39,16817,United Kingdom,4.68,2011,12,December,Wednesday
581057,23415,HOME SWEET HOME HOOK,12,2011-12-07 11:03:00,0.39,16817,United Kingdom,4.68,2011,12,December,Wednesday
581057,84707A,SILVER JEWELLED MIRROR TRINKET TRAY,12,2011-12-07 11:03:00,1.95,16817,United Kingdom,23.4,2011,12,December,Wednesday
581034,22086,PAPER CHAIN KIT 50'S CHRISTMAS,40,2011-12-07 10:48:00,2.55,17049,United Kingdom,102.0,2011,12,December,Wednesday
581034,20724,RED RETROSPOT CHARLOTTE BAG,10,2011-12-07 10:48:00,0.85,17049,United Kingdom,8.5,2011,12,December,Wednesday
581034,20719,WOODLAND CHARLOTTE BAG,10,2011-12-07 10:48:00,0.85,17049,United Kingdom,8.5,2011,12,December,Wednesday
581034,21931,JUMBO STORAGE BAG SUKI,10,2011-12-07 10:48:00,2.08,17049,United Kingdom,20.8,2011,12,December,Wednesday
581034,23344,JUMBO BAG 50'S CHRISTMAS,10,2011-12-07 10:48:00,2.08,17049,United Kingdom,20.8,2011,12,December,Wednesday
581034,23582,VINTAGE DOILY JUMBO BAG RED,10,2011-12-07 10:48:00,2.08,17049,United Kingdom,20.8,2011,12,December,Wednesday
581034,23343,JUMBO BAG VINTAGE CHRISTMAS,10,2011-12-07 10:48:00,2.08,17049,United Kingdom,20.8,2011,12,December,Wednesday
581034,23203,JUMBO BAG VINTAGE DOILY,10,2011-12-07 10:48:00,2.08,17049,United Kingdom,20.8,2011,12,December,Wednesday
581034,23583,LUNCH BAG PAISLEY PARK,10,2011-12-07 10:48:00,1.65,17049,United Kingdom,16.5,2011,12,December,Wednesday
581034,22578,WOODEN STAR CHRISTMAS SCANDINAVIAN,24,2011-12-07 10:48:00,0.29,17049,United Kingdom,6.959999999999999,2011,12,December,Wednesday
581034,22581,WOOD STOCKING CHRISTMAS SCANDISPOT,24,2011-12-07 10:48:00,0.29,17049,United Kingdom,6.959999999999999,2011,12,December,Wednesday
581034,20726,LUNCH BAG WOODLAND,10,2011-12-07 10:48:00,1.65,17049,United Kingdom,16.5,2011,12,December,Wednesday
581034,22383,LUNCH BAG SUKI DESIGN,10,2011-12-07 10:48:00,1.65,17049,United Kingdom,16.5,2011,12,December,Wednesday
581034,22112,CHOCOLATE HOT WATER BOTTLE,3,2011-12-07 10:48:00,4.95,17049,United Kingdom,14.850000000000001,2011,12,December,Wednesday
581034,22114,HOT WATER BOTTLE TEA AND SYMPATHY,4,2011-12-07 10:48:00,4.25,17049,United Kingdom,17.0,2011,12,December,Wednesday
581034,23356,LOVE HOT WATER BOTTLE,3,2011-12-07 10:48:00,5.95,17049,United Kingdom,17.85,2011,12,December,Wednesday
581034,23499,SET 12 VINTAGE DOILY CHALK,24,2011-12-07 10:48:00,0.42,17049,United Kingdom,10.08,2011,12,December,Wednesday
581034,22507,MEMO BOARD RETROSPOT  DESIGN,4,2011-12-07 10:48:00,4.95,17049,United Kingdom,19.8,2011,12,December,Wednesday
581034,22726,ALARM CLOCK BAKELIKE GREEN,4,2011-12-07 10:48:00,3.75,17049,United Kingdom,15.0,2011,12,December,Wednesday
581034,22727,ALARM CLOCK BAKELIKE RED,4,2011-12-07 10:48:00,3.75,17049,United Kingdom,15.0,2011,12,December,Wednesday
581027,23583,LUNCH BAG PAISLEY PARK,10,2011-12-07 10:43:00,1.65,17091,United Kingdom,16.5,2011,12,December,Wednesday
581027,23581,JUMBO BAG PAISLEY PARK,10,2011-12-07 10:43:00,2.08,17091,United Kingdom,20.8,2011,12,December,Wednesday
581027,23582,VINTAGE DOILY JUMBO BAG RED,10,2011-12-07 10:43:00,2.08,17091,United Kingdom,20.8,2011,12,December,Wednesday
581027,21929,JUMBO BAG PINK VINTAGE PAISLEY,10,2011-12-07 10:43:00,2.08,17091,United Kingdom,20.8,2011,12,December,Wednesday
581027,21928,JUMBO BAG SCANDINAVIAN BLUE PAISLEY,10,2011-12-07 10:43:00,2.08,17091,United Kingdom,20.8,2011,12,December,Wednesday
581027,21931,JUMBO STORAGE BAG SUKI,10,2011-12-07 10:43:00,2.08,17091,United Kingdom,20.8,2011,12,December,Wednesday
581027,22411,JUMBO SHOPPER VINTAGE RED PAISLEY,10,2011-12-07 10:43:00,2.08,17091,United Kingdom,20.8,2011,12,December,Wednesday
581027,22385,JUMBO BAG SPACEBOY DESIGN,10,2011-12-07 10:43:00,2.08,17091,United Kingdom,20.8,2011,12,December,Wednesday
581027,22663,JUMBO BAG DOLLY GIRL DESIGN,10,2011-12-07 10:43:00,2.08,17091,United Kingdom,20.8,2011,12,December,Wednesday
581027,22386,JUMBO BAG PINK POLKADOT,10,2011-12-07 10:43:00,2.08,17091,United Kingdom,20.8,2011,12,December,Wednesday
581027,23199,JUMBO BAG APPLES,10,2011-12-07 10:43:00,2.08,17091,United Kingdom,20.8,2011,12,December,Wednesday
581027,23202,JUMBO BAG VINTAGE LEAF,10,2011-12-07 10:43:00,2.08,17091,United Kingdom,20.8,2011,12,December,Wednesday
581027,23203,JUMBO BAG VINTAGE DOILY,10,2011-12-07 10:43:00,2.08,17091,United Kingdom,20.8,2011,12,December,Wednesday
581027,85099F,JUMBO BAG STRAWBERRY,10,2011-12-07 10:43:00,2.08,17091,United Kingdom,20.8,2011,12,December,Wednesday
581027,85099B,JUMBO BAG RED RETROSPOT,10,2011-12-07 10:43:00,2.08,17091,United Kingdom,20.8,2011,12,December,Wednesday
581027,22112,CHOCOLATE HOT WATER BOTTLE,6,2011-12-07 10:43:00,4.95,17091,United Kingdom,29.700000000000003,2011,12,December,Wednesday
581027,22111,SCOTTIE DOG HOT WATER BOTTLE,6,2011-12-07 10:43:00,4.95,17091,United Kingdom,29.700000000000003,2011,12,December,Wednesday
581027,21485,RETROSPOT HEART HOT WATER BOTTLE,3,2011-12-07 10:43:00,4.95,17091,United Kingdom,14.850000000000001,2011,12,December,Wednesday
581027,22114,HOT WATER BOTTLE TEA AND SYMPATHY,4,2011-12-07 10:43:00,4.25,17091,United Kingdom,17.0,2011,12,December,Wednesday
581027,21479,WHITE SKULL HOT WATER BOTTLE,4,2011-12-07 10:43:00,4.25,17091,United Kingdom,17.0,2011,12,December,Wednesday
581027,23356,LOVE HOT WATER BOTTLE,3,2011-12-07 10:43:00,5.95,17091,United Kingdom,17.85,2011,12,December,Wednesday
581027,84029G,KNITTED UNION FLAG HOT WATER BOTTLE,4,2011-12-07 10:43:00,4.25,17091,United Kingdom,17.0,2011,12,December,Wednesday
581022,23582,VINTAGE DOILY JUMBO BAG RED,10,2011-12-07 10:25:00,2.08,12826,United Kingdom,20.8,2011,12,December,Wednesday
581022,22086,PAPER CHAIN KIT 50'S CHRISTMAS,12,2011-12-07 10:25:00,2.95,12826,United Kingdom,35.400000000000006,2011,12,December,Wednesday
581022,23200,JUMBO BAG PEARS,10,2011-12-07 10:25:00,2.08,12826,United Kingdom,20.8,2011,12,December,Wednesday
581022,21930,JUMBO STORAGE BAG SKULLS,10,2011-12-07 10:25:00,2.08,12826,United Kingdom,20.8,2011,12,December,Wednesday
581022,23344,JUMBO BAG 50'S CHRISTMAS,10,2011-12-07 10:25:00,2.08,12826,United Kingdom,20.8,2011,12,December,Wednesday
581022,20727,LUNCH BAG  BLACK SKULL.,10,2011-12-07 10:25:00,1.65,12826,United Kingdom,16.5,2011,12,December,Wednesday
581022,23574,PACKING CHARGE,1,2011-12-07 10:25:00,7.5,12826,United Kingdom,7.5,2011,12,December,Wednesday
581021,22217,T-LIGHT HOLDER HANGING LACE,12,2011-12-07 10:24:00,0.39,14769,United Kingdom,4.68,2011,12,December,Wednesday
581021,22389,PAPERWEIGHT SAVE THE PLANET,12,2011-12-07 10:24:00,0.39,14769,United Kingdom,4.68,2011,12,December,Wednesday
581021,22393,PAPERWEIGHT VINTAGE COLLAGE,12,2011-12-07 10:24:00,0.39,14769,United Kingdom,4.68,2011,12,December,Wednesday
581021,22464,HANGING METAL HEART LANTERN,12,2011-12-07 10:24:00,0.79,14769,United Kingdom,9.48,2011,12,December,Wednesday
581021,22465,HANGING METAL STAR LANTERN,12,2011-12-07 10:24:00,0.79,14769,United Kingdom,9.48,2011,12,December,Wednesday
581021,22596,CHRISTMAS STAR WISH LIST CHALKBOARD,12,2011-12-07 10:24:00,0.39,14769,United Kingdom,4.68,2011,12,December,Wednesday
581021,22990,COTTON APRON PANTRY DESIGN,12,2011-12-07 10:24:00,1.95,14769,United Kingdom,23.4,2011,12,December,Wednesday
581021,23562,SET OF 6 RIBBONS PERFECTLY PRETTY,6,2011-12-07 10:24:00,2.89,14769,United Kingdom,17.34,2011,12,December,Wednesday
581021,23561,SET OF 6 RIBBONS PARTY,6,2011-12-07 10:24:00,2.89,14769,United Kingdom,17.34,2011,12,December,Wednesday
581021,22961,JAM MAKING SET PRINTED,12,2011-12-07 10:24:00,1.45,14769,United Kingdom,17.4,2011,12,December,Wednesday
581021,22960,JAM MAKING SET WITH JARS,6,2011-12-07 10:24:00,4.25,14769,United Kingdom,25.5,2011,12,December,Wednesday
581021,23031,DRAWER KNOB CRACKLE GLAZE PINK,12,2011-12-07 10:24:00,1.65,14769,United Kingdom,19.799999999999997,2011,12,December,Wednesday
581021,23275,SET OF 3 HANGING OWLS OLLIE BEAK,12,2011-12-07 10:24:00,1.25,14769,United Kingdom,15.0,2011,12,December,Wednesday
581021,22989,SET 2 PANTRY DESIGN TEA TOWELS,6,2011-12-07 10:24:00,3.25,14769,United Kingdom,19.5,2011,12,December,Wednesday
581021,23338,EGG FRYING PAN RED,6,2011-12-07 10:24:00,2.08,14769,United Kingdom,12.48,2011,12,December,Wednesday
581021,23198,PANTRY MAGNETIC  SHOPPING LIST,12,2011-12-07 10:24:00,1.45,14769,United Kingdom,17.4,2011,12,December,Wednesday
581021,23295,SET OF 12 MINI LOAF BAKING CASES,8,2011-12-07 10:24:00,0.83,14769,United Kingdom,6.64,2011,12,December,Wednesday
581021,23293,SET OF 12 FAIRY CAKE BAKING CASES,8,2011-12-07 10:24:00,0.83,14769,United Kingdom,6.64,2011,12,December,Wednesday
581021,23296,SET OF 6 TEA TIME BAKING CASES,8,2011-12-07 10:24:00,1.25,14769,United Kingdom,10.0,2011,12,December,Wednesday
581021,23184,BULL DOG BOTTLE OPENER,4,2011-12-07 10:24:00,4.95,14769,United Kingdom,19.8,2011,12,December,Wednesday
581021,22722,SET OF 6 SPICE TINS PANTRY DESIGN,4,2011-12-07 10:24:00,3.95,14769,United Kingdom,15.8,2011,12,December,Wednesday
581021,22890,NOVELTY BISCUITS CAKE STAND 3 TIER,2,2011-12-07 10:24:00,9.95,14769,United Kingdom,19.9,2011,12,December,Wednesday
581021,22423,REGENCY CAKESTAND 3 TIER,2,2011-12-07 10:24:00,12.75,14769,United Kingdom,25.5,2011,12,December,Wednesday
581021,22138,BAKING SET 9 PIECE RETROSPOT,3,2011-12-07 10:24:00,4.95,14769,United Kingdom,14.850000000000001,2011,12,December,Wednesday
581020,23579,SNACK TRAY I LOVE LONDON,48,2011-12-07 10:12:00,1.65,17511,United Kingdom,79.19999999999999,2011,12,December,Wednesday
581020,23576,SNACK TRAY RED VINTAGE DOILY,48,2011-12-07 10:12:00,1.65,17511,United Kingdom,79.19999999999999,2011,12,December,Wednesday
581020,23695,DOILY THANK YOU CARD,72,2011-12-07 10:12:00,0.36,17511,United Kingdom,25.919999999999998,2011,12,December,Wednesday
581020,22314,OFFICE MUG WARMER CHOC+BLUE,24,2011-12-07 10:12:00,1.25,17511,United Kingdom,30.0,2011,12,December,Wednesday
581020,23312,VINTAGE CHRISTMAS GIFT SACK,24,2011-12-07 10:12:00,4.15,17511,United Kingdom,99.60000000000001,2011,12,December,Wednesday
581020,23311,VINTAGE CHRISTMAS STOCKING,24,2011-12-07 10:12:00,2.55,17511,United Kingdom,61.199999999999996,2011,12,December,Wednesday
581020,23313,VINTAGE CHRISTMAS BUNTING,50,2011-12-07 10:12:00,4.15,17511,United Kingdom,207.50000000000003,2011,12,December,Wednesday
581020,22910,PAPER CHAIN KIT VINTAGE CHRISTMAS,120,2011-12-07 10:12:00,2.55,17511,United Kingdom,306.0,2011,12,December,Wednesday
581020,22086,PAPER CHAIN KIT 50'S CHRISTMAS,120,2011-12-07 10:12:00,2.55,17511,United Kingdom,306.0,2011,12,December,Wednesday
581020,23247,BISCUIT TIN 50'S CHRISTMAS,36,2011-12-07 10:12:00,2.49,17511,United Kingdom,89.64000000000001,2011,12,December,Wednesday
581020,22578,WOODEN STAR CHRISTMAS SCANDINAVIAN,240,2011-12-07 10:12:00,0.29,17511,United Kingdom,69.6,2011,12,December,Wednesday
581020,20668,DISCO BALL CHRISTMAS DECORATION,576,2011-12-07 10:12:00,0.1,17511,United Kingdom,57.6,2011,12,December,Wednesday
581020,23082,SET 6 PAPER TABLE LANTERN HEARTS,48,2011-12-07 10:12:00,3.29,17511,United Kingdom,157.92000000000002,2011,12,December,Wednesday
581020,23109,PACK OF SIX LED TEA LIGHTS,96,2011-12-07 10:12:00,2.49,17511,United Kingdom,239.04000000000002,2011,12,December,Wednesday
581020,84879,ASSORTED COLOUR BIRD ORNAMENT,160,2011-12-07 10:12:00,1.45,17511,United Kingdom,232.0,2011,12,December,Wednesday
581020,82484,WOOD BLACK BOARD ANT WHITE FINISH,24,2011-12-07 10:12:00,6.75,17511,United Kingdom,162.0,2011,12,December,Wednesday
581020,22169,FAMILY ALBUM WHITE PICTURE FRAME,16,2011-12-07 10:12:00,7.65,17511,United Kingdom,122.4,2011,12,December,Wednesday
581020,22170,PICTURE FRAME WOOD TRIPLE PORTRAIT,24,2011-12-07 10:12:00,5.95,17511,United Kingdom,142.8,2011,12,December,Wednesday
581020,22768,FAMILY PHOTO FRAME CORNICE,16,2011-12-07 10:12:00,8.5,17511,United Kingdom,136.0,2011,12,December,Wednesday
581020,85123A,WHITE HANGING HEART T-LIGHT HOLDER,64,2011-12-07 10:12:00,2.55,17511,United Kingdom,163.2,2011,12,December,Wednesday
581020,21242,RED RETROSPOT PLATE,96,2011-12-07 10:12:00,1.45,17511,United Kingdom,139.2,2011,12,December,Wednesday
581020,21245,GREEN POLKADOT PLATE,96,2011-12-07 10:12:00,1.45,17511,United Kingdom,139.2,2011,12,December,Wednesday
581020,20677,PINK POLKADOT BOWL,72,2011-12-07 10:12:00,1.06,17511,United Kingdom,76.32000000000001,2011,12,December,Wednesday
581020,23240,SET OF 4 KNICK KNACK TINS DOILY,48,2011-12-07 10:12:00,3.75,17511,United Kingdom,180.0,2011,12,December,Wednesday
581020,23192,BUNDLE OF 3 ALPHABET EXERCISE BOOKS,48,2011-12-07 10:12:00,1.45,17511,United Kingdom,69.6,2011,12,December,Wednesday
581020,22906,12 MESSAGE CARDS WITH ENVELOPES,60,2011-12-07 10:12:00,1.45,17511,United Kingdom,87.0,2011,12,December,Wednesday
581020,23229,VINTAGE DONKEY TAIL GAME,36,2011-12-07 10:12:00,3.39,17511,United Kingdom,122.04,2011,12,December,Wednesday
581020,23242,TREASURE TIN BUFFALO BILL,48,2011-12-07 10:12:00,1.85,17511,United Kingdom,88.80000000000001,2011,12,December,Wednesday
581020,22197,POPCORN HOLDER,100,2011-12-07 10:12:00,0.72,17511,United Kingdom,72.0,2011,12,December,Wednesday
581020,23501,KEY RING BASEBALL BOOT UNION JACK,100,2011-12-07 10:12:00,1.04,17511,United Kingdom,104.0,2011,12,December,Wednesday
581020,23238,SET OF 4 KNICK KNACK TINS LONDON,48,2011-12-07 10:12:00,3.75,17511,United Kingdom,180.0,2011,12,December,Wednesday
581020,23300,GARDENERS KNEELING PAD CUP OF TEA,48,2011-12-07 10:12:00,1.45,17511,United Kingdom,69.6,2011,12,December,Wednesday
581020,23301,GARDENERS KNEELING PAD KEEP CALM,48,2011-12-07 10:12:00,1.45,17511,United Kingdom,69.6,2011,12,December,Wednesday
581020,22706,WRAP COWBOYS,25,2011-12-07 10:12:00,0.42,17511,United Kingdom,10.5,2011,12,December,Wednesday
581020,23366,SET 12 COLOURING PENCILS DOILY,48,2011-12-07 10:12:00,0.65,17511,United Kingdom,31.200000000000003,2011,12,December,Wednesday
581020,22338,STAR DECORATION PAINTED ZINC,144,2011-12-07 10:12:00,0.19,17511,United Kingdom,27.36,2011,12,December,Wednesday
581020,21928,JUMBO BAG SCANDINAVIAN BLUE PAISLEY,100,2011-12-07 10:12:00,1.79,17511,United Kingdom,179.0,2011,12,December,Wednesday
581020,23203,JUMBO BAG VINTAGE DOILY,100,2011-12-07 10:12:00,1.79,17511,United Kingdom,179.0,2011,12,December,Wednesday
581020,23582,VINTAGE DOILY JUMBO BAG RED,100,2011-12-07 10:12:00,1.79,17511,United Kingdom,179.0,2011,12,December,Wednesday
581020,23344,JUMBO BAG 50'S CHRISTMAS,100,2011-12-07 10:12:00,1.79,17511,United Kingdom,179.0,2011,12,December,Wednesday
581019,79321,CHILLI LIGHTS,8,2011-12-07 10:11:00,5.75,14794,United Kingdom,46.0,2011,12,December,Wednesday
581019,84251G,"GREETING CARD, OVERCROWDED POOL.",12,2011-12-07 10:11:00,0.19,14794,United Kingdom,2.2800000000000002,2011,12,December,Wednesday
581019,22815,CARD PSYCHEDELIC APPLES,12,2011-12-07 10:11:00,0.42,14794,United Kingdom,5.04,2011,12,December,Wednesday
581019,23245,SET OF 3 REGENCY CAKE TINS,4,2011-12-07 10:11:00,4.95,14794,United Kingdom,19.8,2011,12,December,Wednesday
581019,84926D,LA PALMIERA TILE COASTER,24,2011-12-07 10:11:00,0.29,14794,United Kingdom,6.959999999999999,2011,12,December,Wednesday
581019,79051A,SMOKEY GREY COLOUR GLASS,24,2011-12-07 10:11:00,0.29,14794,United Kingdom,6.959999999999999,2011,12,December,Wednesday
581019,23697,A PRETTY THANK YOU CARD,12,2011-12-07 10:11:00,0.42,14794,United Kingdom,5.04,2011,12,December,Wednesday
581019,84927F,PSYCHEDELIC TILE HOOK,12,2011-12-07 10:11:00,0.39,14794,United Kingdom,4.68,2011,12,December,Wednesday
581019,21463,MIRRORED DISCO BALL,2,2011-12-07 10:11:00,5.95,14794,United Kingdom,11.9,2011,12,December,Wednesday
581019,23202,JUMBO BAG VINTAGE LEAF,10,2011-12-07 10:11:00,2.08,14794,United Kingdom,20.8,2011,12,December,Wednesday
581019,23344,JUMBO BAG 50'S CHRISTMAS,10,2011-12-07 10:11:00,2.08,14794,United Kingdom,20.8,2011,12,December,Wednesday
581019,22174,PHOTO CUBE,24,2011-12-07 10:11:00,1.65,14794,United Kingdom,39.599999999999994,2011,12,December,Wednesday
581019,22725,ALARM CLOCK BAKELIKE CHOCOLATE,4,2011-12-07 10:11:00,3.75,14794,United Kingdom,15.0,2011,12,December,Wednesday
581018,22560,TRADITIONAL MODELLING CLAY,24,2011-12-07 10:09:00,1.25,13743,United Kingdom,30.0,2011,12,December,Wednesday
581018,23188,VINTAGE  2 METRE FOLDING RULER,12,2011-12-07 10:09:00,1.65,13743,United Kingdom,19.799999999999997,2011,12,December,Wednesday
581018,22493,PAINT YOUR OWN CANVAS SET,24,2011-12-07 10:09:00,1.65,13743,United Kingdom,39.599999999999994,2011,12,December,Wednesday
581018,22561,WOODEN SCHOOL COLOURING SET,24,2011-12-07 10:09:00,1.65,13743,United Kingdom,39.599999999999994,2011,12,December,Wednesday
581018,21891,TRADITIONAL WOODEN SKIPPING ROPE,24,2011-12-07 10:09:00,1.45,13743,United Kingdom,34.8,2011,12,December,Wednesday
581018,22492,MINI PAINT SET VINTAGE,108,2011-12-07 10:09:00,0.65,13743,United Kingdom,70.2,2011,12,December,Wednesday
581018,84077,WORLD WAR 2 GLIDERS ASSTD DESIGNS,144,2011-12-07 10:09:00,0.29,13743,United Kingdom,41.76,2011,12,December,Wednesday
581017,23338,EGG FRYING PAN RED,6,2011-12-07 10:06:00,2.08,14910,United Kingdom,12.48,2011,12,December,Wednesday
581017,85034C,3 ROSE MORRIS BOXED CANDLES,12,2011-12-07 10:06:00,1.25,14910,United Kingdom,15.0,2011,12,December,Wednesday
581017,22185,SLATE TILE NATURAL HANGING,12,2011-12-07 10:06:00,0.79,14910,United Kingdom,9.48,2011,12,December,Wednesday
581017,23335,EGG FRYING PAN IVORY,6,2011-12-07 10:06:00,2.08,14910,United Kingdom,12.48,2011,12,December,Wednesday
581017,22217,T-LIGHT HOLDER HANGING LACE,24,2011-12-07 10:06:00,0.39,14910,United Kingdom,9.36,2011,12,December,Wednesday
581017,21411,GINGHAM HEART  DOORSTOP RED,8,2011-12-07 10:06:00,1.95,14910,United Kingdom,15.6,2011,12,December,Wednesday
581017,23583,LUNCH BAG PAISLEY PARK,10,2011-12-07 10:06:00,1.65,14910,United Kingdom,16.5,2011,12,December,Wednesday
581017,22776,SWEETHEART 3 TIER CAKE STAND,2,2011-12-07 10:06:00,9.95,14910,United Kingdom,19.9,2011,12,December,Wednesday
581016,22720,SET OF 3 CAKE TINS PANTRY DESIGN,3,2011-12-07 09:53:00,4.95,14141,United Kingdom,14.850000000000001,2011,12,December,Wednesday
581016,21181,PLEASE ONE PERSON METAL SIGN,24,2011-12-07 09:53:00,2.1,14141,United Kingdom,50.400000000000006,2011,12,December,Wednesday
581016,21174,POTTERING IN THE SHED METAL SIGN,12,2011-12-07 09:53:00,2.08,14141,United Kingdom,24.96,2011,12,December,Wednesday
581016,23426,METAL SIGN DROP YOUR PANTS,6,2011-12-07 09:53:00,2.89,14141,United Kingdom,17.34,2011,12,December,Wednesday
581016,23530,WALL ART ONLY ONE PERSON,6,2011-12-07 09:53:00,4.95,14141,United Kingdom,29.700000000000003,2011,12,December,Wednesday
581016,23321,SMALL WHITE HEART OF WICKER,12,2011-12-07 09:53:00,1.65,14141,United Kingdom,19.799999999999997,2011,12,December,Wednesday
581016,23243,SET OF TEA COFFEE SUGAR TINS PANTRY,4,2011-12-07 09:53:00,4.95,14141,United Kingdom,19.8,2011,12,December,Wednesday
581016,22112,CHOCOLATE HOT WATER BOTTLE,3,2011-12-07 09:53:00,4.95,14141,United Kingdom,14.850000000000001,2011,12,December,Wednesday
581016,21485,RETROSPOT HEART HOT WATER BOTTLE,3,2011-12-07 09:53:00,4.95,14141,United Kingdom,14.850000000000001,2011,12,December,Wednesday
581016,23355,HOT WATER BOTTLE KEEP CALM,4,2011-12-07 09:53:00,4.95,14141,United Kingdom,19.8,2011,12,December,Wednesday
581015,21115,ROSE CARAVAN DOORSTOP,8,2011-12-07 09:35:00,1.95,13949,United Kingdom,15.6,2011,12,December,Wednesday
581015,21285,RETROSPOT CANDLE  MEDIUM,24,2011-12-07 09:35:00,0.39,13949,United Kingdom,9.36,2011,12,December,Wednesday
581015,21411,GINGHAM HEART  DOORSTOP RED,8,2011-12-07 09:35:00,1.95,13949,United Kingdom,15.6,2011,12,December,Wednesday
581015,21592,RETROSPOT CIGAR BOX MATCHES,24,2011-12-07 09:35:00,0.39,13949,United Kingdom,9.36,2011,12,December,Wednesday
581015,22072,RED RETROSPOT TEA CUP AND SAUCER,12,2011-12-07 09:35:00,1.25,13949,United Kingdom,15.0,2011,12,December,Wednesday
581015,22199,FRYING PAN RED RETROSPOT,12,2011-12-07 09:35:00,1.25,13949,United Kingdom,15.0,2011,12,December,Wednesday
581015,22203,MILK PAN RED RETROSPOT,12,2011-12-07 09:35:00,1.25,13949,United Kingdom,15.0,2011,12,December,Wednesday
581015,22204,MILK PAN BLUE POLKADOT,12,2011-12-07 09:35:00,1.25,13949,United Kingdom,15.0,2011,12,December,Wednesday
581015,22200,FRYING PAN PINK POLKADOT,12,2011-12-07 09:35:00,1.25,13949,United Kingdom,15.0,2011,12,December,Wednesday
581015,22201,FRYING PAN BLUE POLKADOT,12,2011-12-07 09:35:00,1.25,13949,United Kingdom,15.0,2011,12,December,Wednesday
581015,22215,CAKE STAND WHITE TWO TIER LACE,12,2011-12-07 09:35:00,2.95,13949,United Kingdom,35.400000000000006,2011,12,December,Wednesday
581015,22221,CAKE STAND LOVEBIRD 2 TIER PINK,6,2011-12-07 09:35:00,2.95,13949,United Kingdom,17.700000000000003,2011,12,December,Wednesday
581015,22723,SET OF 6 HERB TINS SKETCHBOOK,12,2011-12-07 09:35:00,1.25,13949,United Kingdom,15.0,2011,12,December,Wednesday
581015,22915,ASSORTED BOTTLE TOP  MAGNETS,24,2011-12-07 09:35:00,0.19,13949,United Kingdom,4.5600000000000005,2011,12,December,Wednesday
581015,23416,CHAMBRE HOOK,12,2011-12-07 09:35:00,0.39,13949,United Kingdom,4.68,2011,12,December,Wednesday
581015,23417,BATHROOM HOOK,12,2011-12-07 09:35:00,0.39,13949,United Kingdom,4.68,2011,12,December,Wednesday
581015,22299,PIG KEYRING WITH LIGHT & SOUND,48,2011-12-07 09:35:00,0.39,13949,United Kingdom,18.72,2011,12,December,Wednesday
581015,22344,PARTY PIZZA DISH PINK POLKADOT,24,2011-12-07 09:35:00,0.19,13949,United Kingdom,4.5600000000000005,2011,12,December,Wednesday
581015,22346,PARTY PIZZA DISH GREEN POLKADOT,24,2011-12-07 09:35:00,0.19,13949,United Kingdom,4.5600000000000005,2011,12,December,Wednesday
581015,22345,PARTY PIZZA DISH BLUE POLKADOT,24,2011-12-07 09:35:00,0.19,13949,United Kingdom,4.5600000000000005,2011,12,December,Wednesday
581015,22343,PARTY PIZZA DISH RED RETROSPOT,24,2011-12-07 09:35:00,0.19,13949,United Kingdom,4.5600000000000005,2011,12,December,Wednesday
581015,22756,LARGE YELLOW BABUSHKA NOTEBOOK,12,2011-12-07 09:35:00,0.39,13949,United Kingdom,4.68,2011,12,December,Wednesday
